municipality_id,alias,alias_type,valid_from,valid_to,notes
001001,Agliè,current_name,,2021-12-31,ISTAT geometry 2021
001001,Ciconio,historical_name,,1927-01-12,ISTAT SITUAS report 105
001001,Ozegna,historical_name,,1927-01-12,ISTAT SITUAS report 105
001002,Airasca,current_name,,2021-12-31,ISTAT geometry 2021
001003,Ala,historical_name,,1864-03-11,ISTAT SITUAS report 104
001003,Ala di Stura,current_name,,2021-12-31,ISTAT geometry 2021
001004,Albiano,historical_name,,1863-02-04,ISTAT SITUAS report 104
001004,Albiano d'Ivrea,current_name,,2021-12-31,ISTAT geometry 2021
001006,Almese,current_name,,2021-12-31,ISTAT geometry 2021
001006,Villar Almese,historical_name,,1885-02-01,ISTAT SITUAS report 104
001006,Villar Dora,historical_name,,1885-02-01,ISTAT SITUAS report 104
001007,Alpette,current_name,,2021-12-31,ISTAT geometry 2021
001008,Alpignano,current_name,,2021-12-31,ISTAT geometry 2021
001009,Andezeno,current_name,,2021-12-31,ISTAT geometry 2021
001010,Andrate,current_name,,2021-12-31,ISTAT geometry 2021
001010,Nomaglio,historical_name,,1894-02-01,ISTAT SITUAS report 103
001011,Angrogna,current_name,,2021-12-31,ISTAT geometry 2021
001012,Arignano,current_name,,2021-12-31,ISTAT geometry 2021
001012,Mombello,historical_name,,1863-02-04,ISTAT SITUAS report 104
001012,Mombello di Torino,historical_name,,1863-02-04,ISTAT SITUAS report 104
001013,Avigliana,current_name,,2021-12-31,ISTAT geometry 2021
001014,Azeglio,current_name,,2021-12-31,ISTAT geometry 2021
001014,Settimo Rottaro,historical_name,,1927-01-12,ISTAT SITUAS report 105
001015,Bairo,current_name,,2021-12-31,ISTAT geometry 2021
001016,Balangero,current_name,,2021-12-31,ISTAT geometry 2021
001017,Baldissero Canavese,current_name,,2021-12-31,ISTAT geometry 2021
001018,Baldissero,historical_name,,1863-02-04,ISTAT SITUAS report 104
001018,Baldissero Torinese,current_name,,2021-12-31,ISTAT geometry 2021
001019,Balme,current_name,,2021-12-31,ISTAT geometry 2021
001020,Banchette,current_name,,2021-12-31,ISTAT geometry 2021
001021,Barbania,current_name,,2021-12-31,ISTAT geometry 2021
001022,Bardonecchia,current_name,,2021-12-31,ISTAT geometry 2021
001023,Barone Canavese,current_name,,2021-12-31,ISTAT geometry 2021
001024,Beinasco,current_name,,2021-12-31,ISTAT geometry 2021
001025,Bibiana,current_name,,2021-12-31,ISTAT geometry 2021
001026,Bobbio Pellice,current_name,,2021-12-31,ISTAT geometry 2021
001027,Bollengo,current_name,,2021-12-31,ISTAT geometry 2021
001027,Burolo,historical_name,,1927-01-12,ISTAT SITUAS report 105
001028,Borgaro Torinese,current_name,,2021-12-31,ISTAT geometry 2021
001029,Borgiallo,current_name,,2021-12-31,ISTAT geometry 2021
001030,Baio,historical_name,,1917-09-18,ISTAT SITUAS report 104
001030,Baio Dora,historical_name,,1917-09-18,ISTAT SITUAS report 104
001030,Borgofranco,historical_name,,1863-02-04,ISTAT SITUAS report 104
001030,Borgofranco d'Ivrea,current_name,,2021-12-31,ISTAT geometry 2021
001030,Quassolo,historical_name,,1927-01-12,ISTAT SITUAS report 105
001031,Borgomasino,current_name,,2021-12-31,ISTAT geometry 2021
001031,Maglione,historical_name,,1927-01-12,ISTAT SITUAS report 105
001032,Borgone,historical_name,,1863-02-04,ISTAT SITUAS report 104
001032,Borgone Susa,current_name,,2021-12-31,ISTAT geometry 2021
001033,Bosconero,current_name,,2021-12-31,ISTAT geometry 2021
001034,Brandizzo,current_name,,2021-12-31,ISTAT geometry 2021
001035,Bricherasio,current_name,,2021-12-31,ISTAT geometry 2021
001036,Brosso,current_name,,2021-12-31,ISTAT geometry 2021
001037,Brozolo,current_name,,2021-12-31,ISTAT geometry 2021
001038,Bruino,current_name,,2021-12-31,ISTAT geometry 2021
001039,Brusasco,current_name,,2021-12-31,ISTAT geometry 2021
001039,BRUSASCO CAVAGNOLO,historical_name,1928-04-03,1947-03-29,ANPR historical archive
001039,Brussasco,historical_name,,1928-04-03,ISTAT SITUAS report 104
001040,Bruzolo,current_name,,2021-12-31,ISTAT geometry 2021
001041,Buriasco,current_name,,2021-12-31,ISTAT geometry 2021
001042,Burolo,current_name,,2021-12-31,ISTAT geometry 2021
001043,Busano,current_name,,2021-12-31,ISTAT geometry 2021
001044,Bussoleno,current_name,,2021-12-31,ISTAT geometry 2021
001044,Foresto,historical_name,,1864-03-11,ISTAT SITUAS report 104
001044,Foresto di Susa,historical_name,,1864-03-11,ISTAT SITUAS report 104
001045,Buttigliera,historical_name,,1863-02-04,ISTAT SITUAS report 104
001045,Buttigliera Alta,current_name,,2021-12-31,ISTAT geometry 2021
001046,Cafasse,current_name,,2021-12-31,ISTAT geometry 2021
001046,Monasterolo,historical_name,,1863-02-04,ISTAT SITUAS report 104
001046,Monasterolo Torinese,historical_name,,1863-02-04,ISTAT SITUAS report 104
001047,Caluso,current_name,,2021-12-31,ISTAT geometry 2021
001048,Cambiano,current_name,,2021-12-31,ISTAT geometry 2021
001049,Campiglione,historical_name,,1927-10-21,ISTAT SITUAS report 103
001049,Campiglione Fenile,current_name,,2021-12-31,ISTAT geometry 2021
001050,Candia,historical_name,,1863-02-04,ISTAT SITUAS report 104
001050,Candia Canavese,current_name,,2021-12-31,ISTAT geometry 2021
001051,Candiolo,current_name,,2021-12-31,ISTAT geometry 2021
001052,Canischio,current_name,,2021-12-31,ISTAT geometry 2021
001053,Cantalupa,current_name,,2021-12-31,ISTAT geometry 2021
001054,Cantoira,current_name,,2021-12-31,ISTAT geometry 2021
001055,Caprie,current_name,,2021-12-31,ISTAT geometry 2021
001055,Chiavrie,historical_name,,1937-06-16,ISTAT SITUAS report 104
001056,Caravino,current_name,,2021-12-31,ISTAT geometry 2021
001056,Cossano,historical_name,,1864-04-01,ISTAT SITUAS report 104
001056,Cossano Canavese,historical_name,,1864-04-01,ISTAT SITUAS report 104
001056,MASINO,historical_name,1945-10-05,1947-01-14,ANPR historical archive
001057,Carema,current_name,,2021-12-31,ISTAT geometry 2021
001057,Quincinetto,historical_name,,1927-01-12,ISTAT SITUAS report 105
001058,Carignano,current_name,,2021-12-31,ISTAT geometry 2021
001059,Carmagnola,current_name,,2021-12-31,ISTAT geometry 2021
001060,Casalborgone,current_name,,2021-12-31,ISTAT geometry 2021
001061,Cascinette d'Ivrea,current_name,,2021-12-31,ISTAT geometry 2021
001062,Caselette,current_name,,2021-12-31,ISTAT geometry 2021
001063,Caselle,historical_name,,1863-02-04,ISTAT SITUAS report 104
001063,Caselle Torinese,current_name,,2021-12-31,ISTAT geometry 2021
001064,Castagneto,historical_name,,1896-01-01,ISTAT SITUAS report 103
001064,Castagneto Po,current_name,,2021-12-31,ISTAT geometry 2021
001065,Castagnole,historical_name,,1864-04-01,ISTAT SITUAS report 104
001065,Castagnole Piemonte,current_name,,2021-12-31,ISTAT geometry 2021
001066,Baldissero,historical_name,,1863-02-04,ISTAT SITUAS report 104
001066,Baldissero Canavese,historical_name,,1863-02-04,ISTAT SITUAS report 104
001066,Campo,historical_name,,1863-02-04,ISTAT SITUAS report 104
001066,Campo Canavese,historical_name,,1863-02-04,ISTAT SITUAS report 104
001066,Castellamonte,current_name,,2021-12-31,ISTAT geometry 2021
001066,Muriaglio,historical_name,,1927-01-12,ISTAT SITUAS report 105
001067,Castelnuovo Nigra,current_name,,2021-12-31,ISTAT geometry 2021
001067,Cintano,historical_name,,1927-01-12,ISTAT SITUAS report 105
001067,Sale Castelnuovo,historical_name,,1927-01-12,ISTAT SITUAS report 105
001067,Villa Castelnuovo,historical_name,,1927-01-12,ISTAT SITUAS report 105
001068,Castiglione Torinese,current_name,,2021-12-31,ISTAT geometry 2021
001069,Cavagnolo,current_name,,2021-12-31,ISTAT geometry 2021
001070,Cavour,current_name,,2021-12-31,ISTAT geometry 2021
001071,Cercenasco,current_name,,2021-12-31,ISTAT geometry 2021
001072,CERE,historical_name,1938-10-06,1947-12-02,ANPR historical archive
001072,Ceres,current_name,,2021-12-31,ISTAT geometry 2021
001073,Ceresole,historical_name,,1863-02-04,ISTAT SITUAS report 104
001073,Ceresole Reale,current_name,,2021-12-31,ISTAT geometry 2021
001073,Noasca,historical_name,,1927-01-12,ISTAT SITUAS report 105
001074,Bousson,historical_name,,1870-07-01,ISTAT SITUAS report 103
001074,Cesana,historical_name,,1863-02-04,ISTAT SITUAS report 104
001074,Cesana Torinese,current_name,,2021-12-31,ISTAT geometry 2021
001074,Sauze di Cesana,historical_name,,1882-08-01,ISTAT SITUAS report 103
001075,Chialamberto,current_name,,2021-12-31,ISTAT geometry 2021
001076,Chianoc,historical_name,,1937-06-16,ISTAT SITUAS report 104
001076,Chianocco,current_name,,2021-12-31,ISTAT geometry 2021
001077,Chiaverano,current_name,,2021-12-31,ISTAT geometry 2021
001078,Chieri,current_name,,2021-12-31,ISTAT geometry 2021
001079,Chiesanuova,current_name,,2021-12-31,ISTAT geometry 2021
001080,Chiomonte,current_name,,2021-12-31,ISTAT geometry 2021
001081,Chiusa,historical_name,,1863-02-04,ISTAT SITUAS report 104
001081,Chiusa di San Michele,current_name,,2021-12-31,ISTAT geometry 2021
001082,Chivasso,current_name,,2021-12-31,ISTAT geometry 2021
001083,Ciconio,current_name,,2021-12-31,ISTAT geometry 2021
001084,Cintano,current_name,,2021-12-31,ISTAT geometry 2021
001085,Cinzano,current_name,,2021-12-31,ISTAT geometry 2021
001086,Ciriè,current_name,,2021-12-31,ISTAT geometry 2021
001086,San Carlo,historical_name,,1863-02-04,ISTAT SITUAS report 104
001086,San Carlo Canavese,historical_name,,1903-04-25,ISTAT SITUAS report 104
001086,San Carlo di Ciriè,historical_name,,1863-02-04,ISTAT SITUAS report 104
001087,Claviere,current_name,,2021-12-31,ISTAT geometry 2021
001087,Clavieres,historical_name,,1937-06-16,ISTAT SITUAS report 104
001088,Coassolo,historical_name,,1863-09-20,ISTAT SITUAS report 104
001088,Coassolo Torinese,current_name,,2021-12-31,ISTAT geometry 2021
001089,Coazze,current_name,,2021-12-31,ISTAT geometry 2021
001090,Collegno,current_name,,2021-12-31,ISTAT geometry 2021
001091,Colleretto Castelnuovo,current_name,,2021-12-31,ISTAT geometry 2021
001092,Colleretto Giacosa,current_name,,2021-12-31,ISTAT geometry 2021
001092,COLLERETTO PARELLA,historical_name,1947-10-11,1953-06-20,ANPR historical archive
001093,Condove,current_name,,2021-12-31,ISTAT geometry 2021
001094,Corio,current_name,,2021-12-31,ISTAT geometry 2021
001095,Cossano Canavese,current_name,,2021-12-31,ISTAT geometry 2021
001096,Cuceglio,current_name,,2021-12-31,ISTAT geometry 2021
001097,Cumiana,current_name,,2021-12-31,ISTAT geometry 2021
001097,Oliva,historical_name,,1863-02-21,ISTAT SITUAS report 104
001097,Tavernette,historical_name,,1863-02-21,ISTAT SITUAS report 104
001098,Borgiallo,historical_name,,1927-01-12,ISTAT SITUAS report 105
001098,Canischio,historical_name,,1927-01-12,ISTAT SITUAS report 105
001098,Chiesanuova,historical_name,,1927-01-12,ISTAT SITUAS report 105
001098,Colleretto Castelnuovo,historical_name,,1927-01-12,ISTAT SITUAS report 105
001098,Cuorgnè,current_name,,2021-12-31,ISTAT geometry 2021
001098,Prascorsano,historical_name,,1927-01-12,ISTAT SITUAS report 105
001098,Priacco,historical_name,,1927-01-12,ISTAT SITUAS report 105
001098,Salto,historical_name,,1927-01-12,ISTAT SITUAS report 105
001098,San Colombano,historical_name,,1863-02-04,ISTAT SITUAS report 104
001098,San Colombano Belmonte,historical_name,,1863-02-04,ISTAT SITUAS report 104
001099,Druent,historical_name,,1937-06-16,ISTAT SITUAS report 104
001099,Druento,current_name,,2021-12-31,ISTAT geometry 2021
001100,ESILLE,historical_name,1937-06-16,1953-07-15,ANPR historical archive
001100,Exilles,current_name,,2021-12-31,ISTAT geometry 2021
001101,Favria,current_name,,2021-12-31,ISTAT geometry 2021
001102,Feletto,current_name,,2021-12-31,ISTAT geometry 2021
001103,Fenestrelle,current_name,,2021-12-31,ISTAT geometry 2021
001104,Fiano,current_name,,2021-12-31,ISTAT geometry 2021
001104,Vallo,historical_name,,1863-02-04,ISTAT SITUAS report 104
001104,Vallo Torinese,historical_name,,1863-02-04,ISTAT SITUAS report 104
001104,Varisella,historical_name,,1871-01-01,ISTAT SITUAS report 103
001105,Fiorano,historical_name,,1863-02-04,ISTAT SITUAS report 104
001105,Fiorano Canavese,current_name,,2021-12-31,ISTAT geometry 2021
001106,Foglizzo,current_name,,2021-12-31,ISTAT geometry 2021
001107,Forno Canavese,current_name,,2021-12-31,ISTAT geometry 2021
001107,Forno di Rivara,historical_name,,1896-07-01,ISTAT SITUAS report 103
001108,Frassinetto,current_name,,2021-12-31,ISTAT geometry 2021
001109,Front,current_name,,2021-12-31,ISTAT geometry 2021
001110,Frossasco,current_name,,2021-12-31,ISTAT geometry 2021
001111,Garzigliana,current_name,,2021-12-31,ISTAT geometry 2021
001112,Bussolino,historical_name,,1864-12-07,ISTAT SITUAS report 104
001112,Bussolino Gassinese,historical_name,,1864-12-07,ISTAT SITUAS report 104
001112,Castiglione,historical_name,,1863-02-04,ISTAT SITUAS report 104
001112,Castiglione Torinese,historical_name,,1863-02-04,ISTAT SITUAS report 104
001112,Gassino,historical_name,,1928-07-29,ISTAT SITUAS report 98
001112,Gassino Torinese,current_name,,2021-12-31,ISTAT geometry 2021
001113,Germagnano,current_name,,2021-12-31,ISTAT geometry 2021
001114,Giaglione,current_name,,2021-12-31,ISTAT geometry 2021
001115,Giaveno,current_name,,2021-12-31,ISTAT geometry 2021
001116,Givoletto,current_name,,2021-12-31,ISTAT geometry 2021
001117,Gravere,current_name,,2021-12-31,ISTAT geometry 2021
001118,Forno Alpi Graje,historical_name,,1873-05-12,ISTAT SITUAS report 104
001118,Forno Groscavallo,historical_name,,1873-05-12,ISTAT SITUAS report 104
001118,Groscavallo,current_name,,2021-12-31,ISTAT geometry 2021
001119,Grosso,current_name,,2021-12-31,ISTAT geometry 2021
001120,Grugliasco,current_name,,2021-12-31,ISTAT geometry 2021
001121,Ingria,current_name,,2021-12-31,ISTAT geometry 2021
001122,Inverso Pinasca,current_name,,2021-12-31,ISTAT geometry 2021
001123,Isolabella,current_name,,2021-12-31,ISTAT geometry 2021
001124,Issiglio,current_name,,2021-12-31,ISTAT geometry 2021
001125,Ivrea,current_name,,2021-12-31,ISTAT geometry 2021
001126,La Cassa,current_name,,2021-12-31,ISTAT geometry 2021
001127,La Loggia,current_name,,2021-12-31,ISTAT geometry 2021
001128,Lanzo,historical_name,,1863-02-04,ISTAT SITUAS report 104
001128,Lanzo Torinese,current_name,,2021-12-31,ISTAT geometry 2021
001129,Lauriano,current_name,,2021-12-31,ISTAT geometry 2021
001130,Leini,current_name,,2021-12-31,ISTAT geometry 2021
001130,Leyni,historical_name,,1939-07-21,ISTAT SITUAS report 104
001131,Lemie,current_name,,2021-12-31,ISTAT geometry 2021
001132,Lessolo,current_name,,2021-12-31,ISTAT geometry 2021
001133,Levone,current_name,,2021-12-31,ISTAT geometry 2021
001134,Locana,current_name,,2021-12-31,ISTAT geometry 2021
001135,Lombardore,current_name,,2021-12-31,ISTAT geometry 2021
001136,Lombriasco,current_name,,2021-12-31,ISTAT geometry 2021
001137,Loranzè,current_name,,2021-12-31,ISTAT geometry 2021
001139,Luserna San Giovanni,current_name,,2021-12-31,ISTAT geometry 2021
001139,San Giovanni,historical_name,,1863-02-21,ISTAT SITUAS report 104
001139,San Giovanni Pellice,historical_name,,1863-02-21,ISTAT SITUAS report 104
001140,Lusernetta,current_name,,2021-12-31,ISTAT geometry 2021
001141,Lusigliè,current_name,,2021-12-31,ISTAT geometry 2021
001142,Macello,current_name,,2021-12-31,ISTAT geometry 2021
001143,Maglione,current_name,,2021-12-31,ISTAT geometry 2021
001144,Marentino,current_name,,2021-12-31,ISTAT geometry 2021
001145,Massello,current_name,,2021-12-31,ISTAT geometry 2021
001145,Salza,historical_name,,1863-02-21,ISTAT SITUAS report 104
001145,Salza di Pinerolo,historical_name,,1863-02-21,ISTAT SITUAS report 104
001146,Mathi,current_name,,2021-12-31,ISTAT geometry 2021
001146,MATI,historical_name,1939-07-21,1947-01-08,ANPR historical archive
001147,Mattie,current_name,,2021-12-31,ISTAT geometry 2021
001148,Mazzè,current_name,,2021-12-31,ISTAT geometry 2021
001148,Villareggia,historical_name,,1927-01-12,ISTAT SITUAS report 105
001149,Meana,historical_name,,1863-02-04,ISTAT SITUAS report 104
001149,Meana di Susa,current_name,,2021-12-31,ISTAT geometry 2021
001150,Mercenasco,current_name,,2021-12-31,ISTAT geometry 2021
001152,Mezzenile,current_name,,2021-12-31,ISTAT geometry 2021
001153,Mombello di Torino,current_name,,2021-12-31,ISTAT geometry 2021
001154,Mompantero,current_name,,2021-12-31,ISTAT geometry 2021
001155,Monastero,historical_name,,1863-02-04,ISTAT SITUAS report 104
001155,Monastero di Lanzo,current_name,,2021-12-31,ISTAT geometry 2021
001156,Moncalieri,current_name,,2021-12-31,ISTAT geometry 2021
001156,Revigliasco,historical_name,,1863-02-04,ISTAT SITUAS report 104
001156,Revigliasco Torinese,historical_name,,1863-02-04,ISTAT SITUAS report 104
001157,Ferrera,historical_name,,1864-03-11,ISTAT SITUAS report 104
001157,Ferrera Cenisio,historical_name,,1864-03-11,ISTAT SITUAS report 104
001157,Moncenisio,current_name,,2021-12-31,ISTAT geometry 2021
001158,Montaldo,historical_name,,1863-05-12,ISTAT SITUAS report 104
001158,Montaldo Torinese,current_name,,2021-12-31,ISTAT geometry 2021
001159,Montalenghe,current_name,,2021-12-31,ISTAT geometry 2021
001160,Montalto,historical_name,,1863-02-04,ISTAT SITUAS report 104
001160,Montalto Dora,current_name,,2021-12-31,ISTAT geometry 2021
001161,Montanaro,current_name,,2021-12-31,ISTAT geometry 2021
001162,Monteu da Po,current_name,,2021-12-31,ISTAT geometry 2021
001163,Moriondo Torinese,current_name,,2021-12-31,ISTAT geometry 2021
001164,Nichelino,current_name,,2021-12-31,ISTAT geometry 2021
001165,Noasca,current_name,,2021-12-31,ISTAT geometry 2021
001166,Nole,current_name,,2021-12-31,ISTAT geometry 2021
001166,Villanova Canavese,historical_name,,1885-08-01,ISTAT SITUAS report 104
001166,Villanova di Mathi,historical_name,,1885-08-01,ISTAT SITUAS report 104
001167,Nomaglio,current_name,,2021-12-31,ISTAT geometry 2021
001168,None,current_name,,2021-12-31,ISTAT geometry 2021
001169,Novalesa,current_name,,2021-12-31,ISTAT geometry 2021
001170,Oglianico,current_name,,2021-12-31,ISTAT geometry 2021
001171,Orbassano,current_name,,2021-12-31,ISTAT geometry 2021
001172,Orio,historical_name,,1864-04-01,ISTAT SITUAS report 104
001172,Orio Canavese,current_name,,2021-12-31,ISTAT geometry 2021
001173,Osasco,current_name,,2021-12-31,ISTAT geometry 2021
001174,Osasio,current_name,,2021-12-31,ISTAT geometry 2021
001175,Oulx,current_name,,2021-12-31,ISTAT geometry 2021
001175,ULZIO,historical_name,1937-06-16,1947-07-24,ANPR historical archive
001176,Ozegna,current_name,,2021-12-31,ISTAT geometry 2021
001177,Palazzo Canavese,current_name,,2021-12-31,ISTAT geometry 2021
001178,Pancalieri,current_name,,2021-12-31,ISTAT geometry 2021
001178,Virle,historical_name,,1864-04-01,ISTAT SITUAS report 104
001178,Virle Piemonte,historical_name,,1864-04-01,ISTAT SITUAS report 104
001179,Parella,current_name,,2021-12-31,ISTAT geometry 2021
001180,Pavarolo,current_name,,2021-12-31,ISTAT geometry 2021
001181,Pavone,historical_name,,1863-02-04,ISTAT SITUAS report 104
001181,Pavone Canavese,current_name,,2021-12-31,ISTAT geometry 2021
001183,Pecetto Torinese,current_name,,2021-12-31,ISTAT geometry 2021
001184,Perosa,historical_name,,1863-02-21,ISTAT SITUAS report 104
001184,Perosa Argentina,current_name,,2021-12-31,ISTAT geometry 2021
001185,Perosa Canavese,current_name,,2021-12-31,ISTAT geometry 2021
001186,Perrero,current_name,,2021-12-31,ISTAT geometry 2021
001186,San Martino,historical_name,,1863-02-21,ISTAT SITUAS report 104
001186,San Martino di Perrero,historical_name,,1863-02-21,ISTAT SITUAS report 104
001187,Pertusio,current_name,,2021-12-31,ISTAT geometry 2021
001188,Pessinetto,current_name,,2021-12-31,ISTAT geometry 2021
001189,Pianezza,current_name,,2021-12-31,ISTAT geometry 2021
001190,Pinasca,current_name,,2021-12-31,ISTAT geometry 2021
001191,Abbadia,historical_name,,1864-04-01,ISTAT SITUAS report 104
001191,Abbadia Alpina,historical_name,,1864-04-01,ISTAT SITUAS report 104
001191,Pinerolo,current_name,,2021-12-31,ISTAT geometry 2021
001192,Pino Torinese,current_name,,2021-12-31,ISTAT geometry 2021
001193,Piobesi,historical_name,,1863-02-04,ISTAT SITUAS report 104
001193,Piobesi Torinese,current_name,,2021-12-31,ISTAT geometry 2021
001194,Piossasco,current_name,,2021-12-31,ISTAT geometry 2021
001195,Piscina,current_name,,2021-12-31,ISTAT geometry 2021
001196,Piverone,current_name,,2021-12-31,ISTAT geometry 2021
001197,Poirino,current_name,,2021-12-31,ISTAT geometry 2021
001198,Pomaretto,current_name,,2021-12-31,ISTAT geometry 2021
001199,Pont Canavese,current_name,,2021-12-31,ISTAT geometry 2021
001200,Porte,current_name,,2021-12-31,ISTAT geometry 2021
001201,Pragelato,current_name,,2021-12-31,ISTAT geometry 2021
001202,Prali,current_name,,2021-12-31,ISTAT geometry 2021
001202,Praly,historical_name,,1870-09-01,ISTAT SITUAS report 103
001203,Pralormo,current_name,,2021-12-31,ISTAT geometry 2021
001204,Pramollo,current_name,,2021-12-31,ISTAT geometry 2021
001205,Prarostino,current_name,,2021-12-31,ISTAT geometry 2021
001206,Prascorsano,current_name,,2021-12-31,ISTAT geometry 2021
001207,Pratiglione,current_name,,2021-12-31,ISTAT geometry 2021
001208,Quagliuzzo,current_name,,2021-12-31,ISTAT geometry 2021
001209,Quassolo,current_name,,2021-12-31,ISTAT geometry 2021
001210,Quincinetto,current_name,,2021-12-31,ISTAT geometry 2021
001211,Reano,current_name,,2021-12-31,ISTAT geometry 2021
001212,Ribordone,current_name,,2021-12-31,ISTAT geometry 2021
001213,Rivalba,current_name,,2021-12-31,ISTAT geometry 2021
001214,Rivalta,historical_name,,1863-02-04,ISTAT SITUAS report 104
001214,Rivalta di Torino,current_name,,2021-12-31,ISTAT geometry 2021
001215,Riva presso Chieri,current_name,,2021-12-31,ISTAT geometry 2021
001216,Camagna,historical_name,,1863-02-04,ISTAT SITUAS report 104
001216,Camagna di Torino,historical_name,,1863-02-04,ISTAT SITUAS report 104
001216,Rivara,current_name,,2021-12-31,ISTAT geometry 2021
001217,Rivarolo,historical_name,,1863-02-04,ISTAT SITUAS report 104
001217,Rivarolo Canavese,current_name,,2021-12-31,ISTAT geometry 2021
001218,Rivarossa,current_name,,2021-12-31,ISTAT geometry 2021
001219,Rivoli,current_name,,2021-12-31,ISTAT geometry 2021
001220,Robassomero,current_name,,2021-12-31,ISTAT geometry 2021
001221,Rocca Canavese,current_name,,2021-12-31,ISTAT geometry 2021
001221,Rocca di Corio,historical_name,,1884-06-01,ISTAT SITUAS report 104
001222,Roletto,current_name,,2021-12-31,ISTAT geometry 2021
001223,Romano Canavese,current_name,,2021-12-31,ISTAT geometry 2021
001224,Ronco,historical_name,,1863-02-04,ISTAT SITUAS report 104
001224,Ronco Canavese,current_name,,2021-12-31,ISTAT geometry 2021
001225,Rondissone,current_name,,2021-12-31,ISTAT geometry 2021
001226,Rorà,current_name,,2021-12-31,ISTAT geometry 2021
001227,Roreto,historical_name,,1937-06-16,ISTAT SITUAS report 104
001227,RORETO CHISONE,historical_name,1939-04-23,1975-03-11,ANPR historical archive
001227,Roure,current_name,,2021-12-31,ISTAT geometry 2021
001228,Rosta,current_name,,2021-12-31,ISTAT geometry 2021
001229,Rubiana,current_name,,2021-12-31,ISTAT geometry 2021
001230,Rueglio,current_name,,2021-12-31,ISTAT geometry 2021
001231,Salassa,current_name,,2021-12-31,ISTAT geometry 2021
001231,San Ponso,historical_name,,1863-02-04,ISTAT SITUAS report 104
001231,San Ponso Canavese,historical_name,,1863-02-04,ISTAT SITUAS report 104
001232,SALABERTANO,historical_name,1937-06-16,1955-04-04,ANPR historical archive
001232,Salbertrand,current_name,,2021-12-31,ISTAT geometry 2021
001233,Salerano,historical_name,,1863-02-04,ISTAT SITUAS report 104
001233,Salerano Canavese,current_name,,2021-12-31,ISTAT geometry 2021
001234,Salza di Pinerolo,current_name,,2021-12-31,ISTAT geometry 2021
001235,Samone,current_name,,2021-12-31,ISTAT geometry 2021
001236,San Benigno Canavese,current_name,,2021-12-31,ISTAT geometry 2021
001237,San Carlo Canavese,current_name,,2021-12-31,ISTAT geometry 2021
001238,San Colombano Belmonte,current_name,,2021-12-31,ISTAT geometry 2021
001239,San Didero,current_name,,2021-12-31,ISTAT geometry 2021
001240,San Francesco al Campo,current_name,,2021-12-31,ISTAT geometry 2021
001240,Vauda San Morizio,historical_name,,1863-02-21,ISTAT SITUAS report 104
001241,Sangano,current_name,,2021-12-31,ISTAT geometry 2021
001242,San Germano,historical_name,,1863-02-21,ISTAT SITUAS report 104
001242,San Germano Chisone,current_name,,2021-12-31,ISTAT geometry 2021
001243,San Gillio,current_name,,2021-12-31,ISTAT geometry 2021
001244,San Giorgio,historical_name,,1863-02-04,ISTAT SITUAS report 104
001244,San Giorgio Canavese,current_name,,2021-12-31,ISTAT geometry 2021
001245,San Giorio di Susa,current_name,,2021-12-31,ISTAT geometry 2021
001246,San Giusto,historical_name,,1863-02-04,ISTAT SITUAS report 104
001246,San Giusto Canavese,current_name,,2021-12-31,ISTAT geometry 2021
001247,Perosa,historical_name,,1863-02-04,ISTAT SITUAS report 104
001247,Perosa Canavese,historical_name,,1863-02-04,ISTAT SITUAS report 104
001247,San Martino,historical_name,,1863-02-04,ISTAT SITUAS report 104
001247,San Martino Canavese,current_name,,2021-12-31,ISTAT geometry 2021
001247,Vialfrè,historical_name,,1927-01-12,ISTAT SITUAS report 105
001248,San Maurizio Canavese,current_name,,2021-12-31,ISTAT geometry 2021
001248,San Morizio,historical_name,,1863-02-04,ISTAT SITUAS report 104
001248,San Morizio Canavese,historical_name,,1863-02-04,ISTAT SITUAS report 104
001249,San Mauro,historical_name,,1863-02-04,ISTAT SITUAS report 104
001249,San Mauro Torinese,current_name,,2021-12-31,ISTAT geometry 2021
001250,San Pietro,historical_name,,1863-02-21,ISTAT SITUAS report 104
001250,San Pietro Val Lemina,current_name,,2021-12-31,ISTAT geometry 2021
001251,San Ponso,current_name,,2021-12-31,ISTAT geometry 2021
001251,San Ponso Canavese,historical_name,,1927-01-12,ISTAT SITUAS report 105
001252,San Raffaele Cimena,current_name,,2021-12-31,ISTAT geometry 2021
001253,San Sebastiano,historical_name,,1863-02-04,ISTAT SITUAS report 104
001253,San Sebastiano da Po,current_name,,2021-12-31,ISTAT geometry 2021
001254,Prarostino,historical_name,,1907-04-23,ISTAT SITUAS report 103
001254,San Secondo,historical_name,,1863-02-21,ISTAT SITUAS report 104
001254,San Secondo di Pinerolo,current_name,,2021-12-31,ISTAT geometry 2021
001255,Sant'Ambrogio,historical_name,,1863-02-04,ISTAT SITUAS report 104
001255,Sant'Ambrogio di Torino,current_name,,2021-12-31,ISTAT geometry 2021
001256,Sant'Antonino,historical_name,,1863-02-04,ISTAT SITUAS report 104
001256,Sant'Antonino di Susa,current_name,,2021-12-31,ISTAT geometry 2021
001257,Santena,current_name,,2021-12-31,ISTAT geometry 2021
001258,Sauze di Cesana,current_name,,2021-12-31,ISTAT geometry 2021
001259,Sauze d'Oulx,current_name,,2021-12-31,ISTAT geometry 2021
001260,Scalenghe,current_name,,2021-12-31,ISTAT geometry 2021
001261,Scarmagno,current_name,,2021-12-31,ISTAT geometry 2021
001262,Sciolze,current_name,,2021-12-31,ISTAT geometry 2021
001263,Sestriere,current_name,,2021-12-31,ISTAT geometry 2021
001263,Sestrières,historical_name,,1934-11-23,ISTAT SITUAS report 103
001264,Settimo Rottaro,current_name,,2021-12-31,ISTAT geometry 2021
001265,Settimo Torinese,current_name,,2021-12-31,ISTAT geometry 2021
001266,Cesnola,historical_name,,1927-01-12,ISTAT SITUAS report 105
001266,Montestrutto,historical_name,,1927-01-12,ISTAT SITUAS report 105
001266,SETTIMO TAVAGNASCO,historical_name,1945-10-05,1947-01-14,ANPR historical archive
001266,Settimo Vittone,current_name,,2021-12-31,ISTAT geometry 2021
001266,Tavagnasco,historical_name,,1927-01-12,ISTAT SITUAS report 105
001267,Sparone,current_name,,2021-12-31,ISTAT geometry 2021
001268,Strambinello,current_name,,2021-12-31,ISTAT geometry 2021
001269,Strambino,current_name,,2021-12-31,ISTAT geometry 2021
001270,Susa,current_name,,2021-12-31,ISTAT geometry 2021
001271,Tavagnasco,current_name,,2021-12-31,ISTAT geometry 2021
001272,Torino,current_name,,2021-12-31,ISTAT geometry 2021
001272,Torino 1,election_source_name,1994-03-27,1994-03-27,official election source label
001273,Torrazza Piemonte,current_name,,2021-12-31,ISTAT geometry 2021
001274,TORRE BAIRO,historical_name,1955-04-29,1961-10-02,ANPR historical archive
001274,Torre Canavese,current_name,,2021-12-31,ISTAT geometry 2021
001275,Torre Pellice,current_name,,2021-12-31,ISTAT geometry 2021
001276,Trana,current_name,,2021-12-31,ISTAT geometry 2021
001278,Traversella,current_name,,2021-12-31,ISTAT geometry 2021
001278,Valchiusella,historical_name,,1927-01-12,ISTAT SITUAS report 105
001279,TRAVE,historical_name,1937-06-16,1955-06-08,ANPR historical archive
001279,Traves,current_name,,2021-12-31,ISTAT geometry 2021
001280,Trofarello,current_name,,2021-12-31,ISTAT geometry 2021
001281,Usseaux,current_name,,2021-12-31,ISTAT geometry 2021
001282,Usseglio,current_name,,2021-12-31,ISTAT geometry 2021
001283,Vaie,current_name,,2021-12-31,ISTAT geometry 2021
001283,Vayes,historical_name,,1937-06-16,ISTAT SITUAS report 104
001284,Val della Torre,current_name,,2021-12-31,ISTAT geometry 2021
001285,Valgioie,current_name,,2021-12-31,ISTAT geometry 2021
001286,Vallo Torinese,current_name,,2021-12-31,ISTAT geometry 2021
001287,Pertusio,historical_name,,1927-01-12,ISTAT SITUAS report 105
001287,Valperga,current_name,,2021-12-31,ISTAT geometry 2021
001288,Campiglia,historical_name,,1863-02-04,ISTAT SITUAS report 104
001288,Campiglia Soana,historical_name,,1863-02-04,ISTAT SITUAS report 104
001288,Valprato,historical_name,,1927-01-12,ISTAT SITUAS report 105
001288,Valprato Soana,current_name,,2021-12-31,ISTAT geometry 2021
001289,Varisella,current_name,,2021-12-31,ISTAT geometry 2021
001290,Vauda Canavese,current_name,,2021-12-31,ISTAT geometry 2021
001290,VAUDA DI FRONT,historical_name,1947-01-21,1953-01-06,ANPR historical archive
001291,VENALZIO,historical_name,1937-06-16,1947-09-15,ANPR historical archive
001291,Venaus,current_name,,2021-12-31,ISTAT geometry 2021
001292,Venaria,election_source_name,1953-06-07,1953-06-07,official election source label
001292,Venaria Reale,current_name,,2021-12-31,ISTAT geometry 2021
001293,Verolengo,current_name,,2021-12-31,ISTAT geometry 2021
001294,Verrua,historical_name,,1863-02-04,ISTAT SITUAS report 104
001294,Verrua Savoia,current_name,,2021-12-31,ISTAT geometry 2021
001295,Tina,historical_name,,1927-01-12,ISTAT SITUAS report 105
001295,Vestignè,current_name,,2021-12-31,ISTAT geometry 2021
001296,Vialfrè,current_name,,2021-12-31,ISTAT geometry 2021
001298,Vidracco,current_name,,2021-12-31,ISTAT geometry 2021
001299,Vigone,current_name,,2021-12-31,ISTAT geometry 2021
001300,Villafranca,historical_name,,1863-02-21,ISTAT SITUAS report 104
001300,Villafranca Piemonte,current_name,,2021-12-31,ISTAT geometry 2021
001300,VILLAFRANCA SABAUDA,historical_name,1934-03-29,1950-02-02,ANPR historical archive
001301,Villanova Canavese,current_name,,2021-12-31,ISTAT geometry 2021
001302,Villarbasse,current_name,,2021-12-31,ISTAT geometry 2021
001303,Villar Dora,current_name,,2021-12-31,ISTAT geometry 2021
001304,Villareggia,current_name,,2021-12-31,ISTAT geometry 2021
001305,Villar Focchiardo,current_name,,2021-12-31,ISTAT geometry 2021
001306,Villar Pellice,current_name,,2021-12-31,ISTAT geometry 2021
001307,Villar Perosa,current_name,,2021-12-31,ISTAT geometry 2021
001308,Villastellone,current_name,,2021-12-31,ISTAT geometry 2021
001309,Vinovo,current_name,,2021-12-31,ISTAT geometry 2021
001310,Virle Piemonte,current_name,,2021-12-31,ISTAT geometry 2021
001311,Vische,current_name,,2021-12-31,ISTAT geometry 2021
001312,Vistrorio,current_name,,2021-12-31,ISTAT geometry 2021
001313,Viù,current_name,,2021-12-31,ISTAT geometry 2021
001314,Volpiano,current_name,,2021-12-31,ISTAT geometry 2021
001315,Volvera,current_name,,2021-12-31,ISTAT geometry 2021
001316,Mappano,current_name,,2021-12-31,ISTAT geometry 2021
001317,ALICE SUPERIORE,historical_name,1945-10-05,1947-01-09,ANPR historical archive
001317,Gauna,historical_name,,1927-01-12,ISTAT SITUAS report 105
001317,LUGNACCO,historical_name,1945-10-05,2018-12-31,ANPR historical archive
001317,PECCO,historical_name,1947-01-10,2018-12-31,ANPR historical archive
001317,Val di Chy,current_name,,2021-12-31,ISTAT geometry 2021
001318,Brosso,historical_name,,1927-01-12,ISTAT SITUAS report 105
001318,Drusacco,historical_name,,1927-01-12,ISTAT SITUAS report 105
001318,MEUGLIANO,historical_name,1947-01-21,2018-12-31,ANPR historical archive
001318,Novareglia,historical_name,,1927-01-12,ISTAT SITUAS report 105
001318,TRAUSELLA,historical_name,1947-01-21,2018-12-31,ANPR historical archive
001318,Valchiusa,current_name,,2021-12-31,ISTAT geometry 2021
001318,Vico,historical_name,,1863-02-04,ISTAT SITUAS report 104
001318,VICO CANAVESE,historical_name,1945-10-05,1946-12-22,ANPR historical archive
002002,Alagna,historical_name,,1864-12-07,ISTAT SITUAS report 104
002002,Alagna Valsesia,current_name,,2021-12-31,ISTAT geometry 2021
002002,Riva,historical_name,,1863-01-22,ISTAT SITUAS report 104
002002,RIVA VALDOBBIA,historical_name,1927-01-12,2018-12-31,ANPR historical archive
002003,Albano,historical_name,,1863-01-22,ISTAT SITUAS report 104
002003,Albano Vercellese,current_name,,2021-12-31,ISTAT geometry 2021
002004,Alice,historical_name,,1863-01-22,ISTAT SITUAS report 104
002004,Alice Castello,current_name,,2021-12-31,ISTAT geometry 2021
002006,Arborio,current_name,,2021-12-31,ISTAT geometry 2021
002007,Asigliano,historical_name,,1927-01-12,ISTAT SITUAS report 105
002007,Asigliano Vercellese,current_name,,2021-12-31,ISTAT geometry 2021
002008,Balmuccia,current_name,,2021-12-31,ISTAT geometry 2021
002009,Balocco,current_name,,2021-12-31,ISTAT geometry 2021
002011,Bianzè,current_name,,2021-12-31,ISTAT geometry 2021
002014,Boccioleto,current_name,,2021-12-31,ISTAT geometry 2021
002015,Borgo d'Ale,current_name,,2021-12-31,ISTAT geometry 2021
002016,Agnona,historical_name,,1927-01-12,ISTAT SITUAS report 105
002016,Aranco,historical_name,,1927-01-12,ISTAT SITUAS report 105
002016,Borgosesia,current_name,,2021-12-31,ISTAT geometry 2021
002016,Doccio,historical_name,,1927-01-12,ISTAT SITUAS report 105
002016,Foresto,historical_name,,1863-01-22,ISTAT SITUAS report 104
002016,Foresto Sesia,historical_name,,1863-01-22,ISTAT SITUAS report 104
002016,Isolella,historical_name,,1927-01-12,ISTAT SITUAS report 105
002016,Quarona,historical_name,,1927-01-12,ISTAT SITUAS report 105
002017,Borgo Vercelli,current_name,,2021-12-31,ISTAT geometry 2021
002021,Buronzo,current_name,,2021-12-31,ISTAT geometry 2021
002025,Campertogno,current_name,,2021-12-31,ISTAT geometry 2021
002029,Carcoforo,current_name,,2021-12-31,ISTAT geometry 2021
002030,Caresana,current_name,,2021-12-31,ISTAT geometry 2021
002031,Caresanablot,current_name,,2021-12-31,ISTAT geometry 2021
002032,Carisio,current_name,,2021-12-31,ISTAT geometry 2021
002033,Casanova,historical_name,,1863-06-01,ISTAT SITUAS report 104
002033,Casanova Elvo,current_name,,2021-12-31,ISTAT geometry 2021
002035,CASCINE SAN GIACOMO,historical_name,1927-01-12,1964-10-01,ANPR historical archive
002035,San Giacomo Vercellese,current_name,,2021-12-31,ISTAT geometry 2021
002041,Cervatto,current_name,,2021-12-31,ISTAT geometry 2021
002042,Cigliano,current_name,,2021-12-31,ISTAT geometry 2021
002043,Civiasco,current_name,,2021-12-31,ISTAT geometry 2021
002045,Collobiano,current_name,,2021-12-31,ISTAT geometry 2021
002047,Costanzana,current_name,,2021-12-31,ISTAT geometry 2021
002048,Cravagliana,current_name,,2021-12-31,ISTAT geometry 2021
002049,Crescentino,current_name,,2021-12-31,ISTAT geometry 2021
002052,Crova,current_name,,2021-12-31,ISTAT geometry 2021
002054,Desana,current_name,,2021-12-31,ISTAT geometry 2021
002057,Fobello,current_name,,2021-12-31,ISTAT geometry 2021
002058,Fontanetto,historical_name,,1863-01-22,ISTAT SITUAS report 104
002058,FONTANETTO DA PO,historical_name,1927-01-12,1955-04-28,ANPR historical archive
002058,Fontanetto Po,current_name,,2021-12-31,ISTAT geometry 2021
002059,Formigliana,current_name,,2021-12-31,ISTAT geometry 2021
002061,Gattinara,current_name,,2021-12-31,ISTAT geometry 2021
002062,Ghislarengo,current_name,,2021-12-31,ISTAT geometry 2021
002065,Greggio,current_name,,2021-12-31,ISTAT geometry 2021
002066,Guardabosone,current_name,,2021-12-31,ISTAT geometry 2021
002067,Lamporo,current_name,,2021-12-31,ISTAT geometry 2021
002068,Lenta,current_name,,2021-12-31,ISTAT geometry 2021
002070,Lignana,current_name,,2021-12-31,ISTAT geometry 2021
002071,Livorno Ferraris,current_name,,2021-12-31,ISTAT geometry 2021
002071,Livorno Piemonte,historical_name,,1863-06-01,ISTAT SITUAS report 104
002071,Livorno Vercellese,historical_name,,1863-06-01,ISTAT SITUAS report 104
002072,Lozzolo,current_name,,2021-12-31,ISTAT geometry 2021
002078,Mollia,current_name,,2021-12-31,ISTAT geometry 2021
002079,Moncrivello,current_name,,2021-12-31,ISTAT geometry 2021
002082,Motta de' Conti,current_name,,2021-12-31,ISTAT geometry 2021
002088,Olcenengo,current_name,,2021-12-31,ISTAT geometry 2021
002089,Oldenico,current_name,,2021-12-31,ISTAT geometry 2021
002090,Palazzolo,historical_name,,1863-01-22,ISTAT SITUAS report 104
002090,Palazzolo Vercellese,current_name,,2021-12-31,ISTAT geometry 2021
002091,Pertengo,current_name,,2021-12-31,ISTAT geometry 2021
002093,Pezzana,current_name,,2021-12-31,ISTAT geometry 2021
002096,Pila,current_name,,2021-12-31,ISTAT geometry 2021
002097,Piode,current_name,,2021-12-31,ISTAT geometry 2021
002102,Postua,current_name,,2021-12-31,ISTAT geometry 2021
002104,Prarolo,current_name,,2021-12-31,ISTAT geometry 2021
002107,Quarona,current_name,,2021-12-31,ISTAT geometry 2021
002108,Quinto,historical_name,,1864-12-07,ISTAT SITUAS report 104
002108,Quinto Vercellese,current_name,,2021-12-31,ISTAT geometry 2021
002110,Rassa,current_name,,2021-12-31,ISTAT geometry 2021
002113,Rimella,current_name,,2021-12-31,ISTAT geometry 2021
002115,Rive,current_name,,2021-12-31,ISTAT geometry 2021
002116,Castelletto Villa,historical_name,,1927-01-12,ISTAT SITUAS report 105
002116,Roasio,current_name,,2021-12-31,ISTAT geometry 2021
002116,Villa del Bosco,historical_name,,1927-01-12,ISTAT SITUAS report 105
002118,Ronsecco,current_name,,2021-12-31,ISTAT geometry 2021
002121,Rossa,current_name,,2021-12-31,ISTAT geometry 2021
002122,Roasenda,historical_name,,1927-01-12,ISTAT SITUAS report 105
002122,Rovasenda,current_name,,2021-12-31,ISTAT geometry 2021
002126,Salasco,current_name,,2021-12-31,ISTAT geometry 2021
002127,Sali,historical_name,,1864-01-29,ISTAT SITUAS report 104
002127,Sali Vercellese,current_name,,2021-12-31,ISTAT geometry 2021
002128,Saluggia,current_name,,2021-12-31,ISTAT geometry 2021
002131,San Germano,historical_name,,1863-06-01,ISTAT SITUAS report 104
002131,San Germano Vercellese,current_name,,2021-12-31,ISTAT geometry 2021
002133,Santhià,current_name,,2021-12-31,ISTAT geometry 2021
002134,Scopa,current_name,,2021-12-31,ISTAT geometry 2021
002135,Scopello,current_name,,2021-12-31,ISTAT geometry 2021
002137,Bornate,historical_name,,1927-01-12,ISTAT SITUAS report 105
002137,Piane,historical_name,,1863-06-01,ISTAT SITUAS report 104
002137,Piane di Serravalle Sesia,historical_name,,1863-06-01,ISTAT SITUAS report 104
002137,Piane Sesia,historical_name,,1913-03-20,ISTAT SITUAS report 104
002137,Serravalle,historical_name,,1863-09-20,ISTAT SITUAS report 104
002137,Serravalle Sesia,current_name,,2021-12-31,ISTAT geometry 2021
002137,Vintebbio,historical_name,,1927-01-12,ISTAT SITUAS report 105
002142,Stroppiana,current_name,,2021-12-31,ISTAT geometry 2021
002147,Tricerro,current_name,,2021-12-31,ISTAT geometry 2021
002148,Trino,current_name,,2021-12-31,ISTAT geometry 2021
002150,Tronzano,historical_name,,1863-01-22,ISTAT SITUAS report 104
002150,Tronzano Vercellese,current_name,,2021-12-31,ISTAT geometry 2021
002152,Valduggia,current_name,,2021-12-31,ISTAT geometry 2021
002156,Camasco,historical_name,,1927-01-12,ISTAT SITUAS report 105
002156,Cervarolo,historical_name,,1927-01-12,ISTAT SITUAS report 105
002156,Civiasco,historical_name,,1927-01-12,ISTAT SITUAS report 105
002156,Crevola,historical_name,,1863-01-22,ISTAT SITUAS report 104
002156,Crevola Sesia,historical_name,,1863-01-22,ISTAT SITUAS report 104
002156,Locarno,historical_name,,1927-01-12,ISTAT SITUAS report 105
002156,Morca,historical_name,,1927-01-12,ISTAT SITUAS report 105
002156,Morondo,historical_name,,1927-01-12,ISTAT SITUAS report 105
002156,Parone,historical_name,,1927-01-12,ISTAT SITUAS report 105
002156,Rocca,historical_name,,1863-01-22,ISTAT SITUAS report 104
002156,Rocca Pietra,historical_name,,1863-01-22,ISTAT SITUAS report 104
002156,SABBIA,historical_name,1927-01-12,2017-12-31,ANPR historical archive
002156,Valmaggia,historical_name,,1927-01-12,ISTAT SITUAS report 105
002156,Varallo,current_name,,2021-12-31,ISTAT geometry 2021
002156,Vocca,historical_name,,1927-01-12,ISTAT SITUAS report 105
002158,Vercelli,current_name,,2021-12-31,ISTAT geometry 2021
002163,Villarboit,current_name,,2021-12-31,ISTAT geometry 2021
002164,Villata,current_name,,2021-12-31,ISTAT geometry 2021
002166,Vocca,current_name,,2021-12-31,ISTAT geometry 2021
002170,Alto Sermenza,current_name,,2021-12-31,ISTAT geometry 2021
002170,RIMA SAN GIUSEPPE,historical_name,1927-01-12,2017-12-31,ANPR historical archive
002170,RIMASCO,historical_name,1927-01-12,2017-12-31,ANPR historical archive
002171,BREIA,historical_name,1927-01-12,2017-12-31,ANPR historical archive
002171,CELLIO,historical_name,1927-01-12,2017-12-31,ANPR historical archive
002171,Cellio con Breia,current_name,,2021-12-31,ISTAT geometry 2021
003001,Agrate,historical_name,,1863-06-01,ISTAT SITUAS report 104
003001,Agrate Conturbia,current_name,,2021-12-31,ISTAT geometry 2021
003002,Ameno,current_name,,2021-12-31,ISTAT geometry 2021
003006,Armeno,current_name,,2021-12-31,ISTAT geometry 2021
003006,Coiro,historical_name,,1868-12-31,ISTAT SITUAS report 104
003006,Coiromonte,historical_name,,1868-12-31,ISTAT SITUAS report 104
003008,Arona,current_name,,2021-12-31,ISTAT geometry 2021
003008,Mercurago,historical_name,,1902-01-24,ISTAT SITUAS report 100
003012,Barengo,current_name,,2021-12-31,ISTAT geometry 2021
003016,Bellinzago,historical_name,,1863-06-01,ISTAT SITUAS report 104
003016,Bellinzago Novarese,current_name,,2021-12-31,ISTAT geometry 2021
003018,Biandrate,current_name,,2021-12-31,ISTAT geometry 2021
003019,Boca,current_name,,2021-12-31,ISTAT geometry 2021
003021,Bogogno,current_name,,2021-12-31,ISTAT geometry 2021
003022,Bolzano Novarese,current_name,,2021-12-31,ISTAT geometry 2021
003023,Borgolavezzaro,current_name,,2021-12-31,ISTAT geometry 2021
003024,Borgomanero,current_name,,2021-12-31,ISTAT geometry 2021
003024,Borgomanero 1,election_source_name,1989-06-18,1989-06-18,official election source label
003024,Vergano,historical_name,,1863-06-01,ISTAT SITUAS report 104
003024,Vergano Novarese,historical_name,,1863-06-01,ISTAT SITUAS report 104
003025,Borgo Ticino,current_name,,2021-12-31,ISTAT geometry 2021
003026,Briga Novarese,current_name,,2021-12-31,ISTAT geometry 2021
003027,Briona,current_name,,2021-12-31,ISTAT geometry 2021
003030,Caltignaga,current_name,,2021-12-31,ISTAT geometry 2021
003032,Cameri,current_name,,2021-12-31,ISTAT geometry 2021
003036,Carpignano,historical_name,,1863-06-01,ISTAT SITUAS report 104
003036,Carpignano Sesia,current_name,,2021-12-31,ISTAT geometry 2021
003037,Casalbeltrame,current_name,,2021-12-31,ISTAT geometry 2021
003039,Casaleggio Novara,current_name,,2021-12-31,ISTAT geometry 2021
003040,Casalino,current_name,,2021-12-31,ISTAT geometry 2021
003041,Casalvolone,current_name,,2021-12-31,ISTAT geometry 2021
003042,Castellazzo Novarese,current_name,,2021-12-31,ISTAT geometry 2021
003043,Castelletto sopra Ticino,current_name,,2021-12-31,ISTAT geometry 2021
003043,Castelletto Sora Ticino,election_source_name,1999-06-13,1999-06-13,official election source label
003044,Cavaglietto,current_name,,2021-12-31,ISTAT geometry 2021
003045,Cavaglio,historical_name,,1863-06-01,ISTAT SITUAS report 104
003045,Cavaglio d'Agogna,current_name,,2021-12-31,ISTAT geometry 2021
003047,Cavallirio,current_name,,2021-12-31,ISTAT geometry 2021
003049,Cerano,current_name,,2021-12-31,ISTAT geometry 2021
003051,Colazza,current_name,,2021-12-31,ISTAT geometry 2021
003052,Comignago,current_name,,2021-12-31,ISTAT geometry 2021
003055,Cressa,current_name,,2021-12-31,ISTAT geometry 2021
003058,Cureggio,current_name,,2021-12-31,ISTAT geometry 2021
003060,Divignano,current_name,,2021-12-31,ISTAT geometry 2021
003062,Dormelletto,current_name,,2021-12-31,ISTAT geometry 2021
003065,Fara,historical_name,,1863-06-01,ISTAT SITUAS report 104
003065,Fara Novarese,current_name,,2021-12-31,ISTAT geometry 2021
003066,Fontaneto d'Agogna,current_name,,2021-12-31,ISTAT geometry 2021
003066,Fontanetto,historical_name,,1863-06-01,ISTAT SITUAS report 104
003068,Galliate,current_name,,2021-12-31,ISTAT geometry 2021
003069,Garbagna,historical_name,,1863-06-01,ISTAT SITUAS report 104
003069,Garbagna Novarese,current_name,,2021-12-31,ISTAT geometry 2021
003070,Gargallo,current_name,,2021-12-31,ISTAT geometry 2021
003073,Ghemme,current_name,,2021-12-31,ISTAT geometry 2021
003076,Gozzano,current_name,,2021-12-31,ISTAT geometry 2021
003077,Granozzo con Monticello,current_name,,2021-12-31,ISTAT geometry 2021
003079,Grignasco,current_name,,2021-12-31,ISTAT geometry 2021
003082,Invorio,current_name,,2021-12-31,ISTAT geometry 2021
003082,Invorio Inferiore,historical_name,,1928-04-03,ISTAT SITUAS report 104
003083,Landiona,current_name,,2021-12-31,ISTAT geometry 2021
003084,Lesa,current_name,,2021-12-31,ISTAT geometry 2021
003084,LESA BELGIRATE,historical_name,1928-04-15,1947-12-22,ANPR historical archive
003088,Maggiora,current_name,,2021-12-31,ISTAT geometry 2021
003090,Mandello Vitta,current_name,,2021-12-31,ISTAT geometry 2021
003091,Marano,historical_name,,1863-06-01,ISTAT SITUAS report 104
003091,Marano Ticino,current_name,,2021-12-31,ISTAT geometry 2021
003093,Massino,historical_name,,1943-07-29,ISTAT SITUAS report 104
003093,Massino Visconti,current_name,,2021-12-31,ISTAT geometry 2021
003095,Meina,current_name,,2021-12-31,ISTAT geometry 2021
003097,Mezzomerico,current_name,,2021-12-31,ISTAT geometry 2021
003098,Miasino,current_name,,2021-12-31,ISTAT geometry 2021
003100,Alzate,historical_name,,1863-06-01,ISTAT SITUAS report 104
003100,Alzate con Linduno,historical_name,,1863-06-01,ISTAT SITUAS report 104
003100,Momo,current_name,,2021-12-31,ISTAT geometry 2021
003103,Nebbiuno,current_name,,2021-12-31,ISTAT geometry 2021
003104,Nibbiola,current_name,,2021-12-31,ISTAT geometry 2021
003106,Novara,current_name,,2021-12-31,ISTAT geometry 2021
003108,Oleggio,current_name,,2021-12-31,ISTAT geometry 2021
003109,Oleggio Castello,current_name,,2021-12-31,ISTAT geometry 2021
003112,Isola San Giulio,historical_name,,1928-08-12,ISTAT SITUAS report 103
003112,Orta,historical_name,,1863-06-01,ISTAT SITUAS report 104
003112,Orta Novarese,historical_name,,1863-06-01,ISTAT SITUAS report 104
003112,Orta San Giulio,current_name,,2021-12-31,ISTAT geometry 2021
003114,Paruzzaro,current_name,,2021-12-31,ISTAT geometry 2021
003115,Pella,current_name,,2021-12-31,ISTAT geometry 2021
003116,Pettenasco,current_name,,2021-12-31,ISTAT geometry 2021
003119,Pisano,current_name,,2021-12-31,ISTAT geometry 2021
003120,Pogno,current_name,,2021-12-31,ISTAT geometry 2021
003121,Pombia,current_name,,2021-12-31,ISTAT geometry 2021
003122,Prato,historical_name,,1863-06-01,ISTAT SITUAS report 104
003122,Prato Sesia,current_name,,2021-12-31,ISTAT geometry 2021
003129,Recetto,current_name,,2021-12-31,ISTAT geometry 2021
003130,Romagnano,historical_name,,1863-06-01,ISTAT SITUAS report 104
003130,Romagnano Sesia,current_name,,2021-12-31,ISTAT geometry 2021
003131,Romentino,current_name,,2021-12-31,ISTAT geometry 2021
003133,CASTELLI CUSIANI,historical_name,1928-08-12,1947-01-14,ANPR historical archive
003133,San Maurizio d'Opaglio,current_name,,2021-12-31,ISTAT geometry 2021
003134,San Nazzaro Sesia,current_name,,2021-12-31,ISTAT geometry 2021
003135,San Pietro Mosezzo,current_name,,2021-12-31,ISTAT geometry 2021
003138,Sillavengo,current_name,,2021-12-31,ISTAT geometry 2021
003139,Sizzano,current_name,,2021-12-31,ISTAT geometry 2021
003140,Soriso,current_name,,2021-12-31,ISTAT geometry 2021
003141,Sozzago,current_name,,2021-12-31,ISTAT geometry 2021
003143,Suno,current_name,,2021-12-31,ISTAT geometry 2021
003144,Terdobbiate,current_name,,2021-12-31,ISTAT geometry 2021
003146,Tornaco,current_name,,2021-12-31,ISTAT geometry 2021
003149,Trecate,current_name,,2021-12-31,ISTAT geometry 2021
003153,Vaprio,historical_name,,1863-06-01,ISTAT SITUAS report 104
003153,Vaprio d'Agogna,current_name,,2021-12-31,ISTAT geometry 2021
003154,Varallo Pombia,current_name,,2021-12-31,ISTAT geometry 2021
003158,Vespolate,current_name,,2021-12-31,ISTAT geometry 2021
003159,Mandello,historical_name,,1863-06-01,ISTAT SITUAS report 104
003159,Mandello Vitta,historical_name,,1863-06-01,ISTAT SITUAS report 104
003159,Vicolungo,current_name,,2021-12-31,ISTAT geometry 2021
003164,Vinzaglio,current_name,,2021-12-31,ISTAT geometry 2021
003166,GATTICO,historical_name,1877-10-31,2018-12-31,ANPR historical archive
003166,Gattico-Veruno,current_name,,2021-12-31,ISTAT geometry 2021
003166,VERUNO,historical_name,1861-03-17,2018-12-31,ANPR historical archive
004001,Acceglio,current_name,,2021-12-31,ISTAT geometry 2021
004002,Aisone,current_name,,2021-12-31,ISTAT geometry 2021
004003,Alba,current_name,,2021-12-31,ISTAT geometry 2021
004003,Grinzane,historical_name,,1916-01-22,ISTAT SITUAS report 104
004003,Grinzane Cavour,historical_name,,1916-01-22,ISTAT SITUAS report 104
004004,Albaretto della Torre,current_name,,2021-12-31,ISTAT geometry 2021
004005,Alto,current_name,,2021-12-31,ISTAT geometry 2021
004006,Argentera,current_name,,2021-12-31,ISTAT geometry 2021
004007,Arguello,current_name,,2021-12-31,ISTAT geometry 2021
004008,Bagnasco,current_name,,2021-12-31,ISTAT geometry 2021
004009,Bagnolo,historical_name,,1863-01-11,ISTAT SITUAS report 104
004009,Bagnolo Piemonte,current_name,,2021-12-31,ISTAT geometry 2021
004010,Baldissero,historical_name,,1863-01-11,ISTAT SITUAS report 104
004010,Baldissero d'Alba,current_name,,2021-12-31,ISTAT geometry 2021
004011,Barbaresco,current_name,,2021-12-31,ISTAT geometry 2021
004012,Barge,current_name,,2021-12-31,ISTAT geometry 2021
004013,Barolo,current_name,,2021-12-31,ISTAT geometry 2021
004014,Bastia,historical_name,,1863-01-11,ISTAT SITUAS report 104
004014,Bastia Mondovì,current_name,,2021-12-31,ISTAT geometry 2021
004015,Battifollo,current_name,,2021-12-31,ISTAT geometry 2021
004016,Beinette,current_name,,2021-12-31,ISTAT geometry 2021
004017,Bellino,current_name,,2021-12-31,ISTAT geometry 2021
004018,Belvedere,historical_name,,1863-01-11,ISTAT SITUAS report 104
004018,Belvedere Langhe,current_name,,2021-12-31,ISTAT geometry 2021
004019,Bene,historical_name,,1863-01-11,ISTAT SITUAS report 104
004019,Bene Vagienna,current_name,,2021-12-31,ISTAT geometry 2021
004020,Benevello,current_name,,2021-12-31,ISTAT geometry 2021
004021,Bergolo,current_name,,2021-12-31,ISTAT geometry 2021
004022,Bernezzo,current_name,,2021-12-31,ISTAT geometry 2021
004023,Bonvicino,current_name,,2021-12-31,ISTAT geometry 2021
004024,Borgomale,current_name,,2021-12-31,ISTAT geometry 2021
004025,Borgo San Dalmazzo,current_name,,2021-12-31,ISTAT geometry 2021
004026,Bosia,current_name,,2021-12-31,ISTAT geometry 2021
004027,Bossolasco,current_name,,2021-12-31,ISTAT geometry 2021
004028,Boves,current_name,,2021-12-31,ISTAT geometry 2021
004029,Bra,current_name,,2021-12-31,ISTAT geometry 2021
004030,Briaglia,current_name,,2021-12-31,ISTAT geometry 2021
004031,Briga Alta,current_name,,2021-12-31,ISTAT geometry 2021
004032,Brondello,current_name,,2021-12-31,ISTAT geometry 2021
004033,Brossasco,current_name,,2021-12-31,ISTAT geometry 2021
004034,Busca,current_name,,2021-12-31,ISTAT geometry 2021
004034,VALMALA,historical_name,1947-09-25,2018-12-31,ANPR historical archive
004035,Camerana,current_name,,2021-12-31,ISTAT geometry 2021
004037,Canale,current_name,,2021-12-31,ISTAT geometry 2021
004038,Canosio,current_name,,2021-12-31,ISTAT geometry 2021
004039,Caprauna,current_name,,2021-12-31,ISTAT geometry 2021
004040,Caraglio,current_name,,2021-12-31,ISTAT geometry 2021
004041,Caramagna,historical_name,,1863-01-11,ISTAT SITUAS report 104
004041,Caramagna Piemonte,current_name,,2021-12-31,ISTAT geometry 2021
004042,Cardè,current_name,,2021-12-31,ISTAT geometry 2021
004043,Carrù,current_name,,2021-12-31,ISTAT geometry 2021
004044,Cartignano,current_name,,2021-12-31,ISTAT geometry 2021
004045,Casalgrasso,current_name,,2021-12-31,ISTAT geometry 2021
004046,Castagnito,current_name,,2021-12-31,ISTAT geometry 2021
004047,Casteldelfino,current_name,,2021-12-31,ISTAT geometry 2021
004049,Castelletto Stura,current_name,,2021-12-31,ISTAT geometry 2021
004050,Castelletto Uzzone,current_name,,2021-12-31,ISTAT geometry 2021
004050,Scaletta,historical_name,,1863-01-11,ISTAT SITUAS report 104
004050,Scaletta Uzzone,historical_name,,1863-01-11,ISTAT SITUAS report 104
004051,CASTELLINALDO,historical_name,1861-03-17,2015-01-29,ANPR historical archive
004051,Castellinaldo d'Alba,current_name,,2021-12-31,ISTAT geometry 2021
004052,Castellino,historical_name,,1863-01-11,ISTAT SITUAS report 104
004052,Castellino Tanaro,current_name,,2021-12-31,ISTAT geometry 2021
004053,Castelmagno,current_name,,2021-12-31,ISTAT geometry 2021
004054,Castelnuovo di Ceva,current_name,,2021-12-31,ISTAT geometry 2021
004055,Castiglione Falletto,current_name,,2021-12-31,ISTAT geometry 2021
004056,Castiglione Tinella,current_name,,2021-12-31,ISTAT geometry 2021
004057,Castino,current_name,,2021-12-31,ISTAT geometry 2021
004058,Cavallerleone,current_name,,2021-12-31,ISTAT geometry 2021
004059,Cavallermaggiore,current_name,,2021-12-31,ISTAT geometry 2021
004060,Celle di Macra,current_name,,2021-12-31,ISTAT geometry 2021
004061,Centallo,current_name,,2021-12-31,ISTAT geometry 2021
004062,Ceresole,historical_name,,1863-01-11,ISTAT SITUAS report 104
004062,Ceresole Alba,current_name,,2021-12-31,ISTAT geometry 2021
004063,Cerreto delle Langhe,election_source_name,1979-06-10,1979-06-10,official election source label
004063,Cerreto Langhe,election_source_name,1989-06-18,1989-06-18,official election source label
004063,Cerretto delle Langhe,historical_name,,1929-01-24,ISTAT SITUAS report 98
004063,Cerretto Langhe,current_name,,2021-12-31,ISTAT geometry 2021
004064,Cervasca,current_name,,2021-12-31,ISTAT geometry 2021
004065,Cervere,current_name,,2021-12-31,ISTAT geometry 2021
004066,Ceva,current_name,,2021-12-31,ISTAT geometry 2021
004066,Torresina,historical_name,,1863-01-11,ISTAT SITUAS report 104
004066,Torricella,historical_name,,1863-01-11,ISTAT SITUAS report 104
004067,Cherasco,current_name,,2021-12-31,ISTAT geometry 2021
004068,Chiusa,historical_name,,1863-01-11,ISTAT SITUAS report 104
004068,Chiusa di Pesio,current_name,,2021-12-31,ISTAT geometry 2021
004069,Cigliè,current_name,,2021-12-31,ISTAT geometry 2021
004070,Cissone,current_name,,2021-12-31,ISTAT geometry 2021
004071,Clavesana,current_name,,2021-12-31,ISTAT geometry 2021
004072,Corneliano,historical_name,,1863-01-11,ISTAT SITUAS report 104
004072,Corneliano d'Alba,current_name,,2021-12-31,ISTAT geometry 2021
004072,Piobesi,historical_name,,1863-01-11,ISTAT SITUAS report 104
004072,Piobesi d'Alba,historical_name,,1863-01-11,ISTAT SITUAS report 104
004073,Cortemilia,current_name,,2021-12-31,ISTAT geometry 2021
004074,Cossano Belbo,current_name,,2021-12-31,ISTAT geometry 2021
004075,Costigliole Saluzzo,current_name,,2021-12-31,ISTAT geometry 2021
004076,Cravanzana,current_name,,2021-12-31,ISTAT geometry 2021
004077,Crissolo,current_name,,2021-12-31,ISTAT geometry 2021
004078,Cuneo,current_name,,2021-12-31,ISTAT geometry 2021
004079,Demonte,current_name,,2021-12-31,ISTAT geometry 2021
004080,Diano,historical_name,,1863-02-21,ISTAT SITUAS report 104
004080,Diano d'Alba,current_name,,2021-12-31,ISTAT geometry 2021
004081,Dogliani,current_name,,2021-12-31,ISTAT geometry 2021
004082,Dronero,current_name,,2021-12-31,ISTAT geometry 2021
004083,Elva,current_name,,2021-12-31,ISTAT geometry 2021
004084,Entracque,current_name,,2021-12-31,ISTAT geometry 2021
004084,Entraque,historical_name,,1940-05-07,ISTAT SITUAS report 104
004085,Envie,current_name,,2021-12-31,ISTAT geometry 2021
004086,Farigliano,current_name,,2021-12-31,ISTAT geometry 2021
004087,Faule,current_name,,2021-12-31,ISTAT geometry 2021
004088,Feisoglio,current_name,,2021-12-31,ISTAT geometry 2021
004089,Fossano,current_name,,2021-12-31,ISTAT geometry 2021
004090,Frabosa Soprana,current_name,,2021-12-31,ISTAT geometry 2021
004091,Frabosa Sottana,current_name,,2021-12-31,ISTAT geometry 2021
004092,Frassino,current_name,,2021-12-31,ISTAT geometry 2021
004093,Gaiola,current_name,,2021-12-31,ISTAT geometry 2021
004094,Gambasca,current_name,,2021-12-31,ISTAT geometry 2021
004095,Garessio,current_name,,2021-12-31,ISTAT geometry 2021
004096,Genola,current_name,,2021-12-31,ISTAT geometry 2021
004097,Gorzegno,current_name,,2021-12-31,ISTAT geometry 2021
004098,Gottasecca,current_name,,2021-12-31,ISTAT geometry 2021
004099,Govone,current_name,,2021-12-31,ISTAT geometry 2021
004100,Grinzane Cavour,current_name,,2021-12-31,ISTAT geometry 2021
004101,Guarene,current_name,,2021-12-31,ISTAT geometry 2021
004102,Igliano,current_name,,2021-12-31,ISTAT geometry 2021
004103,Isasca,current_name,,2021-12-31,ISTAT geometry 2021
004104,Lagnasco,current_name,,2021-12-31,ISTAT geometry 2021
004105,La Morra,current_name,,2021-12-31,ISTAT geometry 2021
004105,Morra,historical_name,,1863-02-21,ISTAT SITUAS report 104
004106,Albaretto,historical_name,,1863-01-11,ISTAT SITUAS report 104
004106,Albaretto della Torre,historical_name,,1863-01-11,ISTAT SITUAS report 104
004106,Lequio,historical_name,,1863-01-11,ISTAT SITUAS report 104
004106,Lequio Berria,current_name,,2021-12-31,ISTAT geometry 2021
004107,Lequio Tanaro,current_name,,2021-12-31,ISTAT geometry 2021
004108,Lesegno,current_name,,2021-12-31,ISTAT geometry 2021
004109,Levice,current_name,,2021-12-31,ISTAT geometry 2021
004110,Limone,historical_name,,1863-01-11,ISTAT SITUAS report 104
004110,Limone Piemonte,current_name,,2021-12-31,ISTAT geometry 2021
004111,Lisio,current_name,,2021-12-31,ISTAT geometry 2021
004112,Albaretto,historical_name,,1863-05-12,ISTAT SITUAS report 104
004112,Albaretto Valle di Macra,historical_name,,1863-05-12,ISTAT SITUAS report 104
004112,Celle,historical_name,,1863-01-11,ISTAT SITUAS report 104
004112,Celle di Macra,historical_name,,1863-01-11,ISTAT SITUAS report 104
004112,Macra,current_name,,2021-12-31,ISTAT geometry 2021
004113,Magliano,historical_name,,1863-01-11,ISTAT SITUAS report 104
004113,Magliano Alfieri,current_name,,2021-12-31,ISTAT geometry 2021
004113,Magliano d'Alba,historical_name,,1863-01-11,ISTAT SITUAS report 104
004114,Magliano,historical_name,,1863-01-11,ISTAT SITUAS report 104
004114,Magliano Alpi,current_name,,2021-12-31,ISTAT geometry 2021
004115,Mango,current_name,,2021-12-31,ISTAT geometry 2021
004116,Manta,current_name,,2021-12-31,ISTAT geometry 2021
004117,Marene,current_name,,2021-12-31,ISTAT geometry 2021
004118,Margarita,current_name,,2021-12-31,ISTAT geometry 2021
004119,Marmora,current_name,,2021-12-31,ISTAT geometry 2021
004120,Marsaglia,current_name,,2021-12-31,ISTAT geometry 2021
004121,Martiniana,historical_name,,1863-01-11,ISTAT SITUAS report 104
004121,Martiniana Po,current_name,,2021-12-31,ISTAT geometry 2021
004122,Melle,current_name,,2021-12-31,ISTAT geometry 2021
004123,Moiola,current_name,,2021-12-31,ISTAT geometry 2021
004124,Mombarcaro,current_name,,2021-12-31,ISTAT geometry 2021
004125,Mombasiglio,current_name,,2021-12-31,ISTAT geometry 2021
004126,Monastero,historical_name,,1863-01-11,ISTAT SITUAS report 104
004126,Monastero di Vasco,current_name,,2021-12-31,ISTAT geometry 2021
004127,Monasterolo Casotto,current_name,,2021-12-31,ISTAT geometry 2021
004127,MONASTEROLO CASSOTO,historical_name,1946-12-05,1956-02-21,ANPR historical archive
004128,Monasterolo,historical_name,,1863-01-11,ISTAT SITUAS report 104
004128,Monasterolo di Savigliano,current_name,,2021-12-31,ISTAT geometry 2021
004129,Monchiero,current_name,,2021-12-31,ISTAT geometry 2021
004130,Mondovì,current_name,,2021-12-31,ISTAT geometry 2021
004131,Monesiglio,current_name,,2021-12-31,ISTAT geometry 2021
004132,Monforte,historical_name,,1863-01-11,ISTAT SITUAS report 104
004132,Monforte d'Alba,current_name,,2021-12-31,ISTAT geometry 2021
004133,Montà,current_name,,2021-12-31,ISTAT geometry 2021
004134,Montaldo,historical_name,,1863-01-11,ISTAT SITUAS report 104
004134,Montaldo di Mondovì,current_name,,2021-12-31,ISTAT geometry 2021
004135,Montaldo Roero,current_name,,2021-12-31,ISTAT geometry 2021
004136,Montanera,current_name,,2021-12-31,ISTAT geometry 2021
004137,Montelupo,historical_name,,1863-01-11,ISTAT SITUAS report 104
004137,Montelupo Albese,current_name,,2021-12-31,ISTAT geometry 2021
004138,Montemale,historical_name,,1863-01-11,ISTAT SITUAS report 104
004138,Montemale di Cuneo,current_name,,2021-12-31,ISTAT geometry 2021
004139,Monterosso,historical_name,,1863-01-11,ISTAT SITUAS report 104
004139,Monterosso Grana,current_name,,2021-12-31,ISTAT geometry 2021
004140,Monteu Roero,current_name,,2021-12-31,ISTAT geometry 2021
004141,Montezemolo,current_name,,2021-12-31,ISTAT geometry 2021
004142,Monticelli,historical_name,,1863-01-11,ISTAT SITUAS report 104
004142,Monticelli Alba,historical_name,,1863-01-11,ISTAT SITUAS report 104
004142,Monticello d'Alba,current_name,,2021-12-31,ISTAT geometry 2021
004143,Moretta,current_name,,2021-12-31,ISTAT geometry 2021
004144,Morozzo,current_name,,2021-12-31,ISTAT geometry 2021
004145,Murazzano,current_name,,2021-12-31,ISTAT geometry 2021
004146,Murello,current_name,,2021-12-31,ISTAT geometry 2021
004147,Narzole,current_name,,2021-12-31,ISTAT geometry 2021
004148,Neive,current_name,,2021-12-31,ISTAT geometry 2021
004149,Neviglie,current_name,,2021-12-31,ISTAT geometry 2021
004150,Niella Belbo,current_name,,2021-12-31,ISTAT geometry 2021
004150,San Benedetto,historical_name,,1863-01-11,ISTAT SITUAS report 104
004150,San Benedetto Belbo,historical_name,,1863-01-11,ISTAT SITUAS report 104
004151,Niella Tanaro,current_name,,2021-12-31,ISTAT geometry 2021
004152,Novello,current_name,,2021-12-31,ISTAT geometry 2021
004153,Nucetto,current_name,,2021-12-31,ISTAT geometry 2021
004154,Oncino,current_name,,2021-12-31,ISTAT geometry 2021
004155,Ormea,current_name,,2021-12-31,ISTAT geometry 2021
004156,Ostana,current_name,,2021-12-31,ISTAT geometry 2021
004157,Paesana,current_name,,2021-12-31,ISTAT geometry 2021
004158,Pagno,current_name,,2021-12-31,ISTAT geometry 2021
004159,Pamparato,current_name,,2021-12-31,ISTAT geometry 2021
004160,Paroldo,current_name,,2021-12-31,ISTAT geometry 2021
004161,Perletto,current_name,,2021-12-31,ISTAT geometry 2021
004162,Perlo,current_name,,2021-12-31,ISTAT geometry 2021
004163,Peveragno,current_name,,2021-12-31,ISTAT geometry 2021
004164,Pezzolo Valle Uzzone,current_name,,2021-12-31,ISTAT geometry 2021
004165,Pianfei,current_name,,2021-12-31,ISTAT geometry 2021
004166,Piasco,current_name,,2021-12-31,ISTAT geometry 2021
004167,Pietraporzio,current_name,,2021-12-31,ISTAT geometry 2021
004168,Piobesi d'Alba,current_name,,2021-12-31,ISTAT geometry 2021
004169,Piozzo,current_name,,2021-12-31,ISTAT geometry 2021
004170,Pocapaglia,current_name,,2021-12-31,ISTAT geometry 2021
004171,Polonghera,current_name,,2021-12-31,ISTAT geometry 2021
004172,Pontechianale,current_name,,2021-12-31,ISTAT geometry 2021
004173,PRADLEVE,historical_name,1940-05-07,1956-03-28,ANPR historical archive
004173,Pradleves,current_name,,2021-12-31,ISTAT geometry 2021
004174,Prazzo,current_name,,2021-12-31,ISTAT geometry 2021
004174,San Michele,historical_name,,1863-01-11,ISTAT SITUAS report 104
004174,San Michele Prazzo,historical_name,,1863-01-11,ISTAT SITUAS report 104
004175,Priero,current_name,,2021-12-31,ISTAT geometry 2021
004176,Priocca,current_name,,2021-12-31,ISTAT geometry 2021
004177,Priola,current_name,,2021-12-31,ISTAT geometry 2021
004178,Prunetto,current_name,,2021-12-31,ISTAT geometry 2021
004179,Racconigi,current_name,,2021-12-31,ISTAT geometry 2021
004180,Revello,current_name,,2021-12-31,ISTAT geometry 2021
004181,Rifreddo,current_name,,2021-12-31,ISTAT geometry 2021
004182,Rittana,current_name,,2021-12-31,ISTAT geometry 2021
004183,Roaschia,current_name,,2021-12-31,ISTAT geometry 2021
004184,Roascio,current_name,,2021-12-31,ISTAT geometry 2021
004185,Robilante,current_name,,2021-12-31,ISTAT geometry 2021
004186,Roburent,current_name,,2021-12-31,ISTAT geometry 2021
004186,ROBURENTO,historical_name,1940-05-07,1952-09-11,ANPR historical archive
004187,Roccabruna,current_name,,2021-12-31,ISTAT geometry 2021
004188,Rocca Cigliè,current_name,,2021-12-31,ISTAT geometry 2021
004189,Rocca de' Baldi,current_name,,2021-12-31,ISTAT geometry 2021
004190,Roccaforte,historical_name,,1863-01-11,ISTAT SITUAS report 104
004190,Roccaforte Mondovì,current_name,,2021-12-31,ISTAT geometry 2021
004191,Roccasparvera,current_name,,2021-12-31,ISTAT geometry 2021
004192,Roccavione,current_name,,2021-12-31,ISTAT geometry 2021
004193,Rocchetta Belbo,current_name,,2021-12-31,ISTAT geometry 2021
004194,Roddi,current_name,,2021-12-31,ISTAT geometry 2021
004195,Roddino,current_name,,2021-12-31,ISTAT geometry 2021
004196,Rodello,current_name,,2021-12-31,ISTAT geometry 2021
004197,Rossana,current_name,,2021-12-31,ISTAT geometry 2021
004198,Ruffia,current_name,,2021-12-31,ISTAT geometry 2021
004199,Sale,historical_name,,1863-01-11,ISTAT SITUAS report 104
004199,Sale delle Langhe,current_name,,2021-12-31,ISTAT geometry 2021
004200,Sale San Giovanni,current_name,,2021-12-31,ISTAT geometry 2021
004201,Saliceto,current_name,,2021-12-31,ISTAT geometry 2021
004202,SALMORE,historical_name,1940-08-10,1951-09-10,ANPR historical archive
004202,Salmour,current_name,,2021-12-31,ISTAT geometry 2021
004203,CASTELLAR,historical_name,1946-11-12,2018-12-31,ANPR historical archive
004203,Saluzzo,current_name,,2021-12-31,ISTAT geometry 2021
004204,Sambuco,current_name,,2021-12-31,ISTAT geometry 2021
004205,SAMPEIRE,historical_name,1940-08-10,1955-08-11,ANPR historical archive
004205,Sampeyre,current_name,,2021-12-31,ISTAT geometry 2021
004206,San Benedetto Belbo,current_name,,2021-12-31,ISTAT geometry 2021
004207,San Damiano,historical_name,,1863-01-11,ISTAT SITUAS report 104
004207,San Damiano Macra,current_name,,2021-12-31,ISTAT geometry 2021
004208,Sanfrè,current_name,,2021-12-31,ISTAT geometry 2021
004209,Sanfront,current_name,,2021-12-31,ISTAT geometry 2021
004209,SANFRONTE,historical_name,1940-08-10,1951-11-17,ANPR historical archive
004210,Monasterolo,historical_name,,1863-01-11,ISTAT SITUAS report 104
004210,Monasterolo Cassoto,historical_name,,1863-01-11,ISTAT SITUAS report 104
004210,San Michele,historical_name,,1863-01-11,ISTAT SITUAS report 104
004210,San Michele Mondovì,current_name,,2021-12-31,ISTAT geometry 2021
004211,Sant'Albano,historical_name,,1863-01-11,ISTAT SITUAS report 104
004211,Sant'Albano Stura,current_name,,2021-12-31,ISTAT geometry 2021
004212,Santa Vittoria,historical_name,,1863-01-11,ISTAT SITUAS report 104
004212,Santa Vittoria d'Alba,current_name,,2021-12-31,ISTAT geometry 2021
004213,CAMO,historical_name,1947-05-23,2018-12-31,ANPR historical archive
004213,Santo Stefano Belbo,current_name,,2021-12-31,ISTAT geometry 2021
004214,Santo Stefano Roero,current_name,,2021-12-31,ISTAT geometry 2021
004215,Savigliano,current_name,,2021-12-31,ISTAT geometry 2021
004216,Scagnello,current_name,,2021-12-31,ISTAT geometry 2021
004217,Scarnafigi,current_name,,2021-12-31,ISTAT geometry 2021
004218,Serralunga Cereseto,historical_name,,1890-08-17,ISTAT SITUAS report 104
004218,Serralunga d'Alba,current_name,,2021-12-31,ISTAT geometry 2021
004219,Cerretto,historical_name,,1863-01-11,ISTAT SITUAS report 104
004219,Cerretto delle Langhe,historical_name,,1863-01-11,ISTAT SITUAS report 104
004219,Serravalle,historical_name,,1863-01-11,ISTAT SITUAS report 104
004219,SERRAVALLE DELLE LANGHE,historical_name,1929-01-24,1947-06-16,ANPR historical archive
004219,Serravalle Langhe,current_name,,2021-12-31,ISTAT geometry 2021
004220,Sinio,current_name,,2021-12-31,ISTAT geometry 2021
004221,Somano,current_name,,2021-12-31,ISTAT geometry 2021
004222,Sommariva del Bosco,current_name,,2021-12-31,ISTAT geometry 2021
004223,Sommariva Perno,current_name,,2021-12-31,ISTAT geometry 2021
004224,Stroppo,current_name,,2021-12-31,ISTAT geometry 2021
004225,Tarantasca,current_name,,2021-12-31,ISTAT geometry 2021
004226,Torre Bormida,current_name,,2021-12-31,ISTAT geometry 2021
004227,Torre,historical_name,,1863-01-11,ISTAT SITUAS report 104
004227,Torre Mondovì,current_name,,2021-12-31,ISTAT geometry 2021
004228,Torre San Giorgio,current_name,,2021-12-31,ISTAT geometry 2021
004229,Torresina,current_name,,2021-12-31,ISTAT geometry 2021
004230,Treiso,current_name,,2021-12-31,ISTAT geometry 2021
004231,Trezzo,historical_name,,1863-01-11,ISTAT SITUAS report 104
004231,Trezzo Tinella,current_name,,2021-12-31,ISTAT geometry 2021
004232,Trinità,current_name,,2021-12-31,ISTAT geometry 2021
004233,Valdieri,current_name,,2021-12-31,ISTAT geometry 2021
004234,Valgrana,current_name,,2021-12-31,ISTAT geometry 2021
004235,Valloria,historical_name,,1863-02-21,ISTAT SITUAS report 104
004235,Valloriate,current_name,,2021-12-31,ISTAT geometry 2021
004237,Venasca,current_name,,2021-12-31,ISTAT geometry 2021
004238,Verduno,current_name,,2021-12-31,ISTAT geometry 2021
004239,Vernante,current_name,,2021-12-31,ISTAT geometry 2021
004240,Verzuolo,current_name,,2021-12-31,ISTAT geometry 2021
004241,Vezza,historical_name,,1863-01-11,ISTAT SITUAS report 104
004241,Vezza d'Alba,current_name,,2021-12-31,ISTAT geometry 2021
004242,Vico,historical_name,,1863-02-21,ISTAT SITUAS report 104
004242,Vicoforte,current_name,,2021-12-31,ISTAT geometry 2021
004243,Vignolo,current_name,,2021-12-31,ISTAT geometry 2021
004244,Villafalletto,current_name,,2021-12-31,ISTAT geometry 2021
004245,Villanova,historical_name,,1863-01-11,ISTAT SITUAS report 104
004245,Villanova Mondovì,current_name,,2021-12-31,ISTAT geometry 2021
004246,Villanova Solaro,current_name,,2021-12-31,ISTAT geometry 2021
004247,Villar San Costanzo,current_name,,2021-12-31,ISTAT geometry 2021
004248,Vinadio,current_name,,2021-12-31,ISTAT geometry 2021
004249,Viola,current_name,,2021-12-31,ISTAT geometry 2021
004250,Vottignasco,current_name,,2021-12-31,ISTAT geometry 2021
005001,AGLIANO,historical_name,1935-04-08,1995-03-17,ANPR historical archive
005001,Agliano Terme,current_name,,2021-12-31,ISTAT geometry 2021
005002,Albugnano,current_name,,2021-12-31,ISTAT geometry 2021
005003,Antignano,current_name,,2021-12-31,ISTAT geometry 2021
005004,Aramengo,current_name,,2021-12-31,ISTAT geometry 2021
005005,Asti,current_name,,2021-12-31,ISTAT geometry 2021
005005,Castiglione,historical_name,,1863-05-05,ISTAT SITUAS report 104
005005,Castiglione d'Asti,historical_name,,1863-05-05,ISTAT SITUAS report 104
005005,Quarto,historical_name,,1863-05-05,ISTAT SITUAS report 104
005005,Quarto Astese,historical_name,,1863-05-05,ISTAT SITUAS report 104
005005,Serravalle,historical_name,,1863-05-05,ISTAT SITUAS report 104
005005,Serravalle d'Asti,historical_name,,1863-05-05,ISTAT SITUAS report 104
005006,Azzano d'Asti,current_name,,2021-12-31,ISTAT geometry 2021
005007,Baldichieri d'Asti,current_name,,2021-12-31,ISTAT geometry 2021
005008,Belvedere,historical_name,,1863-05-05,ISTAT SITUAS report 104
005008,Belveglio,current_name,,2021-12-31,ISTAT geometry 2021
005009,Berzano,historical_name,,1863-05-05,ISTAT SITUAS report 104
005009,Berzano di San Pietro,current_name,,2021-12-31,ISTAT geometry 2021
005010,Bruno,current_name,,2021-12-31,ISTAT geometry 2021
005011,Bubbio,current_name,,2021-12-31,ISTAT geometry 2021
005012,Buttigliera d'Asti,current_name,,2021-12-31,ISTAT geometry 2021
005013,Calamandrana,current_name,,2021-12-31,ISTAT geometry 2021
005014,Calliano,current_name,,2021-12-31,ISTAT geometry 2021
005015,Calosso,current_name,,2021-12-31,ISTAT geometry 2021
005016,Camerano Casasco,current_name,,2021-12-31,ISTAT geometry 2021
005017,Canelli,current_name,,2021-12-31,ISTAT geometry 2021
005018,Cantarana,current_name,,2021-12-31,ISTAT geometry 2021
005019,Capriglio,current_name,,2021-12-31,ISTAT geometry 2021
005020,Casorzo,current_name,,2021-12-31,ISTAT geometry 2021
005020,Casorzo Monferrato,election_source_name,2022-09-25,2022-09-25,official election source label
005021,Cassinasco,current_name,,2021-12-31,ISTAT geometry 2021
005022,Castagnole delle Lanze,current_name,,2021-12-31,ISTAT geometry 2021
005023,Castagnole,historical_name,,1863-05-05,ISTAT SITUAS report 104
005023,Castagnole Monferrato,current_name,,2021-12-31,ISTAT geometry 2021
005024,Castel Boglione,current_name,,2021-12-31,ISTAT geometry 2021
005024,Castelvero,historical_name,,1863-05-05,ISTAT SITUAS report 104
005025,Castell'Alfero,current_name,,2021-12-31,ISTAT geometry 2021
005026,Castellero,current_name,,2021-12-31,ISTAT geometry 2021
005027,Castelletto Molina,current_name,,2021-12-31,ISTAT geometry 2021
005028,Annone,historical_name,,1863-05-05,ISTAT SITUAS report 104
005028,Castello di Annone,current_name,,2021-12-31,ISTAT geometry 2021
005029,Castelnuovo Belbo,current_name,,2021-12-31,ISTAT geometry 2021
005030,Castelnuovo Calcea,current_name,,2021-12-31,ISTAT geometry 2021
005031,Castelnuovo d'Asti,historical_name,,1929-05-14,ISTAT SITUAS report 98
005031,Castelnuovo Don Bosco,current_name,,2021-12-31,ISTAT geometry 2021
005031,Pino,historical_name,,1863-05-05,ISTAT SITUAS report 104
005031,Pino d'Asti,historical_name,,1863-05-05,ISTAT SITUAS report 104
005032,Castel Rocchero,current_name,,2021-12-31,ISTAT geometry 2021
005033,Cellarengo,current_name,,2021-12-31,ISTAT geometry 2021
005034,Celle,historical_name,,1863-05-05,ISTAT SITUAS report 104
005034,Celle Enomondo,current_name,,2021-12-31,ISTAT geometry 2021
005035,Cerreto d'Asti,current_name,,2021-12-31,ISTAT geometry 2021
005036,Cerro,historical_name,,1864-02-02,ISTAT SITUAS report 104
005036,Cerro Tanaro,current_name,,2021-12-31,ISTAT geometry 2021
005037,Cessole,current_name,,2021-12-31,ISTAT geometry 2021
005038,Chiusano,historical_name,,1863-05-05,ISTAT SITUAS report 104
005038,Chiusano d'Asti,current_name,,2021-12-31,ISTAT geometry 2021
005039,Cinaglio,current_name,,2021-12-31,ISTAT geometry 2021
005040,Cisterna,historical_name,,1863-05-05,ISTAT SITUAS report 104
005040,Cisterna d'Asti,current_name,,2021-12-31,ISTAT geometry 2021
005041,Coazzolo,current_name,,2021-12-31,ISTAT geometry 2021
005042,Cocconato,current_name,,2021-12-31,ISTAT geometry 2021
005044,Corsione,current_name,,2021-12-31,ISTAT geometry 2021
005045,Cortandone,current_name,,2021-12-31,ISTAT geometry 2021
005046,Cortanze,current_name,,2021-12-31,ISTAT geometry 2021
005047,Cortazzone,current_name,,2021-12-31,ISTAT geometry 2021
005048,Corticelle,historical_name,,1863-05-05,ISTAT SITUAS report 104
005048,Cortiglione,current_name,,2021-12-31,ISTAT geometry 2021
005049,Cossombrato,current_name,,2021-12-31,ISTAT geometry 2021
005050,Costigliole d'Asti,current_name,,2021-12-31,ISTAT geometry 2021
005051,Cunico,current_name,,2021-12-31,ISTAT geometry 2021
005052,Dusino San Michele,current_name,,2021-12-31,ISTAT geometry 2021
005052,San Michele,historical_name,,1863-05-05,ISTAT SITUAS report 104
005052,San Michele d'Asti,historical_name,,1863-05-05,ISTAT SITUAS report 104
005053,Ferrere,current_name,,2021-12-31,ISTAT geometry 2021
005054,Fontanile,current_name,,2021-12-31,ISTAT geometry 2021
005055,Frinco,current_name,,2021-12-31,ISTAT geometry 2021
005056,Grana,current_name,,2021-12-31,ISTAT geometry 2021
005057,Grazzano,historical_name,,1868-12-31,ISTAT SITUAS report 104
005057,Grazzano Badoglio,current_name,,2021-12-31,ISTAT geometry 2021
005057,Grazzano Monferrato,historical_name,,1868-12-31,ISTAT SITUAS report 104
005058,Incisa,historical_name,,1863-05-05,ISTAT SITUAS report 104
005058,Incisa Belbo,historical_name,,1863-05-05,ISTAT SITUAS report 104
005058,Incisa Scapaccino,current_name,,2021-12-31,ISTAT geometry 2021
005059,Isola,historical_name,,1863-05-05,ISTAT SITUAS report 104
005059,Isola d'Asti,current_name,,2021-12-31,ISTAT geometry 2021
005060,Loazzolo,current_name,,2021-12-31,ISTAT geometry 2021
005061,Maranzana,current_name,,2021-12-31,ISTAT geometry 2021
005062,Maretto,current_name,,2021-12-31,ISTAT geometry 2021
005063,Moasca,current_name,,2021-12-31,ISTAT geometry 2021
005064,Mombaldone,current_name,,2021-12-31,ISTAT geometry 2021
005065,Mombaruzzo,current_name,,2021-12-31,ISTAT geometry 2021
005066,Mombercelli,current_name,,2021-12-31,ISTAT geometry 2021
005067,Monale,current_name,,2021-12-31,ISTAT geometry 2021
005068,Monastero,historical_name,,1863-05-05,ISTAT SITUAS report 104
005068,Monastero Bormida,current_name,,2021-12-31,ISTAT geometry 2021
005069,Moncalvo,current_name,,2021-12-31,ISTAT geometry 2021
005070,Moncucco,historical_name,,1863-05-05,ISTAT SITUAS report 104
005070,Moncucco Torinese,current_name,,2021-12-31,ISTAT geometry 2021
005071,Mongardino,current_name,,2021-12-31,ISTAT geometry 2021
005072,Montabone,current_name,,2021-12-31,ISTAT geometry 2021
005073,Montafia,current_name,,2021-12-31,ISTAT geometry 2021
005074,Montaldo Scarampi,current_name,,2021-12-31,ISTAT geometry 2021
005075,Montechiaro,historical_name,,1863-05-05,ISTAT SITUAS report 104
005075,Montechiaro d'Asti,current_name,,2021-12-31,ISTAT geometry 2021
005076,Montegrosso,historical_name,,1863-05-05,ISTAT SITUAS report 104
005076,Montegrosso d'Asti,current_name,,2021-12-31,ISTAT geometry 2021
005077,Montemagno,current_name,,2021-12-31,ISTAT geometry 2021
005079,Moransengo,current_name,,2021-12-31,ISTAT geometry 2021
005079,Moransengo-Tonengo,election_source_name,2024-06-09,2024-06-09,official election source label
005080,Nizza Monferrato,current_name,,2021-12-31,ISTAT geometry 2021
005081,Olmo,historical_name,,1863-05-05,ISTAT SITUAS report 104
005081,Olmo Gentile,current_name,,2021-12-31,ISTAT geometry 2021
005082,Passerano Marmorito,current_name,,2021-12-31,ISTAT geometry 2021
005083,Penango,current_name,,2021-12-31,ISTAT geometry 2021
005084,Piea,current_name,,2021-12-31,ISTAT geometry 2021
005085,Pino d'Asti,current_name,,2021-12-31,ISTAT geometry 2021
005086,Castelvero,historical_name,,1863-05-05,ISTAT SITUAS report 104
005086,Castelvero d'Asti,historical_name,,1863-05-05,ISTAT SITUAS report 104
005086,Cerreto,historical_name,,1863-05-05,ISTAT SITUAS report 104
005086,Cerreto d'Asti,historical_name,,1863-05-05,ISTAT SITUAS report 104
005086,Piovà,historical_name,,1928-08-07,ISTAT SITUAS report 98
005086,Piovà Massaia,current_name,,2021-12-31,ISTAT geometry 2021
005087,Portacomaro,current_name,,2021-12-31,ISTAT geometry 2021
005088,Quaranti,current_name,,2021-12-31,ISTAT geometry 2021
005089,Refrancore,current_name,,2021-12-31,ISTAT geometry 2021
005090,Revigliasco,historical_name,,1863-05-05,ISTAT SITUAS report 104
005090,Revigliasco d'Asti,current_name,,2021-12-31,ISTAT geometry 2021
005091,Roatto,current_name,,2021-12-31,ISTAT geometry 2021
005092,Robella,current_name,,2021-12-31,ISTAT geometry 2021
005093,Azzano,historical_name,,1863-05-05,ISTAT SITUAS report 104
005093,Azzano d'Asti,historical_name,,1904-07-24,ISTAT SITUAS report 104
005093,Azzano del Tanaro,historical_name,,1863-05-05,ISTAT SITUAS report 104
005093,Rocca d'Arazzo,current_name,,2021-12-31,ISTAT geometry 2021
005094,Roccaverano,current_name,,2021-12-31,ISTAT geometry 2021
005095,Rocchetta Palafea,current_name,,2021-12-31,ISTAT geometry 2021
005096,Rocchetta Tanaro,current_name,,2021-12-31,ISTAT geometry 2021
005097,San Damiano,historical_name,,1863-05-05,ISTAT SITUAS report 104
005097,San Damiano d'Asti,current_name,,2021-12-31,ISTAT geometry 2021
005098,San Giorgio Scarampi,current_name,,2021-12-31,ISTAT geometry 2021
005099,San Martino,historical_name,,1863-05-05,ISTAT SITUAS report 104
005099,San Martino al Tanaro,historical_name,,1863-05-05,ISTAT SITUAS report 104
005099,San Martino Alfieri,current_name,,2021-12-31,ISTAT geometry 2021
005100,San Marzano Oliveto,current_name,,2021-12-31,ISTAT geometry 2021
005101,San Paolo,historical_name,,1863-05-05,ISTAT SITUAS report 104
005101,San Paolo della Valle,historical_name,,1863-05-05,ISTAT SITUAS report 104
005101,San Paolo Solbrito,current_name,,2021-12-31,ISTAT geometry 2021
005103,Scurzolengo,current_name,,2021-12-31,ISTAT geometry 2021
005104,Serole,current_name,,2021-12-31,ISTAT geometry 2021
005105,Sessame,current_name,,2021-12-31,ISTAT geometry 2021
005106,Settime,current_name,,2021-12-31,ISTAT geometry 2021
005107,Soglio,current_name,,2021-12-31,ISTAT geometry 2021
005108,Tigliole,current_name,,2021-12-31,ISTAT geometry 2021
005109,Tonco,current_name,,2021-12-31,ISTAT geometry 2021
005110,Tonengo,current_name,,2021-12-31,ISTAT geometry 2021
005111,Vaglio,historical_name,,1863-05-05,ISTAT SITUAS report 104
005111,Vaglio Serra,current_name,,2021-12-31,ISTAT geometry 2021
005112,Valfenera,current_name,,2021-12-31,ISTAT geometry 2021
005113,Vesime,current_name,,2021-12-31,ISTAT geometry 2021
005114,Viale,current_name,,2021-12-31,ISTAT geometry 2021
005114,Viale d'Asti,election_source_name,1953-06-07,1953-06-07,official election source label
005115,Viarigi,current_name,,2021-12-31,ISTAT geometry 2021
005116,Vigliano,historical_name,,1863-05-05,ISTAT SITUAS report 104
005116,Vigliano d'Asti,current_name,,2021-12-31,ISTAT geometry 2021
005117,Villafranca,historical_name,,1863-05-05,ISTAT SITUAS report 104
005117,Villafranca d'Asti,current_name,,2021-12-31,ISTAT geometry 2021
005118,Villanova,historical_name,,1863-06-21,ISTAT SITUAS report 104
005118,Villanova d'Asti,current_name,,2021-12-31,ISTAT geometry 2021
005118,VILLANUOVA D'ASTI,historical_name,1935-04-08,1951-08-08,ANPR historical archive
005119,Villa San Secondo,current_name,,2021-12-31,ISTAT geometry 2021
005120,Vinchio,current_name,,2021-12-31,ISTAT geometry 2021
005121,COLCAVAGNO,historical_name,1947-12-24,1998-08-31,ANPR historical archive
005121,MONTIGLIO,historical_name,1935-04-08,1998-08-31,ANPR historical archive
005121,Montiglio Monferrato,current_name,,2021-12-31,ISTAT geometry 2021
005121,SCANDELUZZA,historical_name,1935-04-08,1947-12-23,ANPR historical archive
006001,ACQUI,historical_name,1929-05-14,1947-11-25,ANPR historical archive
006001,Acqui Terme,current_name,,2021-12-31,ISTAT geometry 2021
006002,Albera Ligure,current_name,,2021-12-31,ISTAT geometry 2021
006003,Alessandria,current_name,,2021-12-31,ISTAT geometry 2021
006004,Alfiano,historical_name,,1863-05-05,ISTAT SITUAS report 104
006004,Alfiano Natta,current_name,,2021-12-31,ISTAT geometry 2021
006005,Alice,historical_name,,1863-05-05,ISTAT SITUAS report 104
006005,Alice Bel Colle,current_name,,2021-12-31,ISTAT geometry 2021
006007,Altavilla,historical_name,,1863-05-05,ISTAT SITUAS report 104
006007,Altavilla Monferrato,current_name,,2021-12-31,ISTAT geometry 2021
006008,Alzano Scrivia,current_name,,2021-12-31,ISTAT geometry 2021
006009,Arquata,historical_name,,1863-02-21,ISTAT SITUAS report 104
006009,Arquata Scrivia,current_name,,2021-12-31,ISTAT geometry 2021
006010,Avolasca,current_name,,2021-12-31,ISTAT geometry 2021
006011,Balzola,current_name,,2021-12-31,ISTAT geometry 2021
006012,Basaluzzo,current_name,,2021-12-31,ISTAT geometry 2021
006013,Bassignana,current_name,,2021-12-31,ISTAT geometry 2021
006014,Belforte Monferrato,current_name,,2021-12-31,ISTAT geometry 2021
006015,Bergamasco,current_name,,2021-12-31,ISTAT geometry 2021
006016,Berzano di Tortona,current_name,,2021-12-31,ISTAT geometry 2021
006017,Bistagno,current_name,,2021-12-31,ISTAT geometry 2021
006018,Borghetto di Borbera,current_name,,2021-12-31,ISTAT geometry 2021
006018,Molo,historical_name,,1863-02-21,ISTAT SITUAS report 104
006018,Molo di Borbera,historical_name,,1863-02-21,ISTAT SITUAS report 104
006019,Borgoratto,historical_name,,1863-05-05,ISTAT SITUAS report 104
006019,Borgoratto Alessandrino,current_name,,2021-12-31,ISTAT geometry 2021
006020,Borgo San Martino,current_name,,2021-12-31,ISTAT geometry 2021
006021,Bosco,historical_name,,1863-05-05,ISTAT SITUAS report 104
006021,Bosco Marengo,current_name,,2021-12-31,ISTAT geometry 2021
006022,Bosio,current_name,,2021-12-31,ISTAT geometry 2021
006023,Bozzole,current_name,,2021-12-31,ISTAT geometry 2021
006024,Brignano,historical_name,,1863-05-09,ISTAT SITUAS report 104
006024,Brignano del Curone,historical_name,,1863-05-09,ISTAT SITUAS report 104
006024,Brignano-Frascata,current_name,,2021-12-31,ISTAT geometry 2021
006025,Cabella Ligure,current_name,,2021-12-31,ISTAT geometry 2021
006026,Camagna,election_source_name,1953-06-07,1953-06-07,official election source label
006026,Camagna Monferrato,current_name,,2021-12-31,ISTAT geometry 2021
006027,Camino,current_name,,2021-12-31,ISTAT geometry 2021
006027,Castel San Pietro,historical_name,,1863-05-05,ISTAT SITUAS report 104
006027,Castel San Pietro Monferrato,historical_name,,1863-05-05,ISTAT SITUAS report 104
006028,Cantalupo Ligure,current_name,,2021-12-31,ISTAT geometry 2021
006029,Capriata,historical_name,,1863-02-21,ISTAT SITUAS report 104
006029,Capriata d'Orba,current_name,,2021-12-31,ISTAT geometry 2021
006030,Carbonara,historical_name,,1863-05-09,ISTAT SITUAS report 104
006030,Carbonara Scrivia,current_name,,2021-12-31,ISTAT geometry 2021
006031,Carentino,current_name,,2021-12-31,ISTAT geometry 2021
006032,Carezzano,current_name,,2021-12-31,ISTAT geometry 2021
006032,Carezzano Inferiore,historical_name,,1927-05-10,ISTAT SITUAS report 104
006032,Carezzano Maggiore,historical_name,,1927-05-10,ISTAT SITUAS report 104
006033,Carpeneto,current_name,,2021-12-31,ISTAT geometry 2021
006034,Carrega Ligure,current_name,,2021-12-31,ISTAT geometry 2021
006035,Carrosio,current_name,,2021-12-31,ISTAT geometry 2021
006036,Cartosio,current_name,,2021-12-31,ISTAT geometry 2021
006037,Casal Cermelli,current_name,,2021-12-31,ISTAT geometry 2021
006038,Casaleggio,historical_name,,1863-02-21,ISTAT SITUAS report 104
006038,Casaleggio Boiro,current_name,,2021-12-31,ISTAT geometry 2021
006039,Casale Monferrato,current_name,,2021-12-31,ISTAT geometry 2021
006040,Casalnoceto,current_name,,2021-12-31,ISTAT geometry 2021
006041,Casasco,current_name,,2021-12-31,ISTAT geometry 2021
006043,Cassine,current_name,,2021-12-31,ISTAT geometry 2021
006044,Cassinelle,current_name,,2021-12-31,ISTAT geometry 2021
006045,CASTELLANIA,historical_name,1947-10-01,2019-05-30,ANPR historical archive
006045,Castellania Coppi,current_name,,2021-12-31,ISTAT geometry 2021
006046,Castellar Guidobono,current_name,,2021-12-31,ISTAT geometry 2021
006047,Castellazzo,historical_name,,1863-05-05,ISTAT SITUAS report 104
006047,Castellazzo Bormida,current_name,,2021-12-31,ISTAT geometry 2021
006048,Castelletto d'Erro,current_name,,2021-12-31,ISTAT geometry 2021
006049,Castelletto d'Orba,current_name,,2021-12-31,ISTAT geometry 2021
006050,Castelletto Merli,current_name,,2021-12-31,ISTAT geometry 2021
006051,Castelletto Monferrato,current_name,,2021-12-31,ISTAT geometry 2021
006051,Castelletto Scazzoso,historical_name,,1937-10-16,ISTAT SITUAS report 104
006052,Castelnuovo Bormida,current_name,,2021-12-31,ISTAT geometry 2021
006053,Castelnuovo Scrivia,current_name,,2021-12-31,ISTAT geometry 2021
006054,Castelspina,current_name,,2021-12-31,ISTAT geometry 2021
006055,Cavatore,current_name,,2021-12-31,ISTAT geometry 2021
006056,Cella,historical_name,,1863-05-05,ISTAT SITUAS report 104
006056,Cella Monte,current_name,,2021-12-31,ISTAT geometry 2021
006057,Cereseto,current_name,,2021-12-31,ISTAT geometry 2021
006058,Ceretto Grue,historical_name,,1863-05-09,ISTAT SITUAS report 104
006058,Cerreto,historical_name,,1863-05-09,ISTAT SITUAS report 104
006058,Cerreto Grue,current_name,,2021-12-31,ISTAT geometry 2021
006059,Cerrina,election_source_name,1953-06-07,1953-06-07,official election source label
006059,Cerrina Monferrato,current_name,,2021-12-31,ISTAT geometry 2021
006060,Coniolo,current_name,,2021-12-31,ISTAT geometry 2021
006061,Conzano,current_name,,2021-12-31,ISTAT geometry 2021
006062,Costa,historical_name,,1863-05-09,ISTAT SITUAS report 104
006062,Costa Vescovato,current_name,,2021-12-31,ISTAT geometry 2021
006063,Cremolino,current_name,,2021-12-31,ISTAT geometry 2021
006065,Denice,current_name,,2021-12-31,ISTAT geometry 2021
006066,Dernice,current_name,,2021-12-31,ISTAT geometry 2021
006067,Fabbrica,historical_name,,1863-05-09,ISTAT SITUAS report 104
006067,Fabbrica Curone,current_name,,2021-12-31,ISTAT geometry 2021
006068,Felizzano,current_name,,2021-12-31,ISTAT geometry 2021
006069,Fiaccone,historical_name,,1927-07-02,ISTAT SITUAS report 104
006069,Fraconalto,current_name,,2021-12-31,ISTAT geometry 2021
006070,Francavilla,historical_name,,1863-02-21,ISTAT SITUAS report 104
006070,Francavilla Bisio,current_name,,2021-12-31,ISTAT geometry 2021
006071,Frascaro,current_name,,2021-12-31,ISTAT geometry 2021
006072,Frassinello,historical_name,,1863-09-20,ISTAT SITUAS report 104
006072,Frassinello Monferrato,current_name,,2021-12-31,ISTAT geometry 2021
006072,FRASSINELLO-OLIVOLA,historical_name,1928-08-16,1950-02-10,ANPR historical archive
006073,Frassineto Po,current_name,,2021-12-31,ISTAT geometry 2021
006074,Fresonara,current_name,,2021-12-31,ISTAT geometry 2021
006075,Frugarolo,current_name,,2021-12-31,ISTAT geometry 2021
006076,FUBINE,historical_name,1861-03-17,2017-02-13,ANPR historical archive
006076,Fubine Monferrato,current_name,,2021-12-31,ISTAT geometry 2021
006077,Gabiano,current_name,,2021-12-31,ISTAT geometry 2021
006077,Varengo,historical_name,,1900-07-01,ISTAT SITUAS report 103
006078,Gamalero,current_name,,2021-12-31,ISTAT geometry 2021
006079,Garbagna,current_name,,2021-12-31,ISTAT geometry 2021
006081,Gavi,current_name,,2021-12-31,ISTAT geometry 2021
006082,Giarole,current_name,,2021-12-31,ISTAT geometry 2021
006083,Gremiasco,current_name,,2021-12-31,ISTAT geometry 2021
006084,Grognardo,current_name,,2021-12-31,ISTAT geometry 2021
006085,Grondona,current_name,,2021-12-31,ISTAT geometry 2021
006086,Guazzora,current_name,,2021-12-31,ISTAT geometry 2021
006087,Isola Sant'Antonio,current_name,,2021-12-31,ISTAT geometry 2021
006088,Lerma,current_name,,2021-12-31,ISTAT geometry 2021
006090,Malvicino,current_name,,2021-12-31,ISTAT geometry 2021
006091,Masio,current_name,,2021-12-31,ISTAT geometry 2021
006092,Melazzo,current_name,,2021-12-31,ISTAT geometry 2021
006093,Merana,current_name,,2021-12-31,ISTAT geometry 2021
006094,Mirabello,historical_name,,1863-05-05,ISTAT SITUAS report 104
006094,Mirabello Monferrato,current_name,,2021-12-31,ISTAT geometry 2021
006095,Molare,current_name,,2021-12-31,ISTAT geometry 2021
006096,Molino dei Torti,current_name,,2021-12-31,ISTAT geometry 2021
006097,Mombello,historical_name,,1863-05-05,ISTAT SITUAS report 104
006097,Mombello Monferrato,current_name,,2021-12-31,ISTAT geometry 2021
006098,Momperone,current_name,,2021-12-31,ISTAT geometry 2021
006099,Moncestino,current_name,,2021-12-31,ISTAT geometry 2021
006100,Mongiardino,historical_name,,1863-02-21,ISTAT SITUAS report 104
006100,Mongiardino Ligure,current_name,,2021-12-31,ISTAT geometry 2021
006101,Monleale,current_name,,2021-12-31,ISTAT geometry 2021
006102,Montacuto,current_name,,2021-12-31,ISTAT geometry 2021
006103,Montaldeo,current_name,,2021-12-31,ISTAT geometry 2021
006104,Montaldo,historical_name,,1863-05-05,ISTAT SITUAS report 104
006104,Montaldo Bormida,current_name,,2021-12-31,ISTAT geometry 2021
006105,Monte Castello,election_source_name,1958-05-25,1958-05-25,official election source label
006105,Montecastello,current_name,,2021-12-31,ISTAT geometry 2021
006106,Montechiaro d'Acqui,current_name,,2021-12-31,ISTAT geometry 2021
006107,Montegioco,current_name,,2021-12-31,ISTAT geometry 2021
006108,Montemarzino,current_name,,2021-12-31,ISTAT geometry 2021
006109,Morano,historical_name,,1863-05-05,ISTAT SITUAS report 104
006109,Morano sul Po,current_name,,2021-12-31,ISTAT geometry 2021
006110,Morbello,current_name,,2021-12-31,ISTAT geometry 2021
006111,Mornese,current_name,,2021-12-31,ISTAT geometry 2021
006112,Morsasco,current_name,,2021-12-31,ISTAT geometry 2021
006113,Murisengo,current_name,,2021-12-31,ISTAT geometry 2021
006114,Novi,historical_name,,1863-02-21,ISTAT SITUAS report 104
006114,Novi Ligure,current_name,,2021-12-31,ISTAT geometry 2021
006115,Occimiano,current_name,,2021-12-31,ISTAT geometry 2021
006116,Odalengo Grande,current_name,,2021-12-31,ISTAT geometry 2021
006117,Odalengo Piccolo,current_name,,2021-12-31,ISTAT geometry 2021
006118,Olivola,current_name,,2021-12-31,ISTAT geometry 2021
006119,Orsara,historical_name,,1863-06-14,ISTAT SITUAS report 104
006119,Orsara Bormida,current_name,,2021-12-31,ISTAT geometry 2021
006120,Ottiglio,current_name,,2021-12-31,ISTAT geometry 2021
006121,Ovada,current_name,,2021-12-31,ISTAT geometry 2021
006122,Oviglio,current_name,,2021-12-31,ISTAT geometry 2021
006123,Ozzano,historical_name,,1863-05-05,ISTAT SITUAS report 104
006123,Ozzano di Robbiano,historical_name,,1863-05-05,ISTAT SITUAS report 104
006123,Ozzano Monferrato,current_name,,2021-12-31,ISTAT geometry 2021
006124,Paderna,current_name,,2021-12-31,ISTAT geometry 2021
006125,Pareto,current_name,,2021-12-31,ISTAT geometry 2021
006126,Parodi,historical_name,,1873-08-31,ISTAT SITUAS report 104
006126,Parodi Ligure,current_name,,2021-12-31,ISTAT geometry 2021
006127,Pasturana,current_name,,2021-12-31,ISTAT geometry 2021
006128,Pecetto,historical_name,,1938-07-26,ISTAT SITUAS report 103
006128,Pecetto di Valenza,current_name,,2021-12-31,ISTAT geometry 2021
006129,Pavone,historical_name,,1863-05-05,ISTAT SITUAS report 104
006129,Pavone d'Alessandria,historical_name,,1863-05-05,ISTAT SITUAS report 104
006129,Pietra Marazzi,current_name,,2021-12-31,ISTAT geometry 2021
006131,Pomaro,historical_name,,1863-05-05,ISTAT SITUAS report 104
006131,Pomaro Monferrato,current_name,,2021-12-31,ISTAT geometry 2021
006132,Pontecurone,current_name,,2021-12-31,ISTAT geometry 2021
006133,Pontestura,current_name,,2021-12-31,ISTAT geometry 2021
006134,Ponti,current_name,,2021-12-31,ISTAT geometry 2021
006135,Ponzano,historical_name,,1863-05-05,ISTAT SITUAS report 104
006135,Ponzano Monferrato,current_name,,2021-12-31,ISTAT geometry 2021
006136,Ponzone,current_name,,2021-12-31,ISTAT geometry 2021
006137,Pozzol Groppo,current_name,,2021-12-31,ISTAT geometry 2021
006138,Pozzolo Formigaro,current_name,,2021-12-31,ISTAT geometry 2021
006139,Prasco,current_name,,2021-12-31,ISTAT geometry 2021
006140,Predosa,current_name,,2021-12-31,ISTAT geometry 2021
006141,Quargnento,current_name,,2021-12-31,ISTAT geometry 2021
006142,Quattordio,current_name,,2021-12-31,ISTAT geometry 2021
006143,Ricaldone,current_name,,2021-12-31,ISTAT geometry 2021
006144,Rivalta,historical_name,,1863-05-05,ISTAT SITUAS report 104
006144,Rivalta Bormida,current_name,,2021-12-31,ISTAT geometry 2021
006145,Rivarone,current_name,,2021-12-31,ISTAT geometry 2021
006146,Roccaforte,historical_name,,1863-02-21,ISTAT SITUAS report 104
006146,Roccaforte Ligure,current_name,,2021-12-31,ISTAT geometry 2021
006147,Rocca Grimalda,current_name,,2021-12-31,ISTAT geometry 2021
006148,Albera,historical_name,,1863-02-21,ISTAT SITUAS report 104
006148,Albera Ligure,historical_name,,1863-02-21,ISTAT SITUAS report 104
006148,Cantalupo,historical_name,,1863-02-21,ISTAT SITUAS report 104
006148,Cantalupo Ligure,historical_name,,1863-02-21,ISTAT SITUAS report 104
006148,Rocchetta Ligure,current_name,,2021-12-31,ISTAT geometry 2021
006149,Rosignano,historical_name,,1863-05-05,ISTAT SITUAS report 104
006149,Rosignano Monferrato,current_name,,2021-12-31,ISTAT geometry 2021
006150,Sala,historical_name,,1863-05-05,ISTAT SITUAS report 104
006150,Sala Monferrato,current_name,,2021-12-31,ISTAT geometry 2021
006151,Sale,current_name,,2021-12-31,ISTAT geometry 2021
006152,San Cristoforo,current_name,,2021-12-31,ISTAT geometry 2021
006153,San Giorgio,historical_name,,1863-05-05,ISTAT SITUAS report 104
006153,San Giorgio Monferrato,current_name,,2021-12-31,ISTAT geometry 2021
006154,San Salvatore,historical_name,,1863-05-05,ISTAT SITUAS report 104
006154,San Salvatore Monferrato,current_name,,2021-12-31,ISTAT geometry 2021
006155,San Sebastiano,historical_name,,1863-05-09,ISTAT SITUAS report 104
006155,San Sebastiano Curone,current_name,,2021-12-31,ISTAT geometry 2021
006156,Sant'Agata,historical_name,,1863-05-09,ISTAT SITUAS report 104
006156,Sant'Agata Fossili,current_name,,2021-12-31,ISTAT geometry 2021
006157,Sardigliano,current_name,,2021-12-31,ISTAT geometry 2021
006158,Sarezzano,current_name,,2021-12-31,ISTAT geometry 2021
006159,Serralunga,historical_name,,1863-05-05,ISTAT SITUAS report 104
006159,Serralunga di Crea,current_name,,2021-12-31,ISTAT geometry 2021
006160,Serravalle,historical_name,,1863-02-21,ISTAT SITUAS report 104
006160,SERRAVALLE LIBARNA,historical_name,1937-09-08,1947-05-07,ANPR historical archive
006160,Serravalle Scrivia,current_name,,2021-12-31,ISTAT geometry 2021
006161,Sezzadio,current_name,,2021-12-31,ISTAT geometry 2021
006161,Sezzè,historical_name,,1916-12-04,ISTAT SITUAS report 104
006162,Silvano d'Orba,current_name,,2021-12-31,ISTAT geometry 2021
006163,Solero,current_name,,2021-12-31,ISTAT geometry 2021
006164,Solonghello,current_name,,2021-12-31,ISTAT geometry 2021
006165,Spigno,historical_name,,1863-06-14,ISTAT SITUAS report 104
006165,Spigno Monferrato,current_name,,2021-12-31,ISTAT geometry 2021
006166,Spineto,historical_name,,1928-06-19,ISTAT SITUAS report 104
006166,Spineto Scrivia,current_name,,2021-12-31,ISTAT geometry 2021
006167,Stazzano,current_name,,2021-12-31,ISTAT geometry 2021
006168,Strevi,current_name,,2021-12-31,ISTAT geometry 2021
006169,Tagliolo Monferrato,current_name,,2021-12-31,ISTAT geometry 2021
006170,Tassarolo,current_name,,2021-12-31,ISTAT geometry 2021
006171,Terruggia,current_name,,2021-12-31,ISTAT geometry 2021
006172,Terzo,current_name,,2021-12-31,ISTAT geometry 2021
006173,Ticineto,current_name,,2021-12-31,ISTAT geometry 2021
006174,Tortona,current_name,,2021-12-31,ISTAT geometry 2021
006175,Treville,current_name,,2021-12-31,ISTAT geometry 2021
006176,Trisobbio,current_name,,2021-12-31,ISTAT geometry 2021
006177,Lazzarone,historical_name,,1901-02-20,ISTAT SITUAS report 104
006177,Valenza,current_name,,2021-12-31,ISTAT geometry 2021
006177,Villabella,historical_name,,1901-02-20,ISTAT SITUAS report 104
006178,Valmacca,current_name,,2021-12-31,ISTAT geometry 2021
006179,Vignale Monferrato,current_name,,2021-12-31,ISTAT geometry 2021
006180,Vignole Borbera,current_name,,2021-12-31,ISTAT geometry 2021
006181,Viguzzolo,current_name,,2021-12-31,ISTAT geometry 2021
006182,Villadeati,current_name,,2021-12-31,ISTAT geometry 2021
006183,Villalvernia,current_name,,2021-12-31,ISTAT geometry 2021
006184,Villamiroglio,current_name,,2021-12-31,ISTAT geometry 2021
006185,Villanova,historical_name,,1863-05-05,ISTAT SITUAS report 104
006185,Villanova di Casale Monferrato,historical_name,,1863-05-05,ISTAT SITUAS report 104
006185,Villanova Monferrato,current_name,,2021-12-31,ISTAT geometry 2021
006186,Villaromagnano,current_name,,2021-12-31,ISTAT geometry 2021
006187,Visone,current_name,,2021-12-31,ISTAT geometry 2021
006188,Berzano,historical_name,,1863-05-09,ISTAT SITUAS report 104
006188,Berzano di Tortona,historical_name,,1863-05-09,ISTAT SITUAS report 104
006188,Volpedo,current_name,,2021-12-31,ISTAT geometry 2021
006189,Volpeglino,current_name,,2021-12-31,ISTAT geometry 2021
006190,Voltaggio,current_name,,2021-12-31,ISTAT geometry 2021
006191,Cassano Spinola,current_name,,2021-12-31,ISTAT geometry 2021
006191,GAVAZZANA,historical_name,1947-11-26,2017-12-31,ANPR historical archive
006192,ALLUVIONI CAMBIÒ,historical_name,1861-03-17,2017-12-31,ANPR historical archive
006192,Alluvioni Piovera,current_name,,2021-12-31,ISTAT geometry 2021
006192,PIOVERA,historical_name,1929-06-15,2017-12-31,ANPR historical archive
006193,Cuccaro,historical_name,,1863-05-05,ISTAT SITUAS report 104
006193,CUCCARO MONFERRATO,historical_name,1863-02-16,2019-01-31,ANPR historical archive
006193,LU,historical_name,1929-02-12,2019-01-31,ANPR historical archive
006193,Lu e Cuccaro Monferrato,current_name,,2021-12-31,ISTAT geometry 2021
007001,ALLAIN,historical_name,1946-01-30,1977-01-01,ANPR historical archive
007001,Allein,current_name,,2021-12-31,ISTAT geometry 2021
007001,ALLENO,historical_name,1939-10-21,1946-01-29,ANPR historical archive
007002,ANTEI SANT'ANDREA,historical_name,1939-10-21,1946-01-29,ANPR historical archive
007002,Antey-Saint-André,current_name,,2021-12-31,ISTAT geometry 2021
007003,Aosta,current_name,,2021-12-31,ISTAT geometry 2021
007003,AOSTE,alternate_name,1928-03-21,1946-05-14,ANPR historical archive
007003,Charvensod,historical_name,,1927-01-12,ISTAT SITUAS report 105
007003,Gignod,historical_name,,1927-01-12,ISTAT SITUAS report 105
007003,Gressan,historical_name,,1927-01-12,ISTAT SITUAS report 105
007003,Jovençan,historical_name,,1927-01-12,ISTAT SITUAS report 105
007003,Pollein,historical_name,,1927-01-12,ISTAT SITUAS report 105
007003,Roisan,historical_name,,1927-01-12,ISTAT SITUAS report 105
007003,Saint Christophe,historical_name,,1927-01-12,ISTAT SITUAS report 105
007003,Sarre,historical_name,,1927-01-12,ISTAT SITUAS report 105
007004,Arnad,current_name,,2021-12-31,ISTAT geometry 2021
007004,ARNAZ,historical_name,1946-03-10,1977-01-01,ANPR historical archive
007005,ARVIÉ,historical_name,1939-10-21,1946-01-29,ANPR historical archive
007005,Arvier,current_name,,2021-12-31,ISTAT geometry 2021
007005,Avise,historical_name,,1927-01-12,ISTAT SITUAS report 105
007006,Avise,current_name,,2021-12-31,ISTAT geometry 2021
007007,AIAS,historical_name,1939-10-21,1946-01-29,ANPR historical archive
007007,Ayas,current_name,,2021-12-31,ISTAT geometry 2021
007008,AIMAVILLA,historical_name,1939-07-04,1946-01-29,ANPR historical archive
007008,AYMAVILLE,historical_name,1946-01-30,1977-01-01,ANPR historical archive
007008,Aymavilles,current_name,,2021-12-31,ISTAT geometry 2021
007009,Bard,current_name,,2021-12-31,ISTAT geometry 2021
007009,Hône,historical_name,,1927-01-12,ISTAT SITUAS report 105
007010,BIONA,historical_name,1939-10-21,1946-01-29,ANPR historical archive
007010,Bionaz,current_name,,2021-12-31,ISTAT geometry 2021
007011,Brissogne,current_name,,2021-12-31,ISTAT geometry 2021
007012,Brusson,current_name,,2021-12-31,ISTAT geometry 2021
007012,BRUSSONE,historical_name,1939-10-21,1946-01-29,ANPR historical archive
007013,Challand-Saint-Anselme,current_name,,2021-12-31,ISTAT geometry 2021
007013,CHALLANT SAINT ANSELME,historical_name,1946-09-27,1977-01-01,ANPR historical archive
007014,Challand-Saint-Victor,current_name,,2021-12-31,ISTAT geometry 2021
007014,CHALLANT SAINT VICTOR,historical_name,1946-09-27,1977-01-01,ANPR historical archive
007015,Chambave,current_name,,2021-12-31,ISTAT geometry 2021
007015,CIAMBAVE,historical_name,1939-10-21,1946-01-29,ANPR historical archive
007015,Saint Denis,historical_name,,1927-01-12,ISTAT SITUAS report 105
007015,Verrayes,historical_name,,1927-01-12,ISTAT SITUAS report 105
007016,CAMOSIO,historical_name,1939-10-21,1946-01-29,ANPR historical archive
007016,Chamois,current_name,,2021-12-31,ISTAT geometry 2021
007017,Champdepraz,current_name,,2021-12-31,ISTAT geometry 2021
007018,CAMPO LARIS,historical_name,1939-10-21,1946-01-29,ANPR historical archive
007018,Champorcher,current_name,,2021-12-31,ISTAT geometry 2021
007019,Charvensod,current_name,,2021-12-31,ISTAT geometry 2021
007020,CASTIGLION DORA,historical_name,1939-10-21,1946-01-29,ANPR historical archive
007020,Châtillon,current_name,,2021-12-31,ISTAT geometry 2021
007020,Pontey,historical_name,,1927-01-12,ISTAT SITUAS report 105
007021,Cogne,current_name,,2021-12-31,ISTAT geometry 2021
007022,CORMAIORE,historical_name,1939-10-21,1946-01-29,ANPR historical archive
007022,Courmayeur,current_name,,2021-12-31,ISTAT geometry 2021
007023,DONAS,historical_name,1939-10-21,1946-01-29,ANPR historical archive
007023,Donnas,current_name,,2021-12-31,ISTAT geometry 2021
007023,DONNAZ,historical_name,1946-01-30,1977-01-01,ANPR historical archive
007024,Doues,current_name,,2021-12-31,ISTAT geometry 2021
007024,DOVIA DI AOSTA,historical_name,1939-10-21,1946-01-29,ANPR historical archive
007025,Emar+Se,election_source_name,2018-03-04,2018-03-04,official election source label
007025,Emarèse,current_name,,2021-12-31,ISTAT geometry 2021
007026,ETROBLE,historical_name,1939-10-21,1946-01-29,ANPR historical archive
007026,Etroubles,current_name,,2021-12-31,ISTAT geometry 2021
007027,F+Nis,election_source_name,2018-03-04,2018-03-04,official election source label
007027,Fénis,current_name,,2021-12-31,ISTAT geometry 2021
007028,Fontainemore,current_name,,2021-12-31,ISTAT geometry 2021
007029,Gaby,current_name,,2021-12-31,ISTAT geometry 2021
007030,Gignod,current_name,,2021-12-31,ISTAT geometry 2021
007031,Gressan,current_name,,2021-12-31,ISTAT geometry 2021
007032,Gressoney-La-Trinité,current_name,,2021-12-31,ISTAT geometry 2021
007033,Gressoney-Saint-Jean,current_name,,2021-12-31,ISTAT geometry 2021
007034,Hône,current_name,,2021-12-31,ISTAT geometry 2021
007034,Hone Bard,election_source_name,1946-06-02,1946-06-02,official election source label
007035,Introd,current_name,,2021-12-31,ISTAT geometry 2021
007036,Issime,current_name,,2021-12-31,ISTAT geometry 2021
007037,Isogne,election_source_name,1999-06-13,1999-06-13,official election source label
007037,Issogne,current_name,,2021-12-31,ISTAT geometry 2021
007038,Jovençan,current_name,,2021-12-31,ISTAT geometry 2021
007039,Antey la Magdeleine,historical_name,,1883-10-01,ISTAT SITUAS report 104
007039,LA MADDALENA D'AOSTA,historical_name,1939-10-21,1946-01-29,ANPR historical archive
007039,La Magdeleine,current_name,,2021-12-31,ISTAT geometry 2021
007040,La Salle,current_name,,2021-12-31,ISTAT geometry 2021
007040,SALA DORA,historical_name,1935-06-05,1946-01-29,ANPR historical archive
007041,La Thuile,current_name,,2021-12-31,ISTAT geometry 2021
007041,PORTA LITTORIA,historical_name,1939-10-21,1946-01-29,ANPR historical archive
007042,Fontainemore,historical_name,,1927-01-12,ISTAT SITUAS report 105
007042,LILLIANA,historical_name,1929-01-24,1946-03-09,ANPR historical archive
007042,Lillianes,current_name,,2021-12-31,ISTAT geometry 2021
007043,Champdepraz,historical_name,,1927-01-12,ISTAT SITUAS report 105
007043,Emarese,historical_name,,1927-01-12,ISTAT SITUAS report 105
007043,MONGIOVE,historical_name,1929-10-03,1946-01-29,ANPR historical archive
007043,Montjovet,current_name,,2021-12-31,ISTAT geometry 2021
007044,Morgex,current_name,,2021-12-31,ISTAT geometry 2021
007044,VALDIGNA D'AOSTA,historical_name,1935-06-05,1946-01-29,ANPR historical archive
007045,Fenis,historical_name,,1927-01-12,ISTAT SITUAS report 105
007045,Nus,current_name,,2021-12-31,ISTAT geometry 2021
007046,Ollomont,current_name,,2021-12-31,ISTAT geometry 2021
007046,OLLOMONTE,historical_name,1939-10-21,1946-01-29,ANPR historical archive
007047,OIASSE,historical_name,1939-10-21,1946-01-29,ANPR historical archive
007047,Oyace,current_name,,2021-12-31,ISTAT geometry 2021
007048,Perloz,current_name,,2021-12-31,ISTAT geometry 2021
007049,Pollein,current_name,,2021-12-31,ISTAT geometry 2021
007050,PIANBOSETO,historical_name,1939-10-21,1946-01-29,ANPR historical archive
007050,PONT BOZET,historical_name,1946-01-30,1977-01-01,ANPR historical archive
007050,Pontboset,current_name,,2021-12-31,ISTAT geometry 2021
007051,Pontey,current_name,,2021-12-31,ISTAT geometry 2021
007052,Perloz,historical_name,,1925-04-17,ISTAT SITUAS report 103
007052,Pont-Saint-Martin,current_name,,2021-12-31,ISTAT geometry 2021
007052,PONTE SAN MARTINO,historical_name,1929-05-03,1946-01-29,ANPR historical archive
007053,Pré-Saint-Didier,current_name,,2021-12-31,ISTAT geometry 2021
007053,SAN DESIDERIO TERME,historical_name,1939-10-21,1946-01-29,ANPR historical archive
007054,Brissogne,historical_name,,1927-01-12,ISTAT SITUAS report 105
007054,Quart,current_name,,2021-12-31,ISTAT geometry 2021
007054,QUARTO PRAETORIA,historical_name,1929-04-12,1946-01-29,ANPR historical archive
007054,Saint Marcel,historical_name,,1927-01-12,ISTAT SITUAS report 105
007055,Rhêmes-Notre-Dame,current_name,,2021-12-31,ISTAT geometry 2021
007056,Rhêmes-Saint-Georges,current_name,,2021-12-31,ISTAT geometry 2021
007057,Roisan,current_name,,2021-12-31,ISTAT geometry 2021
007058,Saint-Christophe,current_name,,2021-12-31,ISTAT geometry 2021
007059,Saint-Denis,current_name,,2021-12-31,ISTAT geometry 2021
007060,Saint-Marcel,current_name,,2021-12-31,ISTAT geometry 2021
007061,Saint-Nicolas,current_name,,2021-12-31,ISTAT geometry 2021
007062,Saint-Oyen,current_name,,2021-12-31,ISTAT geometry 2021
007062,SANT'EUGENDO,historical_name,1939-10-21,1946-01-29,ANPR historical archive
007063,Saint-Pierre,current_name,,2021-12-31,ISTAT geometry 2021
007064,SAINT RHÉMY,historical_name,1946-01-30,1977-01-01,ANPR historical archive
007064,Saint-Rhémy-en-Bosses,current_name,,2021-12-31,ISTAT geometry 2021
007064,SAN REMIGIO,historical_name,1939-10-21,1946-01-29,ANPR historical archive
007065,Saint-Vincent,current_name,,2021-12-31,ISTAT geometry 2021
007065,SAN VINCENZO DELLA FONTE,historical_name,1939-10-21,1946-01-29,ANPR historical archive
007066,Sarre,current_name,,2021-12-31,ISTAT geometry 2021
007067,Torgnon,current_name,,2021-12-31,ISTAT geometry 2021
007067,TORGNONE,historical_name,1939-10-21,1946-01-29,ANPR historical archive
007068,VALGRISANCHE,historical_name,1946-01-30,1977-01-01,ANPR historical archive
007068,Valgrisenche,current_name,,2021-12-31,ISTAT geometry 2021
007068,VALGRISENZA,historical_name,1939-10-21,1946-01-29,ANPR historical archive
007069,VALPELLINA,historical_name,1939-10-21,1946-01-29,ANPR historical archive
007069,Valpelline,current_name,,2021-12-31,ISTAT geometry 2021
007070,VALSAVARA,historical_name,1939-10-21,1946-01-29,ANPR historical archive
007070,VALSAVARANCHE,historical_name,1946-01-30,1977-01-01,ANPR historical archive
007070,Valsavarenche,current_name,,2021-12-31,ISTAT geometry 2021
007071,VALTORNENZA,historical_name,1939-10-21,1946-01-29,ANPR historical archive
007071,VALTOURNANCHE,historical_name,1946-01-30,1977-01-01,ANPR historical archive
007071,Valtournenche,current_name,,2021-12-31,ISTAT geometry 2021
007072,Verrayes,current_name,,2021-12-31,ISTAT geometry 2021
007073,Arnaz,historical_name,,1927-01-12,ISTAT SITUAS report 105
007073,CASTEL VERRÈS,historical_name,1939-10-21,1946-01-29,ANPR historical archive
007073,Verr+S,election_source_name,2018-03-04,2018-03-04,official election source label
007073,Verrès,current_name,,2021-12-31,ISTAT geometry 2021
007074,Aymavilles,historical_name,,1927-01-12,ISTAT SITUAS report 105
007074,Saint Nicolas,historical_name,,1927-01-12,ISTAT SITUAS report 105
007074,Saint Pierre,historical_name,,1927-01-12,ISTAT SITUAS report 105
007074,Villaneuve,historical_name,,1927-01-12,ISTAT SITUAS report 105
007074,VILLANOVA BALTEA,historical_name,1939-07-04,1946-01-29,ANPR historical archive
007074,Villeneuve,current_name,,2021-12-31,ISTAT geometry 2021
008001,Airole,current_name,,2021-12-31,ISTAT geometry 2021
008002,Apricale,current_name,,2021-12-31,ISTAT geometry 2021
008003,Aquila d'Arroscia,current_name,,2021-12-31,ISTAT geometry 2021
008003,Aquila di Arroscia,election_source_name,1948-04-18,1948-04-18,official election source label
008004,Armo,current_name,,2021-12-31,ISTAT geometry 2021
008005,Aurigo,current_name,,2021-12-31,ISTAT geometry 2021
008006,Badalucco,current_name,,2021-12-31,ISTAT geometry 2021
008007,Bajardo,current_name,,2021-12-31,ISTAT geometry 2021
008008,Bordighera,current_name,,2021-12-31,ISTAT geometry 2021
008008,Borghetto,historical_name,,1863-02-21,ISTAT SITUAS report 104
008008,Borghetto San Nicolò,historical_name,,1863-02-21,ISTAT SITUAS report 104
008008,Sasso,historical_name,,1862-11-30,ISTAT SITUAS report 104
008008,Sasso di Bordighera,historical_name,,1862-11-30,ISTAT SITUAS report 104
008009,Aquila,historical_name,,1862-11-30,ISTAT SITUAS report 104
008009,Aquila d'Arroscia,historical_name,,1862-11-30,ISTAT SITUAS report 104
008009,Borghetto,historical_name,,1862-11-30,ISTAT SITUAS report 104
008009,Borghetto d'Arroscia,current_name,,2021-12-31,ISTAT geometry 2021
008009,BORGHETTO DI ARROSCIA,historical_name,1928-11-10,1947-03-27,ANPR historical archive
008010,Borgomaro,current_name,,2021-12-31,ISTAT geometry 2021
008010,San Lazzaro,historical_name,,1862-11-30,ISTAT SITUAS report 104
008010,San Lazzaro Reale,historical_name,,1862-11-30,ISTAT SITUAS report 104
008011,Camporosso,current_name,,2021-12-31,ISTAT geometry 2021
008012,Caravonica,current_name,,2021-12-31,ISTAT geometry 2021
008014,Castellaro,current_name,,2021-12-31,ISTAT geometry 2021
008015,Castel Vittorio,current_name,,2021-12-31,ISTAT geometry 2021
008015,Castelfranco,historical_name,,1862-11-30,ISTAT SITUAS report 104
008016,Ceriana,current_name,,2021-12-31,ISTAT geometry 2021
008017,Cervo,current_name,,2021-12-31,ISTAT geometry 2021
008018,Cesio,current_name,,2021-12-31,ISTAT geometry 2021
008019,Chiusanico,current_name,,2021-12-31,ISTAT geometry 2021
008019,Torria,historical_name,,1924-02-04,ISTAT SITUAS report 103
008020,Arzeno d'Oneglia,historical_name,,1889-02-01,ISTAT SITUAS report 104
008020,Chiusavecchia,current_name,,2021-12-31,ISTAT geometry 2021
008020,San Bartolomeo ed Arzeno,historical_name,,1889-02-01,ISTAT SITUAS report 104
008021,Cipressa,current_name,,2021-12-31,ISTAT geometry 2021
008022,Civezza,current_name,,2021-12-31,ISTAT geometry 2021
008023,Cosio,historical_name,,1862-11-30,ISTAT SITUAS report 104
008023,Cosio d'Arroscia,current_name,,2021-12-31,ISTAT geometry 2021
008023,Cosio di Arroscia,election_source_name,1946-06-02,1946-06-02,official election source label
008023,Montegrosso,historical_name,,1863-02-04,ISTAT SITUAS report 104
008023,Montegrosso Pian Latte,historical_name,,1863-02-04,ISTAT SITUAS report 104
008024,Costarainera,current_name,,2021-12-31,ISTAT geometry 2021
008025,Diano Arentino,current_name,,2021-12-31,ISTAT geometry 2021
008026,Diano Castello,current_name,,2021-12-31,ISTAT geometry 2021
008027,Diano Castello,historical_name,,1871-05-01,ISTAT SITUAS report 103
008027,Diano Marina,current_name,,2021-12-31,ISTAT geometry 2021
008028,Diano San Pietro,current_name,,2021-12-31,ISTAT geometry 2021
008029,Dolceacqua,current_name,,2021-12-31,ISTAT geometry 2021
008030,Dolcedo,current_name,,2021-12-31,ISTAT geometry 2021
008031,Caramagna,historical_name,,1862-11-30,ISTAT SITUAS report 104
008031,Caramagna Ligure,historical_name,,1862-11-30,ISTAT SITUAS report 104
008031,Castelvecchio,historical_name,,1862-11-30,ISTAT SITUAS report 104
008031,Castelvecchio di Santa Maria Maggiore,historical_name,,1862-11-30,ISTAT SITUAS report 104
008031,Costa,historical_name,,1862-11-30,ISTAT SITUAS report 104
008031,Costa d'Oneglia,historical_name,,1862-11-30,ISTAT SITUAS report 104
008031,Imperia,current_name,,2021-12-31,ISTAT geometry 2021
008031,Moltedo Inferiore,historical_name,,1871-09-01,ISTAT SITUAS report 103
008031,Moltedo Superiore,historical_name,,1871-09-01,ISTAT SITUAS report 103
008031,Montegrazie,historical_name,,1872-08-11,ISTAT SITUAS report 104
008031,Piani,historical_name,,1907-06-11,ISTAT SITUAS report 103
008031,Porto Maurizio,historical_name,,1923-11-29,ISTAT SITUAS report 104
008032,Isolabona,current_name,,2021-12-31,ISTAT geometry 2021
008033,Lucinasco,current_name,,2021-12-31,ISTAT geometry 2021
008034,Mendatica,current_name,,2021-12-31,ISTAT geometry 2021
008035,Molini di Triora,current_name,,2021-12-31,ISTAT geometry 2021
008037,Montegrosso Pian Latte,current_name,,2021-12-31,ISTAT geometry 2021
008038,Olivetta San Michele,current_name,,2021-12-31,ISTAT geometry 2021
008038,Penna,historical_name,,1862-11-30,ISTAT SITUAS report 104
008038,Piena,historical_name,,1862-11-30,ISTAT SITUAS report 104
008039,Col di Rodi,historical_name,,1924-02-04,ISTAT SITUAS report 100
008039,Ospedaletti,current_name,,2021-12-31,ISTAT geometry 2021
008040,Perinaldo,current_name,,2021-12-31,ISTAT geometry 2021
008041,Pietrabruna,current_name,,2021-12-31,ISTAT geometry 2021
008042,Pieve,historical_name,,1862-11-30,ISTAT SITUAS report 104
008042,Pieve di Teco,current_name,,2021-12-31,ISTAT geometry 2021
008043,Pigna,current_name,,2021-12-31,ISTAT geometry 2021
008044,Pompeiana,current_name,,2021-12-31,ISTAT geometry 2021
008045,Pontedassio,current_name,,2021-12-31,ISTAT geometry 2021
008046,Pornassio,current_name,,2021-12-31,ISTAT geometry 2021
008047,Prelà,current_name,,2021-12-31,ISTAT geometry 2021
008047,Valloria,historical_name,,1862-11-30,ISTAT SITUAS report 104
008047,Valloria Marittima,historical_name,,1862-11-30,ISTAT SITUAS report 104
008048,Ranzo,current_name,,2021-12-31,ISTAT geometry 2021
008049,Rezzo,current_name,,2021-12-31,ISTAT geometry 2021
008050,Riva Ligure,current_name,,2021-12-31,ISTAT geometry 2021
008051,Rocchetta,historical_name,,1862-11-30,ISTAT SITUAS report 104
008051,Rocchetta Nervina,current_name,,2021-12-31,ISTAT geometry 2021
008052,San Bartolomeo al Mare,current_name,,2021-12-31,ISTAT geometry 2021
008052,SAN BARTOLOMEO DEL CERVO,historical_name,1947-10-02,1968-07-25,ANPR historical archive
008053,San Biagio della Cima,current_name,,2021-12-31,ISTAT geometry 2021
008053,Soldano,historical_name,,1924-02-04,ISTAT SITUAS report 98
008054,San Lorenzo,historical_name,,1862-11-30,ISTAT SITUAS report 104
008054,San Lorenzo al Mare,current_name,,2021-12-31,ISTAT geometry 2021
008055,San Remo,election_source_name,1946-06-02,1946-06-02,official election source label
008055,Sanremo,current_name,,2021-12-31,ISTAT geometry 2021
008056,Santo Stefano al Mare,current_name,,2021-12-31,ISTAT geometry 2021
008057,Seborga,current_name,,2021-12-31,ISTAT geometry 2021
008058,Soldano,current_name,,2021-12-31,ISTAT geometry 2021
008059,Taggia,current_name,,2021-12-31,ISTAT geometry 2021
008060,Terzorio,current_name,,2021-12-31,ISTAT geometry 2021
008061,Triora,current_name,,2021-12-31,ISTAT geometry 2021
008062,Vallebona,current_name,,2021-12-31,ISTAT geometry 2021
008063,San Biagio,historical_name,,1862-11-30,ISTAT SITUAS report 104
008063,San Biagio della Cima,historical_name,,1862-11-30,ISTAT SITUAS report 104
008063,Vallecrosia,current_name,,2021-12-31,ISTAT geometry 2021
008064,Vasia,current_name,,2021-12-31,ISTAT geometry 2021
008065,Ventimiglia,current_name,,2021-12-31,ISTAT geometry 2021
008066,Vessalico,current_name,,2021-12-31,ISTAT geometry 2021
008067,Villa Faraldi,current_name,,2021-12-31,ISTAT geometry 2021
008068,CARPASIO,historical_name,1861-03-17,2017-12-31,ANPR historical archive
008068,Montaldo,historical_name,,1862-11-30,ISTAT SITUAS report 104
008068,Montaldo Ligure,historical_name,,1862-11-30,ISTAT SITUAS report 104
008068,Montalto Carpasio,current_name,,2021-12-31,ISTAT geometry 2021
008068,MONTALTO LIGURE,historical_name,1864-02-21,2017-12-31,ANPR historical archive
009001,Alassio,current_name,,2021-12-31,ISTAT geometry 2021
009002,Albenga,current_name,,2021-12-31,ISTAT geometry 2021
009002,Campochiesa,historical_name,,1927-01-12,ISTAT SITUAS report 105
009003,Albisola Marina,election_source_name,1979-06-10,1979-06-10,official election source label
009003,Albissola Marina,current_name,,2021-12-31,ISTAT geometry 2021
009004,Albisola Sueriore,election_source_name,1999-06-13,1999-06-13,official election source label
009004,Albisola Superiore,current_name,,2021-12-31,ISTAT geometry 2021
009004,Ellera,historical_name,,1927-01-12,ISTAT SITUAS report 105
009005,Altare,current_name,,2021-12-31,ISTAT geometry 2021
009006,Andora,current_name,,2021-12-31,ISTAT geometry 2021
009007,Arnasco,current_name,,2021-12-31,ISTAT geometry 2021
009008,Balestrino,current_name,,2021-12-31,ISTAT geometry 2021
009009,Bardineto,current_name,,2021-12-31,ISTAT geometry 2021
009010,Bergeggi,current_name,,2021-12-31,ISTAT geometry 2021
009011,Boissano,current_name,,2021-12-31,ISTAT geometry 2021
009012,Borghetto Santo S.,election_source_name,2004-06-12,2004-06-12,official election source label
009012,Borghetto Santo Sirito,election_source_name,1999-06-13,1999-06-13,official election source label
009012,Borghetto Santo Spirito,current_name,,2021-12-31,ISTAT geometry 2021
009013,Borgio,historical_name,,1927-01-12,ISTAT SITUAS report 105
009013,Borgio Verezzi,current_name,,2021-12-31,ISTAT geometry 2021
009013,Verezzi,historical_name,,1927-01-12,ISTAT SITUAS report 105
009014,Bormida,current_name,,2021-12-31,ISTAT geometry 2021
009015,Cairo,historical_name,,1863-06-01,ISTAT SITUAS report 104
009015,Cairo Montenotte,current_name,,2021-12-31,ISTAT geometry 2021
009016,Calice,historical_name,,1863-06-01,ISTAT SITUAS report 104
009016,Calice Ligure,current_name,,2021-12-31,ISTAT geometry 2021
009017,Calizzano,current_name,,2021-12-31,ISTAT geometry 2021
009018,Car Care,election_source_name,1979-06-10,1979-06-10,official election source label
009018,Carcare,current_name,,2021-12-31,ISTAT geometry 2021
009019,Casanova,historical_name,,1863-06-01,ISTAT SITUAS report 104
009019,Casanova Lerrone,current_name,,2021-12-31,ISTAT geometry 2021
009020,Castelbianco,current_name,,2021-12-31,ISTAT geometry 2021
009021,Castelvecchio,historical_name,,1863-06-01,ISTAT SITUAS report 104
009021,Castelvecchio di Rocca Barbena,current_name,,2021-12-31,ISTAT geometry 2021
009022,Celle,historical_name,,1863-06-01,ISTAT SITUAS report 104
009022,Celle Ligure,current_name,,2021-12-31,ISTAT geometry 2021
009023,Cengio,current_name,,2021-12-31,ISTAT geometry 2021
009023,Rocchetta Cengio,historical_name,,1927-01-12,ISTAT SITUAS report 105
009024,Ceriale,current_name,,2021-12-31,ISTAT geometry 2021
009025,Cenesi,historical_name,,1927-01-12,ISTAT SITUAS report 105
009025,Cisano,historical_name,,1863-06-01,ISTAT SITUAS report 104
009025,Cisano sul Neva,current_name,,2021-12-31,ISTAT geometry 2021
009026,Cosseria,current_name,,2021-12-31,ISTAT geometry 2021
009027,Dego,current_name,,2021-12-31,ISTAT geometry 2021
009028,Erli,current_name,,2021-12-31,ISTAT geometry 2021
009029,Finale Ligure,current_name,,2021-12-31,ISTAT geometry 2021
009030,Garlenda,current_name,,2021-12-31,ISTAT geometry 2021
009031,Giustenice,current_name,,2021-12-31,ISTAT geometry 2021
009032,Giusvalla,current_name,,2021-12-31,ISTAT geometry 2021
009033,Laigueglia,current_name,,2021-12-31,ISTAT geometry 2021
009034,Loano,current_name,,2021-12-31,ISTAT geometry 2021
009035,Magliolo,current_name,,2021-12-31,ISTAT geometry 2021
009036,Mallare,current_name,,2021-12-31,ISTAT geometry 2021
009037,Massimino,current_name,,2021-12-31,ISTAT geometry 2021
009038,Millesimo,current_name,,2021-12-31,ISTAT geometry 2021
009039,Mioglia,current_name,,2021-12-31,ISTAT geometry 2021
009040,Murialdo,current_name,,2021-12-31,ISTAT geometry 2021
009041,Nasino,current_name,,2021-12-31,ISTAT geometry 2021
009042,Noli,current_name,,2021-12-31,ISTAT geometry 2021
009043,Onzo,current_name,,2021-12-31,ISTAT geometry 2021
009044,Feglino,historical_name,,1869-10-01,ISTAT SITUAS report 98
009044,Orco Feglino,current_name,,2021-12-31,ISTAT geometry 2021
009045,Ortovero,current_name,,2021-12-31,ISTAT geometry 2021
009046,Osiglia,current_name,,2021-12-31,ISTAT geometry 2021
009047,Biestro,historical_name,,1927-01-12,ISTAT SITUAS report 105
009047,Pallare,current_name,,2021-12-31,ISTAT geometry 2021
009048,Piana,historical_name,,1863-06-01,ISTAT SITUAS report 104
009048,Piana Crixia,current_name,,2021-12-31,ISTAT geometry 2021
009049,Pietra,historical_name,,1863-06-01,ISTAT SITUAS report 104
009049,Pietra Ligure,current_name,,2021-12-31,ISTAT geometry 2021
009049,Ranzi Pietra,historical_name,,1927-01-12,ISTAT SITUAS report 105
009050,Plodio,current_name,,2021-12-31,ISTAT geometry 2021
009051,Pontinvrea,current_name,,2021-12-31,ISTAT geometry 2021
009052,Quiliano,current_name,,2021-12-31,ISTAT geometry 2021
009053,Rialto,current_name,,2021-12-31,ISTAT geometry 2021
009054,Roccavignale,current_name,,2021-12-31,ISTAT geometry 2021
009055,Sassello,current_name,,2021-12-31,ISTAT geometry 2021
009056,Savona,current_name,,2021-12-31,ISTAT geometry 2021
009057,Spotorno,current_name,,2021-12-31,ISTAT geometry 2021
009058,Stella,current_name,,2021-12-31,ISTAT geometry 2021
009059,Stellanello,current_name,,2021-12-31,ISTAT geometry 2021
009060,Testico,current_name,,2021-12-31,ISTAT geometry 2021
009061,Boissano,historical_name,,1927-01-12,ISTAT SITUAS report 105
009061,Toirano,current_name,,2021-12-31,ISTAT geometry 2021
009062,Bardino Nuovo,historical_name,,1927-01-12,ISTAT SITUAS report 105
009062,Bardino Vecchio,historical_name,,1927-01-12,ISTAT SITUAS report 105
009062,Tovo,historical_name,,1863-06-01,ISTAT SITUAS report 104
009062,Tovo San Giacomo,current_name,,2021-12-31,ISTAT geometry 2021
009063,Martina,historical_name,,1863-06-01,ISTAT SITUAS report 104
009063,Martina Olba,historical_name,,1863-06-01,ISTAT SITUAS report 104
009063,Olba,historical_name,,1927-01-12,ISTAT SITUAS report 105
009063,Urbe,current_name,,2021-12-31,ISTAT geometry 2021
009064,Segno,historical_name,,1927-01-12,ISTAT SITUAS report 105
009064,Vado,historical_name,,1908-04-08,ISTAT SITUAS report 104
009064,Vado Ligure,current_name,,2021-12-31,ISTAT geometry 2021
009065,Varazze,current_name,,2021-12-31,ISTAT geometry 2021
009066,Vendone,current_name,,2021-12-31,ISTAT geometry 2021
009067,Magnone,historical_name,,1862-12-20,ISTAT SITUAS report 104
009067,Portio,historical_name,,1862-12-20,ISTAT SITUAS report 104
009067,Vezzi Portio,current_name,,2021-12-31,ISTAT geometry 2021
009068,Villanova,historical_name,,1863-06-01,ISTAT SITUAS report 104
009068,Villanova d'Albenga,current_name,,2021-12-31,ISTAT geometry 2021
009069,Zuccarello,current_name,,2021-12-31,ISTAT geometry 2021
010001,Arenzano,current_name,,2021-12-31,ISTAT geometry 2021
010002,Avegno,current_name,,2021-12-31,ISTAT geometry 2021
010003,Bargagli,current_name,,2021-12-31,ISTAT geometry 2021
010004,Bogliasco,current_name,,2021-12-31,ISTAT geometry 2021
010005,Borzonasca,current_name,,2021-12-31,ISTAT geometry 2021
010006,Busalla,current_name,,2021-12-31,ISTAT geometry 2021
010007,Camogli,current_name,,2021-12-31,ISTAT geometry 2021
010008,Campo Freddo,historical_name,,1884-05-01,ISTAT SITUAS report 104
010008,Campo Ligure,current_name,,2021-12-31,ISTAT geometry 2021
010008,Campoligure,election_source_name,1979-06-10,1979-06-10,official election source label
010009,Camomorone,election_source_name,1999-06-13,1999-06-13,official election source label
010009,Campomorone,current_name,,2021-12-31,ISTAT geometry 2021
010009,Larvego,historical_name,,1871-04-28,ISTAT SITUAS report 104
010010,Carasco,current_name,,2021-12-31,ISTAT geometry 2021
010011,Casarza,historical_name,,1877-02-01,ISTAT SITUAS report 103
010011,Casarza Ligure,current_name,,2021-12-31,ISTAT geometry 2021
010012,Casella,current_name,,2021-12-31,ISTAT geometry 2021
010013,Castiglione,historical_name,,1863-06-01,ISTAT SITUAS report 104
010013,Castiglione Chiavarese,current_name,,2021-12-31,ISTAT geometry 2021
010014,Ceranesi,current_name,,2021-12-31,ISTAT geometry 2021
010015,Chiavari,current_name,,2021-12-31,ISTAT geometry 2021
010016,Cicagna,current_name,,2021-12-31,ISTAT geometry 2021
010017,Cogoleto,current_name,,2021-12-31,ISTAT geometry 2021
010018,Cogorno,current_name,,2021-12-31,ISTAT geometry 2021
010019,Coreglia,historical_name,,1863-06-01,ISTAT SITUAS report 104
010019,Coreglia di Fontanabona,historical_name,,1863-06-01,ISTAT SITUAS report 104
010019,Coreglia Ligure,current_name,,2021-12-31,ISTAT geometry 2021
010020,Crocefieschi,current_name,,2021-12-31,ISTAT geometry 2021
010021,Davagna,current_name,,2021-12-31,ISTAT geometry 2021
010021,Rosso,historical_name,,1891-05-02,ISTAT SITUAS report 104
010022,Fascia,current_name,,2021-12-31,ISTAT geometry 2021
010023,Favale,historical_name,,1863-06-01,ISTAT SITUAS report 104
010023,Favale di Malvaro,current_name,,2021-12-31,ISTAT geometry 2021
010024,Fontanigorda,current_name,,2021-12-31,ISTAT geometry 2021
010025,Bolzaneto,historical_name,,1869-11-09,ISTAT SITUAS report 103
010025,Borzoli,historical_name,,1923-11-29,ISTAT SITUAS report 103
010025,Cornigliano,historical_name,,1880-06-01,ISTAT SITUAS report 104
010025,Cornigliano Ligure,historical_name,,1880-06-01,ISTAT SITUAS report 104
010025,Genova,current_name,,2021-12-31,ISTAT geometry 2021
010025,Pegli,historical_name,,1875-01-01,ISTAT SITUAS report 98
010025,Pontedecimo,historical_name,,1870-01-01,ISTAT SITUAS report 103
010025,Quarto al Mare,historical_name,,1911-03-19,ISTAT SITUAS report 104
010025,Quarto dei Mille,historical_name,,1911-03-19,ISTAT SITUAS report 104
010025,Rivarolo,historical_name,,1863-06-01,ISTAT SITUAS report 104
010025,Rivarolo Ligure,historical_name,,1863-06-01,ISTAT SITUAS report 104
010025,San Quirico,historical_name,,1863-06-01,ISTAT SITUAS report 104
010025,San Quirico in Val Polcevera,historical_name,,1863-06-01,ISTAT SITUAS report 104
010025,Sant'Ilario,historical_name,,1863-06-01,ISTAT SITUAS report 104
010025,Sant'Ilario Ligure,historical_name,,1863-06-01,ISTAT SITUAS report 104
010025,Sestri Ponente,historical_name,,1923-11-29,ISTAT SITUAS report 103
010026,Gorreto,current_name,,2021-12-31,ISTAT geometry 2021
010027,Isola,historical_name,,1863-06-01,ISTAT SITUAS report 104
010027,Isola del Cantone,current_name,,2021-12-31,ISTAT geometry 2021
010028,Lavagna,current_name,,2021-12-31,ISTAT geometry 2021
010029,Leivi,current_name,,2021-12-31,ISTAT geometry 2021
010029,San Rufino,historical_name,,1934-10-05,ISTAT SITUAS report 104
010030,Lorsica,current_name,,2021-12-31,ISTAT geometry 2021
010031,Lumarzo,current_name,,2021-12-31,ISTAT geometry 2021
010032,Masone,current_name,,2021-12-31,ISTAT geometry 2021
010033,Mele,current_name,,2021-12-31,ISTAT geometry 2021
010034,Mezzanego,current_name,,2021-12-31,ISTAT geometry 2021
010035,Mignanego,current_name,,2021-12-31,ISTAT geometry 2021
010036,Moconesi,current_name,,2021-12-31,ISTAT geometry 2021
010037,Moneglia,current_name,,2021-12-31,ISTAT geometry 2021
010038,Montebruno,current_name,,2021-12-31,ISTAT geometry 2021
010039,Montoggio,current_name,,2021-12-31,ISTAT geometry 2021
010040,Ne,current_name,,2021-12-31,ISTAT geometry 2021
010041,Neirone,current_name,,2021-12-31,ISTAT geometry 2021
010042,Orero,current_name,,2021-12-31,ISTAT geometry 2021
010043,Pieve Ligure,current_name,,2021-12-31,ISTAT geometry 2021
010044,Portofino,current_name,,2021-12-31,ISTAT geometry 2021
010045,Propata,current_name,,2021-12-31,ISTAT geometry 2021
010046,Rapallo,current_name,,2021-12-31,ISTAT geometry 2021
010047,Recco,current_name,,2021-12-31,ISTAT geometry 2021
010048,Rezzoaglio,current_name,,2021-12-31,ISTAT geometry 2021
010049,Ronco,historical_name,,1863-06-01,ISTAT SITUAS report 104
010049,Ronco Scrivia,current_name,,2021-12-31,ISTAT geometry 2021
010050,Rondanina,current_name,,2021-12-31,ISTAT geometry 2021
010051,Rossiglione,current_name,,2021-12-31,ISTAT geometry 2021
010052,Rovegno,current_name,,2021-12-31,ISTAT geometry 2021
010053,San Colombano,historical_name,,1863-06-01,ISTAT SITUAS report 104
010053,San Colombano Certenoli,current_name,,2021-12-31,ISTAT geometry 2021
010054,Santa Margherita,historical_name,,1864-02-02,ISTAT SITUAS report 104
010054,Santa Margherita Ligure,current_name,,2021-12-31,ISTAT geometry 2021
010055,Sant'Olcese,current_name,,2021-12-31,ISTAT geometry 2021
010056,Santo Stefano d'Aveto,current_name,,2021-12-31,ISTAT geometry 2021
010057,Savignone,current_name,,2021-12-31,ISTAT geometry 2021
010058,Serra,historical_name,,1863-06-01,ISTAT SITUAS report 104
010058,Serra Riccò,current_name,,2021-12-31,ISTAT geometry 2021
010059,Sestri Levante,current_name,,2021-12-31,ISTAT geometry 2021
010060,Sori,current_name,,2021-12-31,ISTAT geometry 2021
010061,Tiglieto,current_name,,2021-12-31,ISTAT geometry 2021
010062,Torriglia,current_name,,2021-12-31,ISTAT geometry 2021
010063,Tribogna,current_name,,2021-12-31,ISTAT geometry 2021
010064,Uscio,current_name,,2021-12-31,ISTAT geometry 2021
010065,Valbrevenna,current_name,,2021-12-31,ISTAT geometry 2021
010066,Vobbia,current_name,,2021-12-31,ISTAT geometry 2021
010067,Zoagli,current_name,,2021-12-31,ISTAT geometry 2021
011001,Ameglia,current_name,,2021-12-31,ISTAT geometry 2021
011002,Arcola,current_name,,2021-12-31,ISTAT geometry 2021
011002,Trebiano,historical_name,,1863-06-01,ISTAT SITUAS report 104
011002,Trebiano Magra,historical_name,,1863-06-01,ISTAT SITUAS report 104
011003,Beverino,current_name,,2021-12-31,ISTAT geometry 2021
011004,Bolano,current_name,,2021-12-31,ISTAT geometry 2021
011005,Bonassola,current_name,,2021-12-31,ISTAT geometry 2021
011006,Borghetto,historical_name,,1863-06-01,ISTAT SITUAS report 104
011006,Borghetto di Vara,current_name,,2021-12-31,ISTAT geometry 2021
011007,Brugnato,current_name,,2021-12-31,ISTAT geometry 2021
011008,Calice,historical_name,,1863-05-12,ISTAT SITUAS report 104
011008,Calice al Cornoviglio,current_name,,2021-12-31,ISTAT geometry 2021
011009,Carro,current_name,,2021-12-31,ISTAT geometry 2021
011010,Carrodano,current_name,,2021-12-31,ISTAT geometry 2021
011011,Castelnuovo Magra,current_name,,2021-12-31,ISTAT geometry 2021
011012,DEIVA,historical_name,1923-12-22,1949-12-10,ANPR historical archive
011012,Deiva Marina,current_name,,2021-12-31,ISTAT geometry 2021
011013,Follo,current_name,,2021-12-31,ISTAT geometry 2021
011014,Framura,current_name,,2021-12-31,ISTAT geometry 2021
011015,La Spezia,current_name,,2021-12-31,ISTAT geometry 2021
011015,Spezia,historical_name,,1923-12-22,ISTAT SITUAS report 105
011016,Lerici,current_name,,2021-12-31,ISTAT geometry 2021
011017,Levanto,current_name,,2021-12-31,ISTAT geometry 2021
011018,Maissana,current_name,,2021-12-31,ISTAT geometry 2021
011019,Monterosso,historical_name,,1863-06-01,ISTAT SITUAS report 104
011019,Monterosso al Mare,current_name,,2021-12-31,ISTAT geometry 2021
011020,Luni,current_name,,2021-12-31,ISTAT geometry 2021
011020,ORTONOVO,historical_name,1923-12-22,2017-04-19,ANPR historical archive
011021,Pignone,current_name,,2021-12-31,ISTAT geometry 2021
011022,Portovenere,current_name,,2021-12-31,ISTAT geometry 2021
011023,Riccò,historical_name,,1863-06-01,ISTAT SITUAS report 104
011023,Riccò del Golfo di Spezia,current_name,,2021-12-31,ISTAT geometry 2021
011024,Riomaggiore,current_name,,2021-12-31,ISTAT geometry 2021
011025,Rocchetta,historical_name,,1863-05-12,ISTAT SITUAS report 104
011025,Rocchetta di Vara,current_name,,2021-12-31,ISTAT geometry 2021
011026,Santo Stefano,historical_name,,1863-06-01,ISTAT SITUAS report 104
011026,Santo Stefano di Magra,current_name,,2021-12-31,ISTAT geometry 2021
011027,Sarzana,current_name,,2021-12-31,ISTAT geometry 2021
011028,Godano,historical_name,,1875-12-08,ISTAT SITUAS report 104
011028,Sesta Godano,current_name,,2021-12-31,ISTAT geometry 2021
011029,Varese,historical_name,,1862-04-24,ISTAT SITUAS report 104
011029,Varese Ligure,current_name,,2021-12-31,ISTAT geometry 2021
011030,Vernazza,current_name,,2021-12-31,ISTAT geometry 2021
011031,Vezzano,historical_name,,1863-06-01,ISTAT SITUAS report 104
011031,Vezzano Ligure,current_name,,2021-12-31,ISTAT geometry 2021
011032,Zignago,current_name,,2021-12-31,ISTAT geometry 2021
012001,Agra,current_name,,2021-12-31,ISTAT geometry 2021
012002,Albizzate,current_name,,2021-12-31,ISTAT geometry 2021
012003,Angera,current_name,,2021-12-31,ISTAT geometry 2021
012003,Barzola,historical_name,,1927-01-12,ISTAT SITUAS report 105
012003,Capronno,historical_name,,1927-01-12,ISTAT SITUAS report 105
012003,Ranco,historical_name,,1927-01-12,ISTAT SITUAS report 105
012004,Arcisate,current_name,,2021-12-31,ISTAT geometry 2021
012004,Brenno,historical_name,,1863-05-09,ISTAT SITUAS report 104
012004,Brenno Useria,historical_name,,1863-05-09,ISTAT SITUAS report 104
012005,ARSAGO,historical_name,1927-01-12,1948-02-05,ANPR historical archive
012005,Arsago Seprio,current_name,,2021-12-31,ISTAT geometry 2021
012005,Casorate,historical_name,,1862-11-30,ISTAT SITUAS report 104
012005,Casorate Sempione,historical_name,,1862-11-30,ISTAT SITUAS report 104
012005,Mezzana,historical_name,,1862-11-30,ISTAT SITUAS report 104
012005,Mezzana Superiore,historical_name,,1862-11-30,ISTAT SITUAS report 104
012006,Azzate,current_name,,2021-12-31,ISTAT geometry 2021
012006,Brunello,historical_name,,1927-01-12,ISTAT SITUAS report 105
012006,Buguggiate,historical_name,,1927-01-12,ISTAT SITUAS report 105
012007,Azzio,current_name,,2021-12-31,ISTAT geometry 2021
012008,Barasso,current_name,,2021-12-31,ISTAT geometry 2021
012009,Bardello,current_name,,2021-12-31,ISTAT geometry 2021
012010,Bedero Valcuvia,current_name,,2021-12-31,ISTAT geometry 2021
012011,Besano,current_name,,2021-12-31,ISTAT geometry 2021
012012,Besnate,current_name,,2021-12-31,ISTAT geometry 2021
012013,Besozzo,current_name,,2021-12-31,ISTAT geometry 2021
012013,Bogno,historical_name,,1927-01-12,ISTAT SITUAS report 105
012013,Cardana,historical_name,,1927-01-12,ISTAT SITUAS report 105
012013,Olginasio,historical_name,,1927-01-12,ISTAT SITUAS report 105
012014,Biandronno,current_name,,2021-12-31,ISTAT geometry 2021
012015,Bisuschio,current_name,,2021-12-31,ISTAT geometry 2021
012016,Bodio,historical_name,,1927-01-12,ISTAT SITUAS report 105
012016,Bodio Lomnago,current_name,,2021-12-31,ISTAT geometry 2021
012016,LOMNAGO,historical_name,1928-01-12,1946-10-26,ANPR historical archive
012017,Brebbia,current_name,,2021-12-31,ISTAT geometry 2021
012018,Bregano,current_name,,2021-12-31,ISTAT geometry 2021
012019,Brenta,current_name,,2021-12-31,ISTAT geometry 2021
012020,Brezzo di Bedero,current_name,,2021-12-31,ISTAT geometry 2021
012021,Brinzio,current_name,,2021-12-31,ISTAT geometry 2021
012022,Brissago,historical_name,,1927-01-12,ISTAT SITUAS report 105
012022,Brissago-Valtravaglia,current_name,,2021-12-31,ISTAT geometry 2021
012022,Mesenzana,historical_name,,1927-01-12,ISTAT SITUAS report 105
012022,Roggiano,historical_name,,1864-03-11,ISTAT SITUAS report 104
012022,Roggiano Valtravaglia,historical_name,,1864-03-11,ISTAT SITUAS report 104
012023,Brunello,current_name,,2021-12-31,ISTAT geometry 2021
012024,Ardena,historical_name,,1927-01-12,ISTAT SITUAS report 105
012024,Brusimpiano,current_name,,2021-12-31,ISTAT geometry 2021
012025,Buguggiate,current_name,,2021-12-31,ISTAT geometry 2021
012026,Borsano,historical_name,,1869-05-01,ISTAT SITUAS report 103
012026,Busto Arsizio,current_name,,2021-12-31,ISTAT geometry 2021
012026,Sacconago,historical_name,,1869-05-01,ISTAT SITUAS report 103
012027,Arbizzo,historical_name,,1927-01-12,ISTAT SITUAS report 105
012027,Cadegliano,historical_name,,1908-07-22,ISTAT SITUAS report 100
012027,Cadegliano-Viconago,current_name,,2021-12-31,ISTAT geometry 2021
012027,Viconago,historical_name,,1894-01-01,ISTAT SITUAS report 103
012029,Cairate,current_name,,2021-12-31,ISTAT geometry 2021
012030,Cantello,current_name,,2021-12-31,ISTAT geometry 2021
012030,Cazzone,historical_name,,1895-08-31,ISTAT SITUAS report 104
012031,Caravate,current_name,,2021-12-31,ISTAT geometry 2021
012032,Cardano,historical_name,,1864-04-01,ISTAT SITUAS report 104
012032,Cardano al Campo,current_name,,2021-12-31,ISTAT geometry 2021
012033,Carnago,current_name,,2021-12-31,ISTAT geometry 2021
012033,Castelseprio,historical_name,,1927-01-12,ISTAT SITUAS report 105
012033,Rovate,historical_name,,1927-01-12,ISTAT SITUAS report 105
012034,Caronno,historical_name,,1863-09-20,ISTAT SITUAS report 104
012034,Caronno Ertusella,election_source_name,1999-06-13,1999-06-13,official election source label
012034,Caronno Milanese,historical_name,,1863-09-20,ISTAT SITUAS report 104
012034,Caronno Pertusella,current_name,,2021-12-31,ISTAT geometry 2021
012035,Caronno Ghiringhello,historical_name,,1927-01-12,ISTAT SITUAS report 105
012035,Caronno Varesino,current_name,,2021-12-31,ISTAT geometry 2021
012036,Casale,historical_name,,1863-02-21,ISTAT SITUAS report 104
012036,Casale Litta,current_name,,2021-12-31,ISTAT geometry 2021
012036,San Pancrazio,historical_name,,1862-11-30,ISTAT SITUAS report 104
012036,San Pancrazio al Colle,historical_name,,1862-11-30,ISTAT SITUAS report 104
012037,Arcumeggia,historical_name,,1927-01-12,ISTAT SITUAS report 105
012037,Casalzuigno,current_name,,2021-12-31,ISTAT geometry 2021
012038,Casciago,current_name,,2021-12-31,ISTAT geometry 2021
012039,Casorate Sempione,current_name,,2021-12-31,ISTAT geometry 2021
012040,Cassano Magnago,current_name,,2021-12-31,ISTAT geometry 2021
012041,Cassano,historical_name,,1863-05-09,ISTAT SITUAS report 104
012041,Cassano Valcuvia,current_name,,2021-12-31,ISTAT geometry 2021
012042,Castegnate,historical_name,,1864-04-01,ISTAT SITUAS report 104
012042,Castegnate Olona,historical_name,,1864-04-01,ISTAT SITUAS report 104
012042,Castellanza,current_name,,2021-12-31,ISTAT geometry 2021
012043,Cabiaglio,historical_name,,1927-01-12,ISTAT SITUAS report 105
012043,Castello Cabiaglio,current_name,,2021-12-31,ISTAT geometry 2021
012044,Castelseprio,current_name,,2021-12-31,ISTAT geometry 2021
012045,Castello,historical_name,,1863-09-27,ISTAT SITUAS report 104
012045,Castello Valtravaglia,historical_name,,1863-09-27,ISTAT SITUAS report 104
012045,Castelveccana,current_name,,2021-12-31,ISTAT geometry 2021
012045,Veccana,historical_name,,1927-01-12,ISTAT SITUAS report 105
012046,Caronno Corbellaro,historical_name,,1927-01-12,ISTAT SITUAS report 105
012046,Castiglione,historical_name,,1863-05-09,ISTAT SITUAS report 104
012046,Castiglione Olona,current_name,,2021-12-31,ISTAT geometry 2021
012046,Gornate-Superiore,historical_name,,1927-01-12,ISTAT SITUAS report 105
012047,Castronno,current_name,,2021-12-31,ISTAT geometry 2021
012048,Cavaria con Premezzo,current_name,,2021-12-31,ISTAT geometry 2021
012048,Cavaria ed Uniti,historical_name,,1892-07-01,ISTAT SITUAS report 104
012048,Orago,historical_name,,1870-09-01,ISTAT SITUAS report 98
012049,Cazzago,historical_name,,1863-05-09,ISTAT SITUAS report 104
012049,Cazzago Brabbia,current_name,,2021-12-31,ISTAT geometry 2021
012050,Cislago,current_name,,2021-12-31,ISTAT geometry 2021
012051,Brenta,historical_name,,1927-01-12,ISTAT SITUAS report 105
012051,Cittiglio,current_name,,2021-12-31,ISTAT geometry 2021
012051,Vararo,historical_name,,1927-01-12,ISTAT SITUAS report 105
012052,Clivio,current_name,,2021-12-31,ISTAT geometry 2021
012053,Cocquio,historical_name,,1927-01-12,ISTAT SITUAS report 105
012053,Cocquio-Trevisago,current_name,,2021-12-31,ISTAT geometry 2021
012053,Trevisago,historical_name,,1927-01-12,ISTAT SITUAS report 105
012054,Comabbio,current_name,,2021-12-31,ISTAT geometry 2021
012055,Barasso,historical_name,,1927-01-12,ISTAT SITUAS report 105
012055,Comerio,current_name,,2021-12-31,ISTAT geometry 2021
012055,Luvinate,historical_name,,1927-01-12,ISTAT SITUAS report 105
012056,Cremenaga,current_name,,2021-12-31,ISTAT geometry 2021
012057,Crosio della Valle,current_name,,2021-12-31,ISTAT geometry 2021
012058,Cuasso al Monte,current_name,,2021-12-31,ISTAT geometry 2021
012059,Cugliate,historical_name,,1927-01-12,ISTAT SITUAS report 105
012059,Cugliate-Fabiasco,current_name,,2021-12-31,ISTAT geometry 2021
012059,Fabiasco,historical_name,,1927-01-12,ISTAT SITUAS report 105
012059,Marchirolo,historical_name,,1927-01-12,ISTAT SITUAS report 105
012059,VAL MARCHIROLO,historical_name,1928-10-07,1955-08-18,ANPR historical archive
012060,Cunardo,current_name,,2021-12-31,ISTAT geometry 2021
012061,Curiglia,historical_name,,1927-01-12,ISTAT SITUAS report 105
012061,Curiglia con Monteviasco,current_name,,2021-12-31,ISTAT geometry 2021
012061,Monteviasco,historical_name,,1927-01-12,ISTAT SITUAS report 105
012062,Cuveglio,current_name,,2021-12-31,ISTAT geometry 2021
012063,Cavona,historical_name,,1927-01-12,ISTAT SITUAS report 105
012063,Cuveglio,historical_name,,1863-09-27,ISTAT SITUAS report 104
012063,Cuveglio in Valle,historical_name,,1863-09-27,ISTAT SITUAS report 104
012063,Cuvio,current_name,,2021-12-31,ISTAT geometry 2021
012063,Duno,historical_name,,1927-01-12,ISTAT SITUAS report 105
012063,Vergobbio,historical_name,,1927-01-12,ISTAT SITUAS report 105
012064,Daverio,current_name,,2021-12-31,ISTAT geometry 2021
012065,Cossano,historical_name,,1863-05-09,ISTAT SITUAS report 104
012065,Due Cossani,historical_name,,1863-05-09,ISTAT SITUAS report 104
012065,Dumenza,current_name,,2021-12-31,ISTAT geometry 2021
012065,Runo,historical_name,,1927-01-12,ISTAT SITUAS report 105
012066,Duno,current_name,,2021-12-31,ISTAT geometry 2021
012067,Fagnano,historical_name,,1862-12-21,ISTAT SITUAS report 104
012067,Fagnano Olona,current_name,,2021-12-31,ISTAT geometry 2021
012068,Ferno,current_name,,2021-12-31,ISTAT geometry 2021
012069,Ferrera,historical_name,,1863-05-09,ISTAT SITUAS report 104
012069,Ferrera di Varese,current_name,,2021-12-31,ISTAT geometry 2021
012070,Gallarate,current_name,,2021-12-31,ISTAT geometry 2021
012071,Galliate,historical_name,,1863-05-09,ISTAT SITUAS report 104
012071,Galliate Lombardo,current_name,,2021-12-31,ISTAT geometry 2021
012072,Gavirate,current_name,,2021-12-31,ISTAT geometry 2021
012072,Oltrona,historical_name,,1864-03-11,ISTAT SITUAS report 104
012072,Oltrona al Lago,historical_name,,1864-03-11,ISTAT SITUAS report 104
012072,Voltorre,historical_name,,1927-01-12,ISTAT SITUAS report 105
012073,Gazzada,historical_name,,1927-01-12,ISTAT SITUAS report 105
012073,Gazzada Schianno,current_name,,2021-12-31,ISTAT geometry 2021
012073,Schianno,historical_name,,1927-01-12,ISTAT SITUAS report 105
012074,Gemonio,current_name,,2021-12-31,ISTAT geometry 2021
012075,Gerenzano,current_name,,2021-12-31,ISTAT geometry 2021
012076,Germignaga,current_name,,2021-12-31,ISTAT geometry 2021
012077,Golasecca,current_name,,2021-12-31,ISTAT geometry 2021
012078,Gorla Maggiore,current_name,,2021-12-31,ISTAT geometry 2021
012079,Gorla Minore,current_name,,2021-12-31,ISTAT geometry 2021
012080,Gornate Inferiore,historical_name,,1927-01-12,ISTAT SITUAS report 105
012080,Gornate Olona,current_name,,2021-12-31,ISTAT geometry 2021
012080,Torba,historical_name,,1927-01-12,ISTAT SITUAS report 105
012081,Grantola,current_name,,2021-12-31,ISTAT geometry 2021
012082,Inarzo,current_name,,2021-12-31,ISTAT geometry 2021
012083,Induno Olona,current_name,,2021-12-31,ISTAT geometry 2021
012084,Barza,historical_name,,1927-01-12,ISTAT SITUAS report 105
012084,Ispra,current_name,,2021-12-31,ISTAT geometry 2021
012085,Jerago con Orago,current_name,,2021-12-31,ISTAT geometry 2021
012086,Lavena,historical_name,,1927-01-12,ISTAT SITUAS report 105
012086,Lavena Ponte Tresa,current_name,,2021-12-31,ISTAT geometry 2021
012087,Cerro,historical_name,,1863-09-27,ISTAT SITUAS report 104
012087,Cerro Lago Maggiore,historical_name,,1863-09-27,ISTAT SITUAS report 104
012087,Laveno,historical_name,,1927-01-12,ISTAT SITUAS report 105
012087,Laveno-Mombello,current_name,,2021-12-31,ISTAT geometry 2021
012087,Mombello,historical_name,,1863-09-27,ISTAT SITUAS report 104
012087,Mombello Lago Maggiore,historical_name,,1863-09-27,ISTAT SITUAS report 104
012088,Arolo,historical_name,,1927-01-12,ISTAT SITUAS report 105
012088,Ballarate,historical_name,,1879-03-06,ISTAT SITUAS report 104
012088,Bosco,historical_name,,1863-05-09,ISTAT SITUAS report 104
012088,Bosco di Gavirate,historical_name,,1863-05-09,ISTAT SITUAS report 104
012088,Cellina,historical_name,,1927-01-12,ISTAT SITUAS report 105
012088,Leggiuno,current_name,,2021-12-31,ISTAT geometry 2021
012088,LEGGIUNO-SANGIANO,historical_name,1928-01-07,1963-09-13,ANPR historical archive
012088,Sangiano,historical_name,,1927-01-12,ISTAT SITUAS report 105
012089,Lonate Ceppino,current_name,,2021-12-31,ISTAT geometry 2021
012090,Lonate Ozzolo,election_source_name,1999-06-13,1999-06-13,official election source label
012090,Lonate Pozzolo,current_name,,2021-12-31,ISTAT geometry 2021
012090,Sant'Antonino,historical_name,,1862-12-21,ISTAT SITUAS report 104
012090,Sant'Antonino Ticino,historical_name,,1862-12-21,ISTAT SITUAS report 104
012091,Lozza,current_name,,2021-12-31,ISTAT geometry 2021
012092,Brezzo di Bedero,historical_name,,1927-01-12,ISTAT SITUAS report 105
012092,Germignaga,historical_name,,1927-01-12,ISTAT SITUAS report 105
012092,Luino,current_name,,2021-12-31,ISTAT geometry 2021
012092,Luvino,historical_name,,1889-03-06,ISTAT SITUAS report 104
012092,Voldomino,historical_name,,1927-01-12,ISTAT SITUAS report 105
012093,Luvinate,current_name,,2021-12-31,ISTAT geometry 2021
012095,Malgesso,current_name,,2021-12-31,ISTAT geometry 2021
012096,Gurone,historical_name,,1927-01-12,ISTAT SITUAS report 105
012096,Malnate,current_name,,2021-12-31,ISTAT geometry 2021
012097,Marchirolo,current_name,,2021-12-31,ISTAT geometry 2021
012098,Marnate,current_name,,2021-12-31,ISTAT geometry 2021
012099,Marzio,current_name,,2021-12-31,ISTAT geometry 2021
012100,Masciago,historical_name,,1863-05-09,ISTAT SITUAS report 104
012100,Masciago Primo,current_name,,2021-12-31,ISTAT geometry 2021
012101,Mercallo,current_name,,2021-12-31,ISTAT geometry 2021
012102,Mesenzana,current_name,,2021-12-31,ISTAT geometry 2021
012103,Bosco,historical_name,,1863-05-09,ISTAT SITUAS report 104
012103,Bosco Valtravaglia,historical_name,,1863-05-09,ISTAT SITUAS report 104
012103,Grantola,historical_name,,1927-01-12,ISTAT SITUAS report 105
012103,Montegrino,historical_name,,1927-01-12,ISTAT SITUAS report 105
012103,Montegrino Valtravaglia,current_name,,2021-12-31,ISTAT geometry 2021
012104,Monvalle,current_name,,2021-12-31,ISTAT geometry 2021
012105,Morazzone,current_name,,2021-12-31,ISTAT geometry 2021
012106,Mornago,current_name,,2021-12-31,ISTAT geometry 2021
012107,Oggiona,historical_name,,1864-04-01,ISTAT SITUAS report 104
012107,Oggiona con Santo Stefano,current_name,,2021-12-31,ISTAT geometry 2021
012108,Olgiate Olona,current_name,,2021-12-31,ISTAT geometry 2021
012109,Origgio,current_name,,2021-12-31,ISTAT geometry 2021
012110,Orino,current_name,,2021-12-31,ISTAT geometry 2021
012113,Besano,historical_name,,1927-01-12,ISTAT SITUAS report 105
012113,Porto,historical_name,,1863-05-09,ISTAT SITUAS report 104
012113,Porto Ceresio,current_name,,2021-12-31,ISTAT geometry 2021
012114,Muceno,historical_name,,1927-01-12,ISTAT SITUAS report 105
012114,Musadino,historical_name,,1927-01-12,ISTAT SITUAS report 105
012114,Porto,historical_name,,1863-09-27,ISTAT SITUAS report 104
012114,Porto Valtravaglia,current_name,,2021-12-31,ISTAT geometry 2021
012115,Rancio,historical_name,,1863-05-09,ISTAT SITUAS report 104
012115,Rancio Valcuvia,current_name,,2021-12-31,ISTAT geometry 2021
012116,Ranco,current_name,,2021-12-31,ISTAT geometry 2021
012117,Saltrio,current_name,,2021-12-31,ISTAT geometry 2021
012118,Samarate,current_name,,2021-12-31,ISTAT geometry 2021
012119,Gerenzano,historical_name,,1927-01-12,ISTAT SITUAS report 105
012119,Origgio,historical_name,,1927-01-12,ISTAT SITUAS report 105
012119,Saronno,current_name,,2021-12-31,ISTAT geometry 2021
012119,Uboldo,historical_name,,1927-01-12,ISTAT SITUAS report 105
012120,Lisanza,historical_name,,1927-01-12,ISTAT SITUAS report 105
012120,Oriano,historical_name,,1863-02-21,ISTAT SITUAS report 104
012120,Oriano Sopra Ticino,historical_name,,1863-02-21,ISTAT SITUAS report 104
012120,Sesto Calende,current_name,,2021-12-31,ISTAT geometry 2021
012121,Solbiate Arno,current_name,,2021-12-31,ISTAT geometry 2021
012121,SOLBIATE ARNO E MONTE,historical_name,1927-01-12,1957-12-25,ANPR historical archive
012122,Solbiate Olona,current_name,,2021-12-31,ISTAT geometry 2021
012123,Mezzana Superiore,historical_name,,1870-09-01,ISTAT SITUAS report 98
012123,Somma,historical_name,,1862-11-30,ISTAT SITUAS report 104
012123,Somma Lombardo,current_name,,2021-12-31,ISTAT geometry 2021
012124,Quinzano,historical_name,,1864-04-01,ISTAT SITUAS report 104
012124,Quinzano San Pietro,historical_name,,1864-04-01,ISTAT SITUAS report 104
012124,Sumirago,current_name,,2021-12-31,ISTAT geometry 2021
012125,Taino,current_name,,2021-12-31,ISTAT geometry 2021
012126,Ternate,current_name,,2021-12-31,ISTAT geometry 2021
012127,Abbiateguazzone,historical_name,,1927-01-12,ISTAT SITUAS report 105
012127,Tradate,current_name,,2021-12-31,ISTAT geometry 2021
012128,Monate,historical_name,,1927-01-12,ISTAT SITUAS report 105
012128,Travedona,historical_name,,1910-09-09,ISTAT SITUAS report 103
012128,Travedona-Monate,current_name,,2021-12-31,ISTAT geometry 2021
012129,Bassano di Tronzano,historical_name,,1863-05-09,ISTAT SITUAS report 104
012129,Tronzano,historical_name,,1863-05-09,ISTAT SITUAS report 104
012129,Tronzano Lago Maggiore,current_name,,2021-12-31,ISTAT geometry 2021
012130,Uboldo,current_name,,2021-12-31,ISTAT geometry 2021
012131,Valganna,current_name,,2021-12-31,ISTAT geometry 2021
012132,Varano,historical_name,,1906-09-30,ISTAT SITUAS report 104
012132,Varano Borghi,current_name,,2021-12-31,ISTAT geometry 2021
012133,Bizzozero,historical_name,,1927-01-12,ISTAT SITUAS report 105
012133,Bobbiate,historical_name,,1927-01-12,ISTAT SITUAS report 105
012133,Capolago,historical_name,,1927-01-12,ISTAT SITUAS report 105
012133,Induno,historical_name,,1863-05-09,ISTAT SITUAS report 104
012133,Induno Olona,historical_name,,1863-05-09,ISTAT SITUAS report 104
012133,Lissago,historical_name,,1927-01-12,ISTAT SITUAS report 105
012133,Masnago,historical_name,,1927-01-12,ISTAT SITUAS report 105
012133,Sant'Ambrogio,historical_name,,1863-05-09,ISTAT SITUAS report 104
012133,Sant'Ambrogio Olona,historical_name,,1863-05-09,ISTAT SITUAS report 104
012133,Santa Maria del Monte,historical_name,,1927-01-12,ISTAT SITUAS report 105
012133,Varese,current_name,,2021-12-31,ISTAT geometry 2021
012133,Velate,historical_name,,1927-01-12,ISTAT SITUAS report 105
012134,Vedano,historical_name,,1863-05-09,ISTAT SITUAS report 104
012134,Vedano Olona,current_name,,2021-12-31,ISTAT geometry 2021
012136,Venegono Inferiore,current_name,,2021-12-31,ISTAT geometry 2021
012137,Venegono Sueriore,election_source_name,1999-06-13,1999-06-13,official election source label
012137,Venegono Superiore,current_name,,2021-12-31,ISTAT geometry 2021
012138,Vergiate,current_name,,2021-12-31,ISTAT geometry 2021
012139,Clivio,historical_name,,1927-01-12,ISTAT SITUAS report 105
012139,Saltrio,historical_name,,1927-01-12,ISTAT SITUAS report 105
012139,Viggiù,current_name,,2021-12-31,ISTAT geometry 2021
012139,Viggiù ed Uniti,historical_name,,1928-01-12,ISTAT SITUAS report 98
012140,Vizzola,historical_name,,1863-09-20,ISTAT SITUAS report 104
012140,Vizzola Ticino,current_name,,2021-12-31,ISTAT geometry 2021
012141,Sangiano,current_name,,2021-12-31,ISTAT geometry 2021
012142,Armio,historical_name,,1927-01-12,ISTAT SITUAS report 105
012142,Biegno,historical_name,,1927-01-12,ISTAT SITUAS report 105
012142,Cadero con Graglio,historical_name,,1877-12-03,ISTAT SITUAS report 104
012142,Campagnano,historical_name,,1863-05-09,ISTAT SITUAS report 104
012142,Campagnano Vedasca,historical_name,,1863-05-09,ISTAT SITUAS report 104
012142,Craglio con Cadero,historical_name,,1877-12-03,ISTAT SITUAS report 104
012142,Garabiolo,historical_name,,1927-01-12,ISTAT SITUAS report 105
012142,MACCAGNO,historical_name,1953-08-25,1955-11-30,ANPR historical archive
012142,Maccagno con Pino e Veddasca,current_name,,2021-12-31,ISTAT geometry 2021
012142,Maccagno Inferiore,historical_name,,1927-01-12,ISTAT SITUAS report 105
012142,MACCAGNO SUPERIORE,historical_name,1928-01-07,1953-08-24,ANPR historical archive
012142,Musignano,historical_name,,1927-01-12,ISTAT SITUAS report 105
012142,Pino,historical_name,,1863-05-09,ISTAT SITUAS report 104
012142,PINO SULLA SPONDA DEL LAGO MAGGIORE,historical_name,1927-01-12,2014-02-03,ANPR historical archive
012142,VEDDASCA,historical_name,1928-08-07,2014-02-03,ANPR historical archive
012143,CADREZZATE,historical_name,1927-01-12,2019-02-14,ANPR historical archive
012143,Cadrezzate con Osmate,current_name,,2021-12-31,ISTAT geometry 2021
012143,Lentate,historical_name,,1863-05-09,ISTAT SITUAS report 104
012143,Lentate Verbano,historical_name,,1863-05-09,ISTAT SITUAS report 104
012143,OSMATE,historical_name,1970-08-29,2019-02-14,ANPR historical archive
012143,OSMATE LENTATE,historical_name,1929-06-13,1970-08-28,ANPR historical archive
013003,Albavilla,current_name,,2021-12-31,ISTAT geometry 2021
013004,Albese con Cassano,current_name,,2021-12-31,ISTAT geometry 2021
013004,Cassano,historical_name,,1863-01-24,ISTAT SITUAS report 104
013004,Cassano Albese,historical_name,,1863-01-24,ISTAT SITUAS report 104
013005,Albiolo,current_name,,2021-12-31,ISTAT geometry 2021
013006,Alserio,current_name,,2021-12-31,ISTAT geometry 2021
013007,Alzate,historical_name,,1864-03-11,ISTAT SITUAS report 104
013007,Alzate Brianza,current_name,,2021-12-31,ISTAT geometry 2021
013007,Alzate con Verzago,historical_name,,1864-03-11,ISTAT SITUAS report 104
013007,Fabbrica,historical_name,,1863-05-09,ISTAT SITUAS report 104
013007,Fabbrica Durini,historical_name,,1863-05-09,ISTAT SITUAS report 104
013009,Anzano,historical_name,,1863-09-27,ISTAT SITUAS report 104
013009,Anzano del Parco,current_name,,2021-12-31,ISTAT geometry 2021
013010,Aiano Gentile,election_source_name,1999-06-13,1999-06-13,official election source label
013010,Appiano,historical_name,,1867-05-15,ISTAT SITUAS report 103
013010,Appiano Gentile,current_name,,2021-12-31,ISTAT geometry 2021
013010,San Bartolomeo,historical_name,,1863-05-09,ISTAT SITUAS report 104
013010,San Bartolomeo al Bosco,historical_name,,1863-05-09,ISTAT SITUAS report 104
013011,Argegno,current_name,,2021-12-31,ISTAT geometry 2021
013012,Arosio,current_name,,2021-12-31,ISTAT geometry 2021
013013,Asso,current_name,,2021-12-31,ISTAT geometry 2021
013013,Pagnano,historical_name,,1875-03-17,ISTAT SITUAS report 104
013013,Pagnano Valsassina,historical_name,,1875-03-17,ISTAT SITUAS report 104
013015,Barni,current_name,,2021-12-31,ISTAT geometry 2021
013021,Bene Lario,current_name,,2021-12-31,ISTAT geometry 2021
013022,Beregazzo con Figliaro,current_name,,2021-12-31,ISTAT geometry 2021
013023,Binago,current_name,,2021-12-31,ISTAT geometry 2021
013024,Bizzarone,current_name,,2021-12-31,ISTAT geometry 2021
013025,Blessagno,current_name,,2021-12-31,ISTAT geometry 2021
013026,Blevio,current_name,,2021-12-31,ISTAT geometry 2021
013028,Bregnano,current_name,,2021-12-31,ISTAT geometry 2021
013029,Brenna,current_name,,2021-12-31,ISTAT geometry 2021
013030,Brienno,current_name,,2021-12-31,ISTAT geometry 2021
013032,Brunate,current_name,,2021-12-31,ISTAT geometry 2021
013034,Bulgarograsso,current_name,,2021-12-31,ISTAT geometry 2021
013035,Cabiate,current_name,,2021-12-31,ISTAT geometry 2021
013036,Cadorago,current_name,,2021-12-31,ISTAT geometry 2021
013036,Caslino,historical_name,,1863-05-09,ISTAT SITUAS report 104
013036,Caslino al Piano,historical_name,,1863-05-09,ISTAT SITUAS report 104
013037,Caglio,current_name,,2021-12-31,ISTAT geometry 2021
013040,Campione,historical_name,,1934-02-25,ISTAT SITUAS report 104
013040,Campione d'Italia,current_name,,2021-12-31,ISTAT geometry 2021
013041,Cantù,current_name,,2021-12-31,ISTAT geometry 2021
013042,Canzo,current_name,,2021-12-31,ISTAT geometry 2021
013043,Capiago Intimiano,current_name,,2021-12-31,ISTAT geometry 2021
013043,Salvadera,historical_name,,1928-12-15,ISTAT SITUAS report 100
013044,Carate,historical_name,,1863-01-24,ISTAT SITUAS report 104
013044,Carate Lario,historical_name,,1863-01-24,ISTAT SITUAS report 104
013044,Carate Urio,current_name,,2021-12-31,ISTAT geometry 2021
013045,Carbonate,current_name,,2021-12-31,ISTAT geometry 2021
013046,Carimate,current_name,,2021-12-31,ISTAT geometry 2021
013047,Carlazzo,current_name,,2021-12-31,ISTAT geometry 2021
013047,Piano,historical_name,,1863-09-27,ISTAT SITUAS report 104
013047,Piano Porlezza,historical_name,,1863-09-27,ISTAT SITUAS report 104
013048,Carugo,current_name,,2021-12-31,ISTAT geometry 2021
013052,Caslino,historical_name,,1863-05-09,ISTAT SITUAS report 104
013052,Caslino d'Erba,current_name,,2021-12-31,ISTAT geometry 2021
013052,Caslino Piano d'Erba,historical_name,,1863-05-09,ISTAT SITUAS report 104
013053,Bernate,historical_name,,1863-01-24,ISTAT SITUAS report 104
013053,Bernate di Como,historical_name,,1863-01-24,ISTAT SITUAS report 104
013053,Bernate Rosales,historical_name,,1912-08-18,ISTAT SITUAS report 104
013053,Casnate con Bernate,current_name,,2021-12-31,ISTAT geometry 2021
013055,Cassina Rizzardi,current_name,,2021-12-31,ISTAT geometry 2021
013058,Castelmarte,current_name,,2021-12-31,ISTAT geometry 2021
013059,Castelnuovo Bozzente,current_name,,2021-12-31,ISTAT geometry 2021
013062,Cavargna,current_name,,2021-12-31,ISTAT geometry 2021
013063,Cerano,historical_name,,1863-01-24,ISTAT SITUAS report 104
013063,Cerano d'Intelvi,current_name,,2021-12-31,ISTAT geometry 2021
013064,Cermenate,current_name,,2021-12-31,ISTAT geometry 2021
013065,Cernobbio,current_name,,2021-12-31,ISTAT geometry 2021
013065,Piazza,historical_name,,1863-05-09,ISTAT SITUAS report 104
013065,Piazza Santo Stefano,historical_name,,1863-05-09,ISTAT SITUAS report 104
013068,Cirimido,current_name,,2021-12-31,ISTAT geometry 2021
013071,Claino con Osteno,current_name,,2021-12-31,ISTAT geometry 2021
013074,Colonno,current_name,,2021-12-31,ISTAT geometry 2021
013075,Brunate,historical_name,,1930-11-06,ISTAT SITUAS report 103
013075,Camnago,historical_name,,1863-01-24,ISTAT SITUAS report 104
013075,Camnago San Martino,historical_name,,1863-01-24,ISTAT SITUAS report 104
013075,Camnago Volta,historical_name,,1863-06-21,ISTAT SITUAS report 104
013075,Como,current_name,,2021-12-31,ISTAT geometry 2021
013077,Corrido,current_name,,2021-12-31,ISTAT geometry 2021
013083,Cremia,current_name,,2021-12-31,ISTAT geometry 2021
013084,Cucciago,current_name,,2021-12-31,ISTAT geometry 2021
013085,Cusino,current_name,,2021-12-31,ISTAT geometry 2021
013087,Dizzasco,current_name,,2021-12-31,ISTAT geometry 2021
013089,Domaso,current_name,,2021-12-31,ISTAT geometry 2021
013090,Dongo,current_name,,2021-12-31,ISTAT geometry 2021
013092,Dosso del Liro,current_name,,2021-12-31,ISTAT geometry 2021
013095,Erba,current_name,,2021-12-31,ISTAT geometry 2021
013095,Erba Incino,historical_name,,1906-11-13,ISTAT SITUAS report 98
013097,Eupilio,current_name,,2021-12-31,ISTAT geometry 2021
013098,Faggeto Lario,current_name,,2021-12-31,ISTAT geometry 2021
013099,Camnago di Uggiate,historical_name,,1893-03-19,ISTAT SITUAS report 104
013099,Camnago Faloppia,historical_name,,1893-03-19,ISTAT SITUAS report 104
013099,Faloppio,current_name,,2021-12-31,ISTAT geometry 2021
013100,Fenegrò,current_name,,2021-12-31,ISTAT geometry 2021
013101,Figino,historical_name,,1863-01-24,ISTAT SITUAS report 104
013101,Figino Serenza,current_name,,2021-12-31,ISTAT geometry 2021
013102,Fino,historical_name,,1863-05-09,ISTAT SITUAS report 104
013102,Fino Mornasco,current_name,,2021-12-31,ISTAT geometry 2021
013106,Garzeno,current_name,,2021-12-31,ISTAT geometry 2021
013107,Gera,historical_name,,1929-07-03,ISTAT SITUAS report 104
013107,Gera Lario,current_name,,2021-12-31,ISTAT geometry 2021
013110,Grandate,current_name,,2021-12-31,ISTAT geometry 2021
013111,Bene,historical_name,,1863-01-24,ISTAT SITUAS report 104
013111,Bene Lario,historical_name,,1863-01-24,ISTAT SITUAS report 104
013111,Grandola ed Uniti,current_name,,2021-12-31,ISTAT geometry 2021
013113,Griante,current_name,,2021-12-31,ISTAT geometry 2021
013114,Guanzate,current_name,,2021-12-31,ISTAT geometry 2021
013118,Inverigo,current_name,,2021-12-31,ISTAT geometry 2021
013118,Romanò,historical_name,,1863-01-24,ISTAT SITUAS report 104
013118,Romanò Brianza,historical_name,,1863-01-24,ISTAT SITUAS report 104
013119,Laglio,current_name,,2021-12-31,ISTAT geometry 2021
013119,LAGLIO-BRIENNO,historical_name,1928-05-31,1948-03-25,ANPR historical archive
013120,Laino,current_name,,2021-12-31,ISTAT geometry 2021
013121,Lambrugo,current_name,,2021-12-31,ISTAT geometry 2021
013123,Lasnigo,current_name,,2021-12-31,ISTAT geometry 2021
013126,Lezzeno,current_name,,2021-12-31,ISTAT geometry 2021
013128,Limido,historical_name,,1911-04-05,ISTAT SITUAS report 104
013128,Limido Comasco,current_name,,2021-12-31,ISTAT geometry 2021
013129,Lipomo,current_name,,2021-12-31,ISTAT geometry 2021
013130,Livo,current_name,,2021-12-31,ISTAT geometry 2021
013131,Locate Varesino,current_name,,2021-12-31,ISTAT geometry 2021
013133,Lomazzo,current_name,,2021-12-31,ISTAT geometry 2021
013134,Longone,historical_name,,1863-05-09,ISTAT SITUAS report 104
013134,Longone al Segrino,current_name,,2021-12-31,ISTAT geometry 2021
013135,Luisago,current_name,,2021-12-31,ISTAT geometry 2021
013136,Lurago,historical_name,,1863-05-09,ISTAT SITUAS report 104
013136,Lurago d'Erba,current_name,,2021-12-31,ISTAT geometry 2021
013137,Lurago Marinone,current_name,,2021-12-31,ISTAT geometry 2021
013138,Lurate Abbate,historical_name,,1927-07-15,ISTAT SITUAS report 104
013138,Lurate Caccivio,current_name,,2021-12-31,ISTAT geometry 2021
013139,Magreglio,current_name,,2021-12-31,ISTAT geometry 2021
013143,Mariano,historical_name,,1863-01-24,ISTAT SITUAS report 104
013143,Mariano Comense,current_name,,2021-12-31,ISTAT geometry 2021
013144,Maslianico,current_name,,2021-12-31,ISTAT geometry 2021
013145,Loveno,historical_name,,1863-01-24,ISTAT SITUAS report 104
013145,Loveno Sopra Menaggio,historical_name,,1863-01-24,ISTAT SITUAS report 104
013145,Menaggio,current_name,,2021-12-31,ISTAT geometry 2021
013147,Merone,current_name,,2021-12-31,ISTAT geometry 2021
013152,Moltrasio,current_name,,2021-12-31,ISTAT geometry 2021
013153,Monguzzo,current_name,,2021-12-31,ISTAT geometry 2021
013154,Montano,historical_name,,1863-09-27,ISTAT SITUAS report 104
013154,Montano Comasco,historical_name,,1863-09-27,ISTAT SITUAS report 104
013154,Montano Lucino,current_name,,2021-12-31,ISTAT geometry 2021
013155,Montemezzo,current_name,,2021-12-31,ISTAT geometry 2021
013157,Montorfano,current_name,,2021-12-31,ISTAT geometry 2021
013159,Mozzate,current_name,,2021-12-31,ISTAT geometry 2021
013160,Musso,current_name,,2021-12-31,ISTAT geometry 2021
013161,Nesso,current_name,,2021-12-31,ISTAT geometry 2021
013163,Novedrate,current_name,,2021-12-31,ISTAT geometry 2021
013165,Olgiate,historical_name,,1863-01-24,ISTAT SITUAS report 104
013165,Olgiate Comasco,current_name,,2021-12-31,ISTAT geometry 2021
013169,Oltrona,historical_name,,1863-05-09,ISTAT SITUAS report 104
013169,Oltrona di San Mamette,current_name,,2021-12-31,ISTAT geometry 2021
013169,Oltrona San Mamette,election_source_name,1996-04-21,1996-04-21,official election source label
013170,Orsenigo,current_name,,2021-12-31,ISTAT geometry 2021
013178,Peglio,current_name,,2021-12-31,ISTAT geometry 2021
013183,Pianello,historical_name,,1863-05-09,ISTAT SITUAS report 104
013183,Pianello del Lario,current_name,,2021-12-31,ISTAT geometry 2021
013183,Pianello Lario,election_source_name,1996-04-21,1996-04-21,official election source label
013184,Pigra,current_name,,2021-12-31,ISTAT geometry 2021
013185,Plesio,current_name,,2021-12-31,ISTAT geometry 2021
013186,Pognana,historical_name,,1938-12-20,ISTAT SITUAS report 104
013186,Pognana Lario,current_name,,2021-12-31,ISTAT geometry 2021
013187,Ponna,current_name,,2021-12-31,ISTAT geometry 2021
013188,Ponte,historical_name,,1863-01-24,ISTAT SITUAS report 104
013188,Ponte Lambro,current_name,,2021-12-31,ISTAT geometry 2021
013188,Pontelezza,historical_name,,1928-05-25,ISTAT SITUAS report 100
013189,Porlezza,current_name,,2021-12-31,ISTAT geometry 2021
013192,Proserpio,current_name,,2021-12-31,ISTAT geometry 2021
013193,Pusiano,current_name,,2021-12-31,ISTAT geometry 2021
013195,Rezzago,current_name,,2021-12-31,ISTAT geometry 2021
013197,Rodero,current_name,,2021-12-31,ISTAT geometry 2021
013199,Ronago,current_name,,2021-12-31,ISTAT geometry 2021
013201,Rovellasca,current_name,,2021-12-31,ISTAT geometry 2021
013201,Rovello,historical_name,,1877-09-01,ISTAT SITUAS report 103
013201,Rovello Porro,historical_name,,1926-08-04,ISTAT SITUAS report 104
013201,Rovi Porro,historical_name,,1928-05-12,ISTAT SITUAS report 103
013202,Rovello Orro,election_source_name,1999-06-13,1999-06-13,official election source label
013202,Rovello Porro,current_name,,2021-12-31,ISTAT geometry 2021
013203,Sala Comacina,current_name,,2021-12-31,ISTAT geometry 2021
013204,San Bartolomeo,historical_name,,1863-05-09,ISTAT SITUAS report 104
013204,San Bartolomeo Val Cavargna,current_name,,2021-12-31,ISTAT geometry 2021
013204,San Nazzaro,historical_name,,1863-09-27,ISTAT SITUAS report 104
013204,San Nazzaro Val Cavargna,historical_name,,1863-09-27,ISTAT SITUAS report 104
013206,CAVALLASCA,historical_name,1956-11-10,2016-12-31,ANPR historical archive
013206,San Fermo D. Battaglia,election_source_name,1996-04-21,1996-04-21,official election source label
013206,San Fermo della Battaglia,current_name,,2021-12-31,ISTAT geometry 2021
013206,Vergosa,historical_name,,1912-01-07,ISTAT SITUAS report 104
013207,San Nazzaro Val Cavargna,current_name,,2021-12-31,ISTAT geometry 2021
013211,Schignano,current_name,,2021-12-31,ISTAT geometry 2021
013212,Senna,historical_name,,1863-05-09,ISTAT SITUAS report 104
013212,Senna Comasco,current_name,,2021-12-31,ISTAT geometry 2021
013216,Sorico,current_name,,2021-12-31,ISTAT geometry 2021
013217,Sormano,current_name,,2021-12-31,ISTAT geometry 2021
013218,Stazzona,current_name,,2021-12-31,ISTAT geometry 2021
013222,Tavernerio,current_name,,2021-12-31,ISTAT geometry 2021
013223,Torno,current_name,,2021-12-31,ISTAT geometry 2021
013226,Trezzone,current_name,,2021-12-31,ISTAT geometry 2021
013227,Turate,current_name,,2021-12-31,ISTAT geometry 2021
013228,Uggiate-Trevano,current_name,,2021-12-31,ISTAT geometry 2021
013229,Valbrona,current_name,,2021-12-31,ISTAT geometry 2021
013232,Casanova,historical_name,,1864-03-11,ISTAT SITUAS report 104
013232,Casanova di Uggiate,historical_name,,1864-03-11,ISTAT SITUAS report 104
013232,Casanova Lanza,historical_name,,1903-05-10,ISTAT SITUAS report 104
013232,Valmorea,current_name,,2021-12-31,ISTAT geometry 2021
013233,Rezzo Cavargna,historical_name,,1928-06-30,ISTAT SITUAS report 100
013233,Val Rezzo,current_name,,2021-12-31,ISTAT geometry 2021
013233,Valrezzo,election_source_name,1996-04-21,1996-04-21,official election source label
013234,Castello,historical_name,,1863-01-24,ISTAT SITUAS report 104
013234,Castello Valsolda,historical_name,,1863-01-24,ISTAT SITUAS report 104
013234,Comune della Valsolda,historical_name,,1927-06-09,ISTAT SITUAS report 100
013234,Valsolda,current_name,,2021-12-31,ISTAT geometry 2021
013236,Veleso,current_name,,2021-12-31,ISTAT geometry 2021
013238,Veniano,current_name,,2021-12-31,ISTAT geometry 2021
013239,Vercana,current_name,,2021-12-31,ISTAT geometry 2021
013242,Minoprio,historical_name,,1929-02-01,ISTAT SITUAS report 103
013242,Vertemate con Minoprio,current_name,,2021-12-31,ISTAT geometry 2021
013245,Villa Guardia,current_name,,2021-12-31,ISTAT geometry 2021
013246,Zelbio,current_name,,2021-12-31,ISTAT geometry 2021
013248,San Siro,current_name,,2021-12-31,ISTAT geometry 2021
013248,SANT'ABBONDIO,historical_name,1957-05-02,2002-12-31,ANPR historical archive
013248,SANTA MARIA REZZONICO,historical_name,1928-08-12,1957-05-01,ANPR historical archive
013249,CONSIGLIO DI RUMO,historical_name,1948-03-21,2011-02-10,ANPR historical archive
013249,GERMASINO,historical_name,1954-06-30,2011-02-10,ANPR historical archive
013249,GRAVEDONA,historical_name,1928-12-12,1948-03-20,ANPR historical archive
013249,Gravedona ed Uniti,current_name,,2021-12-31,ISTAT geometry 2021
013250,Bellagio,current_name,,2021-12-31,ISTAT geometry 2021
013250,CIVENNA,historical_name,1927-12-27,1950-04-04,ANPR historical archive
013251,Colverde,current_name,,2021-12-31,ISTAT geometry 2021
013251,DREZZO,historical_name,1956-11-10,2014-02-03,ANPR historical archive
013251,GIRONICO,historical_name,1861-03-17,2014-02-03,ANPR historical archive
013251,PARÈ,historical_name,1956-11-10,2014-02-03,ANPR historical archive
013252,LENNO,historical_name,1947-10-03,2014-02-03,ANPR historical archive
013252,MEZZEGRA,historical_name,1947-10-03,2014-02-03,ANPR historical archive
013252,OSSUCCIO,historical_name,1950-04-05,2014-02-03,ANPR historical archive
013252,Tremezzina,current_name,,2021-12-31,ISTAT geometry 2021
013252,TREMEZZO,historical_name,1947-10-03,2014-02-03,ANPR historical archive
013253,Alta Valle Intelvi,current_name,,2021-12-31,ISTAT geometry 2021
013253,Lanzo,historical_name,,1863-01-24,ISTAT SITUAS report 104
013253,LANZO D'INTELVI,historical_name,1936-10-24,2016-12-31,ANPR historical archive
013253,PELLIO INTELVI,historical_name,1861-03-17,2016-12-31,ANPR historical archive
013253,RAMPONIO VERNA,historical_name,1936-10-24,2016-12-31,ANPR historical archive
013254,Casasco,historical_name,,1863-05-09,ISTAT SITUAS report 104
013254,CASASCO D'INTELVI,historical_name,1863-02-23,2017-12-31,ANPR historical archive
013254,Castiglione,historical_name,,1863-09-27,ISTAT SITUAS report 104
013254,CASTIGLIONE D'INTELVI,historical_name,1863-07-13,2017-12-31,ANPR historical archive
013254,Centro Valle Intelvi,current_name,,2021-12-31,ISTAT geometry 2021
013254,San Fedele,historical_name,,1940-07-02,ISTAT SITUAS report 104
013254,SAN FEDELE INTELVI,historical_name,1940-07-02,2017-12-31,ANPR historical archive
013255,CAGNO,historical_name,1861-03-17,2018-12-31,ANPR historical archive
013255,SOLBIATE,historical_name,1861-03-17,2018-12-31,ANPR historical archive
013255,Solbiate con Cagno,current_name,,2021-12-31,ISTAT geometry 2021
014001,Albaredo per San Marco,current_name,,2021-12-31,ISTAT geometry 2021
014001,Alboredo,historical_name,,1863-09-27,ISTAT SITUAS report 104
014002,Albosaggia,current_name,,2021-12-31,ISTAT geometry 2021
014003,Andalo,historical_name,,1928-06-02,ISTAT SITUAS report 104
014003,Andalo Valtellino,current_name,,2021-12-31,ISTAT geometry 2021
014004,Aprica,current_name,,2021-12-31,ISTAT geometry 2021
014005,Ardenno,current_name,,2021-12-31,ISTAT geometry 2021
014006,Bema,current_name,,2021-12-31,ISTAT geometry 2021
014007,Berbenno,historical_name,,1864-04-01,ISTAT SITUAS report 104
014007,Berbenno di Valtellina,current_name,,2021-12-31,ISTAT geometry 2021
014008,Bianzone,current_name,,2021-12-31,ISTAT geometry 2021
014009,Bormio,current_name,,2021-12-31,ISTAT geometry 2021
014010,Buglio,historical_name,,1863-09-27,ISTAT SITUAS report 104
014010,Buglio in Monte,current_name,,2021-12-31,ISTAT geometry 2021
014011,Caiolo,current_name,,2021-12-31,ISTAT geometry 2021
014012,Campodolcino,current_name,,2021-12-31,ISTAT geometry 2021
014013,Caspoggio,current_name,,2021-12-31,ISTAT geometry 2021
014014,Castello dell'Acqua,current_name,,2021-12-31,ISTAT geometry 2021
014015,Castione,historical_name,,1863-09-27,ISTAT SITUAS report 104
014015,Castione Andevenno,current_name,,2021-12-31,ISTAT geometry 2021
014016,Cedrasco,current_name,,2021-12-31,ISTAT geometry 2021
014017,Cercino,current_name,,2021-12-31,ISTAT geometry 2021
014018,Chiavenna,current_name,,2021-12-31,ISTAT geometry 2021
014019,Chiesa,historical_name,,1940-07-24,ISTAT SITUAS report 104
014019,Chiesa in Valmalenco,current_name,,2021-12-31,ISTAT geometry 2021
014020,Chiuro,current_name,,2021-12-31,ISTAT geometry 2021
014021,Cino,current_name,,2021-12-31,ISTAT geometry 2021
014022,Civo,current_name,,2021-12-31,ISTAT geometry 2021
014023,Colorina,current_name,,2021-12-31,ISTAT geometry 2021
014024,Cosio,historical_name,,1863-09-27,ISTAT SITUAS report 104
014024,Cosio Valtellino,current_name,,2021-12-31,ISTAT geometry 2021
014025,Dazio,current_name,,2021-12-31,ISTAT geometry 2021
014026,Delebio,current_name,,2021-12-31,ISTAT geometry 2021
014027,Dubino,current_name,,2021-12-31,ISTAT geometry 2021
014028,Faedo,historical_name,,1928-04-07,ISTAT SITUAS report 104
014028,Faedo Valtellino,current_name,,2021-12-31,ISTAT geometry 2021
014029,Forcola,current_name,,2021-12-31,ISTAT geometry 2021
014030,Fusine,current_name,,2021-12-31,ISTAT geometry 2021
014031,Gerola,historical_name,,1863-09-27,ISTAT SITUAS report 104
014031,Gerola Alta,current_name,,2021-12-31,ISTAT geometry 2021
014032,Gordona,current_name,,2021-12-31,ISTAT geometry 2021
014032,MENAROLA,historical_name,1861-03-17,2015-11-24,ANPR historical archive
014033,Grosio,current_name,,2021-12-31,ISTAT geometry 2021
014034,Grosotto,current_name,,2021-12-31,ISTAT geometry 2021
014035,Isola,historical_name,,1863-09-27,ISTAT SITUAS report 104
014035,ISOLATO,historical_name,1863-07-13,1983-07-13,ANPR historical archive
014035,Madesimo,current_name,,2021-12-31,ISTAT geometry 2021
014036,Lanzada,current_name,,2021-12-31,ISTAT geometry 2021
014037,Livigno,current_name,,2021-12-31,ISTAT geometry 2021
014038,Lovero,current_name,,2021-12-31,ISTAT geometry 2021
014039,Mantello,current_name,,2021-12-31,ISTAT geometry 2021
014040,Mazzo,historical_name,,1863-09-27,ISTAT SITUAS report 104
014040,Mazzo di Valtellina,current_name,,2021-12-31,ISTAT geometry 2021
014041,Mello,current_name,,2021-12-31,ISTAT geometry 2021
014043,Mese,current_name,,2021-12-31,ISTAT geometry 2021
014044,Montagna,historical_name,,1925-04-17,ISTAT SITUAS report 103
014044,Montagna in Valtellina,current_name,,2021-12-31,ISTAT geometry 2021
014045,Morbegno,current_name,,2021-12-31,ISTAT geometry 2021
014046,Novate,historical_name,,1863-09-27,ISTAT SITUAS report 104
014046,Novate Mezzola,current_name,,2021-12-31,ISTAT geometry 2021
014047,Pedesina,current_name,,2021-12-31,ISTAT geometry 2021
014048,Piantedo,current_name,,2021-12-31,ISTAT geometry 2021
014049,Piateda,current_name,,2021-12-31,ISTAT geometry 2021
014050,Piuro,current_name,,2021-12-31,ISTAT geometry 2021
014051,Pendolasco,historical_name,,1929-03-14,ISTAT SITUAS report 103
014051,Poggiridenti,current_name,,2021-12-31,ISTAT geometry 2021
014052,Ponte,historical_name,,1864-04-01,ISTAT SITUAS report 104
014052,Ponte in Valtellina,current_name,,2021-12-31,ISTAT geometry 2021
014053,Postalesio,current_name,,2021-12-31,ISTAT geometry 2021
014054,Prata,historical_name,,1863-09-27,ISTAT SITUAS report 104
014054,Prata Camportaccio,current_name,,2021-12-31,ISTAT geometry 2021
014055,Rasura,current_name,,2021-12-31,ISTAT geometry 2021
014056,Rogolo,current_name,,2021-12-31,ISTAT geometry 2021
014057,Samolaco,current_name,,2021-12-31,ISTAT geometry 2021
014058,San Giacomo,historical_name,,1864-04-01,ISTAT SITUAS report 104
014058,San Giacomo Filippo,current_name,,2021-12-31,ISTAT geometry 2021
014059,Sernio,current_name,,2021-12-31,ISTAT geometry 2021
014060,Sondalo,current_name,,2021-12-31,ISTAT geometry 2021
014061,Sondrio,current_name,,2021-12-31,ISTAT geometry 2021
014062,Spriana,current_name,,2021-12-31,ISTAT geometry 2021
014063,Talamona,current_name,,2021-12-31,ISTAT geometry 2021
014064,Tartano,current_name,,2021-12-31,ISTAT geometry 2021
014065,Teglio,current_name,,2021-12-31,ISTAT geometry 2021
014066,Tirano,current_name,,2021-12-31,ISTAT geometry 2021
014067,Torre,historical_name,,1863-09-27,ISTAT SITUAS report 104
014067,Torre di Santa Maria,current_name,,2021-12-31,ISTAT geometry 2021
014068,Tovo,historical_name,,1863-09-27,ISTAT SITUAS report 104
014068,Tovo di Sant'Agata,current_name,,2021-12-31,ISTAT geometry 2021
014069,Traona,current_name,,2021-12-31,ISTAT geometry 2021
014070,Tresivio,current_name,,2021-12-31,ISTAT geometry 2021
014071,Valdidentro,current_name,,2021-12-31,ISTAT geometry 2021
014072,Valdisotto,current_name,,2021-12-31,ISTAT geometry 2021
014073,Valfurva,current_name,,2021-12-31,ISTAT geometry 2021
014074,Val Masino,current_name,,2021-12-31,ISTAT geometry 2021
014075,Verceia,current_name,,2021-12-31,ISTAT geometry 2021
014076,Vervio,current_name,,2021-12-31,ISTAT geometry 2021
014077,Villa,historical_name,,1863-09-27,ISTAT SITUAS report 104
014077,Villa di Chiavenna,current_name,,2021-12-31,ISTAT geometry 2021
014078,Villa,historical_name,,1863-09-27,ISTAT SITUAS report 104
014078,Villa di Tirano,current_name,,2021-12-31,ISTAT geometry 2021
015002,Abbiategrasso,current_name,,2021-12-31,ISTAT geometry 2021
015005,Albairate,current_name,,2021-12-31,ISTAT geometry 2021
015007,Arconate,current_name,,2021-12-31,ISTAT geometry 2021
015009,Arese,current_name,,2021-12-31,ISTAT geometry 2021
015010,Arluno,current_name,,2021-12-31,ISTAT geometry 2021
015011,Assago,current_name,,2021-12-31,ISTAT geometry 2021
015012,Bareggio,current_name,,2021-12-31,ISTAT geometry 2021
015014,Basiano,current_name,,2021-12-31,ISTAT geometry 2021
015015,Basiglio,current_name,,2021-12-31,ISTAT geometry 2021
015016,Bellinzago,historical_name,,1862-11-28,ISTAT SITUAS report 104
015016,Bellinzago Lombardo,current_name,,2021-12-31,ISTAT geometry 2021
015019,Bernate,historical_name,,1862-12-21,ISTAT SITUAS report 104
015019,Bernate Ticino,current_name,,2021-12-31,ISTAT geometry 2021
015022,Besate,current_name,,2021-12-31,ISTAT geometry 2021
015024,Binasco,current_name,,2021-12-31,ISTAT geometry 2021
015026,Boffalora,historical_name,,1862-12-21,ISTAT SITUAS report 104
015026,Boffalora sopra Ticino,current_name,,2021-12-31,ISTAT geometry 2021
015027,BARANZATE,historical_name,2001-12-12,2003-03-05,ANPR historical archive
015027,Bollate,current_name,,2021-12-31,ISTAT geometry 2021
015032,Bresso,current_name,,2021-12-31,ISTAT geometry 2021
015035,Bubbiano,current_name,,2021-12-31,ISTAT geometry 2021
015036,Buccinasco,current_name,,2021-12-31,ISTAT geometry 2021
015038,Buscate,current_name,,2021-12-31,ISTAT geometry 2021
015040,Bussero,current_name,,2021-12-31,ISTAT geometry 2021
015041,Busto Garolfo,current_name,,2021-12-31,ISTAT geometry 2021
015042,Calvignasco,current_name,,2021-12-31,ISTAT geometry 2021
015044,Cambiago,current_name,,2021-12-31,ISTAT geometry 2021
015046,Canegrate,current_name,,2021-12-31,ISTAT geometry 2021
015050,Carpiano,current_name,,2021-12-31,ISTAT geometry 2021
015051,Carugate,current_name,,2021-12-31,ISTAT geometry 2021
015055,Casarile,current_name,,2021-12-31,ISTAT geometry 2021
015058,Casorezzo,current_name,,2021-12-31,ISTAT geometry 2021
015059,Cassano d'Adda,current_name,,2021-12-31,ISTAT geometry 2021
015059,Groppello,historical_name,,1862-11-28,ISTAT SITUAS report 104
015059,Groppello d'Adda,historical_name,,1862-11-28,ISTAT SITUAS report 104
015060,Cassina De' Ecchi,election_source_name,1999-06-13,1999-06-13,official election source label
015060,Cassina de' Pecchi,current_name,,2021-12-31,ISTAT geometry 2021
015060,Sant'Agata,historical_name,,1863-01-22,ISTAT SITUAS report 104
015060,Sant'Agata Martesana,historical_name,,1863-01-22,ISTAT SITUAS report 104
015061,Cassinetta di Lugagnano,current_name,,2021-12-31,ISTAT geometry 2021
015061,Lugagnano,historical_name,,1862-12-21,ISTAT SITUAS report 104
015062,Castano,historical_name,,1864-03-11,ISTAT SITUAS report 104
015062,Castano Primo,current_name,,2021-12-31,ISTAT geometry 2021
015062,Castano Rimo,election_source_name,1999-06-13,1999-06-13,official election source label
015070,Cernusco sul Naviglio,current_name,,2021-12-31,ISTAT geometry 2021
015071,Cerro,historical_name,,1862-11-28,ISTAT SITUAS report 104
015071,Cerro al Lambro,current_name,,2021-12-31,ISTAT geometry 2021
015072,Cerro,historical_name,,1862-11-30,ISTAT SITUAS report 104
015072,Cerro Maggiore,current_name,,2021-12-31,ISTAT geometry 2021
015074,Cesano Boscone,current_name,,2021-12-31,ISTAT geometry 2021
015076,Cesate,current_name,,2021-12-31,ISTAT geometry 2021
015077,Cinisello Balsamo,current_name,,2021-12-31,ISTAT geometry 2021
015078,Cisliano,current_name,,2021-12-31,ISTAT geometry 2021
015081,Cologno,historical_name,,1863-01-22,ISTAT SITUAS report 104
015081,Cologno Monzese,current_name,,2021-12-31,ISTAT geometry 2021
015082,Colturano,current_name,,2021-12-31,ISTAT geometry 2021
015085,Corbetta,current_name,,2021-12-31,ISTAT geometry 2021
015086,Cormano,current_name,,2021-12-31,ISTAT geometry 2021
015087,Cornaredo,current_name,,2021-12-31,ISTAT geometry 2021
015093,Corsico,current_name,,2021-12-31,ISTAT geometry 2021
015096,Cuggiono,current_name,,2021-12-31,ISTAT geometry 2021
015097,Cusago,current_name,,2021-12-31,ISTAT geometry 2021
015098,Cusano,historical_name,,1863-01-22,ISTAT SITUAS report 104
015098,Cusano Milanino,current_name,,2021-12-31,ISTAT geometry 2021
015098,Cusano sul Seveso,historical_name,,1863-01-22,ISTAT SITUAS report 104
015099,Dairago,current_name,,2021-12-31,ISTAT geometry 2021
015101,Dresano,current_name,,2021-12-31,ISTAT geometry 2021
015103,Fagnano,historical_name,,1863-02-06,ISTAT SITUAS report 104
015103,Fagnano sul Naviglio,historical_name,,1863-02-06,ISTAT SITUAS report 104
015103,Gaggiano,current_name,,2021-12-31,ISTAT geometry 2021
015103,San Vito,historical_name,,1862-12-21,ISTAT SITUAS report 104
015103,San Vito e Marta,historical_name,,1862-12-21,ISTAT SITUAS report 104
015103,Viganò,historical_name,,1864-03-11,ISTAT SITUAS report 104
015103,Viganò Certosino,historical_name,,1864-03-11,ISTAT SITUAS report 104
015105,Garbagnate,historical_name,,1864-04-01,ISTAT SITUAS report 104
015105,Garbagnate Milanese,current_name,,2021-12-31,ISTAT geometry 2021
015106,Gessate,current_name,,2021-12-31,ISTAT geometry 2021
015108,Gorgonzola,current_name,,2021-12-31,ISTAT geometry 2021
015110,Grezzago,current_name,,2021-12-31,ISTAT geometry 2021
015112,Gudo Visconti,current_name,,2021-12-31,ISTAT geometry 2021
015113,Inveruno,current_name,,2021-12-31,ISTAT geometry 2021
015114,Inzago,current_name,,2021-12-31,ISTAT geometry 2021
015115,Casirate,historical_name,,1862-12-21,ISTAT SITUAS report 104
015115,Casirate Olona,historical_name,,1862-12-21,ISTAT SITUAS report 104
015115,Lacchiarella,current_name,,2021-12-31,ISTAT geometry 2021
015116,Lainate,current_name,,2021-12-31,ISTAT geometry 2021
015116,Passirana,historical_name,,1864-04-01,ISTAT SITUAS report 104
015116,Passirana Milanese,historical_name,,1864-04-01,ISTAT SITUAS report 104
015118,Legnano,current_name,,2021-12-31,ISTAT geometry 2021
015122,Liscate,current_name,,2021-12-31,ISTAT geometry 2021
015125,Locate,historical_name,,1862-11-28,ISTAT SITUAS report 104
015125,Locate di Triulzi,current_name,,2021-12-31,ISTAT geometry 2021
015130,Magenta,current_name,,2021-12-31,ISTAT geometry 2021
015131,Magnago,current_name,,2021-12-31,ISTAT geometry 2021
015134,Marcallo con Casone,current_name,,2021-12-31,ISTAT geometry 2021
015136,Masate,current_name,,2021-12-31,ISTAT geometry 2021
015139,Mediglia,current_name,,2021-12-31,ISTAT geometry 2021
015140,Melegnano,current_name,,2021-12-31,ISTAT geometry 2021
015142,Melzo,current_name,,2021-12-31,ISTAT geometry 2021
015144,Mesero,current_name,,2021-12-31,ISTAT geometry 2021
015146,Affori,historical_name,,1869-02-09,ISTAT SITUAS report 98
015146,Baggio,historical_name,,1869-05-01,ISTAT SITUAS report 103
015146,Bruzzano,historical_name,,1862-11-28,ISTAT SITUAS report 104
015146,Bruzzano dei Due Borghi,historical_name,,1862-11-28,ISTAT SITUAS report 104
015146,Chiaravalle,historical_name,,1862-11-28,ISTAT SITUAS report 104
015146,Chiaravalle Milanese,historical_name,,1862-11-28,ISTAT SITUAS report 104
015146,Figino,historical_name,,1862-11-28,ISTAT SITUAS report 104
015146,Figino di Milano,historical_name,,1862-11-28,ISTAT SITUAS report 104
015146,Gorla,historical_name,,1864-03-11,ISTAT SITUAS report 104
015146,Gorla Primo,historical_name,,1864-03-11,ISTAT SITUAS report 104
015146,Gorlaprecotto,historical_name,,1920-08-12,ISTAT SITUAS report 103
015146,Greco Milanese,historical_name,,1863-05-09,ISTAT SITUAS report 104
015146,Milano,current_name,,2021-12-31,ISTAT geometry 2021
015146,Musocco,historical_name,,1869-03-10,ISTAT SITUAS report 98
015146,Quintosole,historical_name,,1869-03-01,ISTAT SITUAS report 103
015146,Segnano,historical_name,,1863-05-09,ISTAT SITUAS report 104
015146,Trenno,historical_name,,1869-03-03,ISTAT SITUAS report 98
015146,Turro,historical_name,,1864-03-11,ISTAT SITUAS report 104
015146,Turro Milanese,historical_name,,1864-03-11,ISTAT SITUAS report 104
015146,Vaiano,historical_name,,1862-11-28,ISTAT SITUAS report 104
015146,Vaiano Valle,historical_name,,1862-11-28,ISTAT SITUAS report 104
015146,Vigentino,historical_name,,1893-10-07,ISTAT SITUAS report 104
015150,Caselle,historical_name,,1862-12-21,ISTAT SITUAS report 104
015150,Caselle d'Ozero,historical_name,,1862-12-21,ISTAT SITUAS report 104
015150,Coronate,historical_name,,1870-09-01,ISTAT SITUAS report 103
015150,Morimondo,current_name,,2021-12-31,ISTAT geometry 2021
015150,Porto,historical_name,,1862-11-28,ISTAT SITUAS report 104
015150,Porto d'Adda,historical_name,,1862-11-28,ISTAT SITUAS report 104
015151,Motta Visconti,current_name,,2021-12-31,ISTAT geometry 2021
015154,Nerviano,current_name,,2021-12-31,ISTAT geometry 2021
015155,Nosate,current_name,,2021-12-31,ISTAT geometry 2021
015157,Novate,historical_name,,1862-12-20,ISTAT SITUAS report 104
015157,Novate Milanese,current_name,,2021-12-31,ISTAT geometry 2021
015158,Noviglio,current_name,,2021-12-31,ISTAT geometry 2021
015159,Opera,current_name,,2021-12-31,ISTAT geometry 2021
015164,Ossona,current_name,,2021-12-31,ISTAT geometry 2021
015165,Ozzero,current_name,,2021-12-31,ISTAT geometry 2021
015166,Paderno,historical_name,,1863-01-22,ISTAT SITUAS report 104
015166,Paderno Dugnano,current_name,,2021-12-31,ISTAT geometry 2021
015166,Paderno Milanese,historical_name,,1863-01-22,ISTAT SITUAS report 104
015167,Pantigliate,current_name,,2021-12-31,ISTAT geometry 2021
015168,Parabiago,current_name,,2021-12-31,ISTAT geometry 2021
015169,Paullo,current_name,,2021-12-31,ISTAT geometry 2021
015170,Cassina del Pero,historical_name,,1895-02-02,ISTAT SITUAS report 104
015170,Pero,current_name,,2021-12-31,ISTAT geometry 2021
015171,Linate al Lambro,historical_name,,1916-05-06,ISTAT SITUAS report 104
015171,Mezzate,historical_name,,1870-09-01,ISTAT SITUAS report 103
015171,Peschiera,historical_name,,1863-06-21,ISTAT SITUAS report 104
015171,Peschiera Borromeo,current_name,,2021-12-31,ISTAT geometry 2021
015172,Pessano,historical_name,,1870-09-01,ISTAT SITUAS report 104
015172,Pessano con Bornago,current_name,,2021-12-31,ISTAT geometry 2021
015173,Pieve,historical_name,,1862-11-28,ISTAT SITUAS report 104
015173,Pieve Emanuele,current_name,,2021-12-31,ISTAT geometry 2021
015175,Pioltello,current_name,,2021-12-31,ISTAT geometry 2021
015176,Pogliano,historical_name,,1927-03-11,ISTAT SITUAS report 104
015176,Pogliano Milanese,current_name,,2021-12-31,ISTAT geometry 2021
015177,Pozzo,historical_name,,1862-11-28,ISTAT SITUAS report 104
015177,Pozzo d'Adda,current_name,,2021-12-31,ISTAT geometry 2021
015178,Pozzuolo,historical_name,,1864-06-23,ISTAT SITUAS report 104
015178,Pozzuolo Martesana,current_name,,2021-12-31,ISTAT geometry 2021
015179,Pregnana,historical_name,,1901-01-26,ISTAT SITUAS report 104
015179,Pregnana Milanese,current_name,,2021-12-31,ISTAT geometry 2021
015181,Rescaldina,current_name,,2021-12-31,ISTAT geometry 2021
015182,Mazzo,historical_name,,1862-11-28,ISTAT SITUAS report 104
015182,Mazzo Milanese,historical_name,,1862-11-28,ISTAT SITUAS report 104
015182,Rho,current_name,,2021-12-31,ISTAT geometry 2021
015183,Induno,historical_name,,1862-12-21,ISTAT SITUAS report 104
015183,Induno Ticino,historical_name,,1862-12-21,ISTAT SITUAS report 104
015183,Robecchetto con Induno,current_name,,2021-12-31,ISTAT geometry 2021
015184,Robecco,historical_name,,1862-12-21,ISTAT SITUAS report 104
015184,Robecco sul Naviglio,current_name,,2021-12-31,ISTAT geometry 2021
015185,Rodano,current_name,,2021-12-31,ISTAT geometry 2021
015188,Rosate,current_name,,2021-12-31,ISTAT geometry 2021
015189,Rozzano,current_name,,2021-12-31,ISTAT geometry 2021
015191,San Colombano,historical_name,,1863-02-21,ISTAT SITUAS report 104
015191,San Colombano al Lambro,current_name,,2021-12-31,ISTAT geometry 2021
015191,San Colombano al Lambro 5,election_source_name,1989-06-18,1989-06-18,official election source label
015192,San Donato,historical_name,,1862-11-28,ISTAT SITUAS report 104
015192,San Donato Milanese,current_name,,2021-12-31,ISTAT geometry 2021
015194,San Giorgio,historical_name,,1862-11-30,ISTAT SITUAS report 104
015194,San Giorgio su Legnano,current_name,,2021-12-31,ISTAT geometry 2021
015195,San Giuliano Milanese,current_name,,2021-12-31,ISTAT geometry 2021
015195,Viboldone,historical_name,,1869-04-01,ISTAT SITUAS report 103
015200,Santo Stefano,historical_name,,1862-12-21,ISTAT SITUAS report 104
015200,Santo Stefano Ticino,current_name,,2021-12-31,ISTAT geometry 2021
015201,San Vittore,historical_name,,1864-04-01,ISTAT SITUAS report 104
015201,San Vittore Olona,current_name,,2021-12-31,ISTAT geometry 2021
015202,San Zenone,historical_name,,1863-02-21,ISTAT SITUAS report 104
015202,San Zenone al Lambro,current_name,,2021-12-31,ISTAT geometry 2021
015204,Sedriano,current_name,,2021-12-31,ISTAT geometry 2021
015205,Segrate,current_name,,2021-12-31,ISTAT geometry 2021
015206,Senago,current_name,,2021-12-31,ISTAT geometry 2021
015209,Sesto San Giovanni,current_name,,2021-12-31,ISTAT geometry 2021
015210,Settala,current_name,,2021-12-31,ISTAT geometry 2021
015211,Settimo,historical_name,,1862-11-28,ISTAT SITUAS report 104
015211,Settimo Milanese,current_name,,2021-12-31,ISTAT geometry 2021
015213,Solaro,current_name,,2021-12-31,ISTAT geometry 2021
015219,Trezzano,historical_name,,1862-11-28,ISTAT SITUAS report 104
015219,Trezzano Rosa,current_name,,2021-12-31,ISTAT geometry 2021
015220,Trezzano,historical_name,,1862-11-28,ISTAT SITUAS report 104
015220,Trezzano sul Naviglio,current_name,,2021-12-31,ISTAT geometry 2021
015221,Trezzo,historical_name,,1862-11-28,ISTAT SITUAS report 104
015221,Trezzo sull'Adda,current_name,,2021-12-31,ISTAT geometry 2021
015222,Tribiano,current_name,,2021-12-31,ISTAT geometry 2021
015224,Corneliano,historical_name,,1862-11-28,ISTAT SITUAS report 104
015224,Corneliano Bertario,historical_name,,1862-11-28,ISTAT SITUAS report 104
015224,Truccazzano,current_name,,2021-12-31,ISTAT geometry 2021
015226,Turbigo,current_name,,2021-12-31,ISTAT geometry 2021
015229,Vanzago,current_name,,2021-12-31,ISTAT geometry 2021
015230,Vaprio,historical_name,,1862-11-28,ISTAT SITUAS report 104
015230,Vaprio d'Adda,current_name,,2021-12-31,ISTAT geometry 2021
015230,Vario d'Adda,election_source_name,1999-06-13,1999-06-13,official election source label
015236,Moncucco,historical_name,,1862-12-21,ISTAT SITUAS report 104
015236,Moncucco Vecchio,historical_name,,1862-12-21,ISTAT SITUAS report 104
015236,Vernate,current_name,,2021-12-31,ISTAT geometry 2021
015237,Vignate,current_name,,2021-12-31,ISTAT geometry 2021
015242,Vimodrone,current_name,,2021-12-31,ISTAT geometry 2021
015243,Vittuone,current_name,,2021-12-31,ISTAT geometry 2021
015244,Vizzolo,historical_name,,1863-09-20,ISTAT SITUAS report 104
015244,Vizzolo Predabissi,current_name,,2021-12-31,ISTAT geometry 2021
015247,Zibido San Giacomo,current_name,,2021-12-31,ISTAT geometry 2021
015248,Villa Cortese,current_name,,2021-12-31,ISTAT geometry 2021
015249,Vanzaghello,current_name,,2021-12-31,ISTAT geometry 2021
015250,Baranzate,current_name,,2021-12-31,ISTAT geometry 2021
015251,VERMEZZO,historical_name,1861-03-17,2019-02-07,ANPR historical archive
015251,Vermezzo con Zelo,current_name,,2021-12-31,ISTAT geometry 2021
015251,ZELO SURRIGONE,historical_name,1861-03-17,2019-02-07,ANPR historical archive
016001,Adrara San Martino,current_name,,2021-12-31,ISTAT geometry 2021
016002,Adrara San Rocco,current_name,,2021-12-31,ISTAT geometry 2021
016003,Albano,historical_name,,1863-09-27,ISTAT SITUAS report 104
016003,Albano Sant'Alessandro,current_name,,2021-12-31,ISTAT geometry 2021
016004,Albino,current_name,,2021-12-31,ISTAT geometry 2021
016004,Desenzano,historical_name,,1863-09-27,ISTAT SITUAS report 104
016004,Desenzano al Serio,historical_name,,1863-09-27,ISTAT SITUAS report 104
016005,Almè,current_name,,2021-12-31,ISTAT geometry 2021
016006,Almenno San Bartolomeo,current_name,,2021-12-31,ISTAT geometry 2021
016007,Almenno San Salvatore,current_name,,2021-12-31,ISTAT geometry 2021
016008,Alzano Lombardo,current_name,,2021-12-31,ISTAT geometry 2021
016008,Nese,historical_name,,1926-02-19,ISTAT SITUAS report 103
016009,Ambivere,current_name,,2021-12-31,ISTAT geometry 2021
016010,Antegnate,current_name,,2021-12-31,ISTAT geometry 2021
016011,Arcene,current_name,,2021-12-31,ISTAT geometry 2021
016012,Ardesio,current_name,,2021-12-31,ISTAT geometry 2021
016013,Arsago,historical_name,,1929-07-02,ISTAT SITUAS report 104
016013,Arzago d'Adda,current_name,,2021-12-31,ISTAT geometry 2021
016014,Averara,current_name,,2021-12-31,ISTAT geometry 2021
016015,Aviatico,current_name,,2021-12-31,ISTAT geometry 2021
016016,Azzano,historical_name,,1863-09-27,ISTAT SITUAS report 104
016016,Azzano San Aolo,election_source_name,1999-06-13,1999-06-13,official election source label
016016,Azzano San Paolo,current_name,,2021-12-31,ISTAT geometry 2021
016017,Azzone,current_name,,2021-12-31,ISTAT geometry 2021
016018,Bagnatica,current_name,,2021-12-31,ISTAT geometry 2021
016019,Barbata,current_name,,2021-12-31,ISTAT geometry 2021
016020,Bariano,current_name,,2021-12-31,ISTAT geometry 2021
016021,Barzana,current_name,,2021-12-31,ISTAT geometry 2021
016022,Bedulita,current_name,,2021-12-31,ISTAT geometry 2021
016023,Berbenno,current_name,,2021-12-31,ISTAT geometry 2021
016024,Bergamo,current_name,,2021-12-31,ISTAT geometry 2021
016024,Colognola,historical_name,,1863-09-27,ISTAT SITUAS report 104
016024,Colognola del Piano,historical_name,,1863-09-27,ISTAT SITUAS report 104
016025,Berzo San Fermo,current_name,,2021-12-31,ISTAT geometry 2021
016026,Bianzano,current_name,,2021-12-31,ISTAT geometry 2021
016027,Blello,current_name,,2021-12-31,ISTAT geometry 2021
016028,Bolgare,current_name,,2021-12-31,ISTAT geometry 2021
016029,Boltiere,current_name,,2021-12-31,ISTAT geometry 2021
016030,Bonate Sopra,current_name,,2021-12-31,ISTAT geometry 2021
016031,Bonate Sotto,current_name,,2021-12-31,ISTAT geometry 2021
016032,Borgo di Terzo,current_name,,2021-12-31,ISTAT geometry 2021
016033,Bossico,current_name,,2021-12-31,ISTAT geometry 2021
016034,Bottanuco,current_name,,2021-12-31,ISTAT geometry 2021
016035,Bracca,current_name,,2021-12-31,ISTAT geometry 2021
016035,Bracca di Costa Serina,election_source_name,1953-06-07,1953-06-07,official election source label
016036,Branzi,current_name,,2021-12-31,ISTAT geometry 2021
016037,Brembate,current_name,,2021-12-31,ISTAT geometry 2021
016038,Brembate di Sopra,current_name,,2021-12-31,ISTAT geometry 2021
016040,Brignano,historical_name,,1863-09-27,ISTAT SITUAS report 104
016040,Brignano Gera d'Adda,current_name,,2021-12-31,ISTAT geometry 2021
016041,Brumano,current_name,,2021-12-31,ISTAT geometry 2021
016042,Brusaporto,current_name,,2021-12-31,ISTAT geometry 2021
016043,Calcinate,current_name,,2021-12-31,ISTAT geometry 2021
016044,Calcio,current_name,,2021-12-31,ISTAT geometry 2021
016046,Calusco,historical_name,,1884-01-01,ISTAT SITUAS report 104
016046,Calusco d'Adda,current_name,,2021-12-31,ISTAT geometry 2021
016047,Calvenzano,current_name,,2021-12-31,ISTAT geometry 2021
016048,Camerata,historical_name,,1863-09-27,ISTAT SITUAS report 104
016048,Camerata Cornello,current_name,,2021-12-31,ISTAT geometry 2021
016049,Canonica d'Adda,current_name,,2021-12-31,ISTAT geometry 2021
016050,Capizzone,current_name,,2021-12-31,ISTAT geometry 2021
016051,Capriate,historical_name,,1863-09-27,ISTAT SITUAS report 104
016051,Capriate d'Adda,historical_name,,1863-09-27,ISTAT SITUAS report 104
016051,Capriate San Gervasio,current_name,,2021-12-31,ISTAT geometry 2021
016051,Cariate San Gervasio,election_source_name,1999-06-13,1999-06-13,official election source label
016051,San Gervasio,historical_name,,1863-09-27,ISTAT SITUAS report 104
016051,San Gervasio d'Adda,historical_name,,1863-09-27,ISTAT SITUAS report 104
016052,Caprino Bergamasco,current_name,,2021-12-31,ISTAT geometry 2021
016052,Sant'Antonio,historical_name,,1863-09-27,ISTAT SITUAS report 104
016052,Sant'Antonio d'Adda,historical_name,,1863-09-27,ISTAT SITUAS report 104
016053,Caravaggio,current_name,,2021-12-31,ISTAT geometry 2021
016055,Carobbio degli Angeli,current_name,,2021-12-31,ISTAT geometry 2021
016055,Santo Stefano,historical_name,,1863-09-27,ISTAT SITUAS report 104
016055,Santo Stefano del Monte degli Angeli,historical_name,,1863-09-27,ISTAT SITUAS report 104
016056,Carona,current_name,,2021-12-31,ISTAT geometry 2021
016057,Carvico,current_name,,2021-12-31,ISTAT geometry 2021
016058,Casazza,current_name,,2021-12-31,ISTAT geometry 2021
016058,Mologno,historical_name,,1927-03-10,ISTAT SITUAS report 104
016059,Casirate,historical_name,,1863-09-27,ISTAT SITUAS report 104
016059,Casirate d'Adda,current_name,,2021-12-31,ISTAT geometry 2021
016060,Casnigo,current_name,,2021-12-31,ISTAT geometry 2021
016060,Cazzano,historical_name,,1863-09-27,ISTAT SITUAS report 104
016060,Cazzano Sant'Andrea,historical_name,,1863-09-27,ISTAT SITUAS report 104
016061,Cassiglio,current_name,,2021-12-31,ISTAT geometry 2021
016062,Castelli Calepio,current_name,,2021-12-31,ISTAT geometry 2021
016063,Castel Rozzone,current_name,,2021-12-31,ISTAT geometry 2021
016064,Castione,historical_name,,1863-09-27,ISTAT SITUAS report 104
016064,Castione della Presolana,current_name,,2021-12-31,ISTAT geometry 2021
016065,Castro,current_name,,2021-12-31,ISTAT geometry 2021
016066,Cavernago,current_name,,2021-12-31,ISTAT geometry 2021
016067,Cazzano Sant'Andrea,current_name,,2021-12-31,ISTAT geometry 2021
016068,Cenate Sopra,current_name,,2021-12-31,ISTAT geometry 2021
016069,Cenate Sotto,current_name,,2021-12-31,ISTAT geometry 2021
016070,Cene,current_name,,2021-12-31,ISTAT geometry 2021
016071,Cerete,current_name,,2021-12-31,ISTAT geometry 2021
016072,Chignolo d'Isola,current_name,,2021-12-31,ISTAT geometry 2021
016073,Chiuduno,current_name,,2021-12-31,ISTAT geometry 2021
016074,Cisano,historical_name,,1863-09-27,ISTAT SITUAS report 104
016074,Cisano Bergamasco,current_name,,2021-12-31,ISTAT geometry 2021
016075,Ciserano,current_name,,2021-12-31,ISTAT geometry 2021
016076,Cividate,historical_name,,1863-09-27,ISTAT SITUAS report 104
016076,Cividate al Piano,current_name,,2021-12-31,ISTAT geometry 2021
016077,Clusone,current_name,,2021-12-31,ISTAT geometry 2021
016078,Colere,current_name,,2021-12-31,ISTAT geometry 2021
016079,Cologno,historical_name,,1863-09-27,ISTAT SITUAS report 104
016079,Cologno al Serio,current_name,,2021-12-31,ISTAT geometry 2021
016080,Colzate,current_name,,2021-12-31,ISTAT geometry 2021
016081,Comun Nuovo,current_name,,2021-12-31,ISTAT geometry 2021
016082,Corna Imagna,current_name,,2021-12-31,ISTAT geometry 2021
016083,Cortenuova,current_name,,2021-12-31,ISTAT geometry 2021
016084,Costa di Mezzate,current_name,,2021-12-31,ISTAT geometry 2021
016084,COSTA DI MONTICELLI,historical_name,1927-08-19,1955-05-13,ANPR historical archive
016084,Costa Monticelli,election_source_name,1946-06-02,1946-06-02,official election source label
016084,Monticelli,historical_name,,1863-09-27,ISTAT SITUAS report 104
016084,Monticelli di Borgogna,historical_name,,1863-09-27,ISTAT SITUAS report 104
016085,Costa,historical_name,,1864-12-07,ISTAT SITUAS report 104
016085,Costa Valle Imagna,current_name,,2021-12-31,ISTAT geometry 2021
016086,Costa Volpino,current_name,,2021-12-31,ISTAT geometry 2021
016086,Volpino,historical_name,,1884-10-01,ISTAT SITUAS report 104
016087,Covo,current_name,,2021-12-31,ISTAT geometry 2021
016088,Credaro,current_name,,2021-12-31,ISTAT geometry 2021
016089,Curno,current_name,,2021-12-31,ISTAT geometry 2021
016090,Cusio,current_name,,2021-12-31,ISTAT geometry 2021
016091,Dalmine,current_name,,2021-12-31,ISTAT geometry 2021
016091,Mariano,historical_name,,1863-09-27,ISTAT SITUAS report 104
016091,Mariano al Brembo,historical_name,,1863-09-27,ISTAT SITUAS report 104
016091,Sabbio,historical_name,,1863-09-20,ISTAT SITUAS report 104
016091,Sabbio Bergamasco,historical_name,,1864-02-02,ISTAT SITUAS report 104
016092,Dossena,current_name,,2021-12-31,ISTAT geometry 2021
016093,Endine Gaiano,current_name,,2021-12-31,ISTAT geometry 2021
016094,Entratico,current_name,,2021-12-31,ISTAT geometry 2021
016096,Fara,historical_name,,1864-06-23,ISTAT SITUAS report 104
016096,Fara d'Adda,historical_name,,1864-06-23,ISTAT SITUAS report 104
016096,Fara Gera d'Adda,current_name,,2021-12-31,ISTAT geometry 2021
016097,Fara,historical_name,,1864-06-23,ISTAT SITUAS report 104
016097,Fara Olivana con Sola,current_name,,2021-12-31,ISTAT geometry 2021
016098,Filago,current_name,,2021-12-31,ISTAT geometry 2021
016098,MARNE,historical_name,1928-01-26,1958-09-09,ANPR historical archive
016099,Fino del Monte,current_name,,2021-12-31,ISTAT geometry 2021
016100,Fiorano al Serio,current_name,,2021-12-31,ISTAT geometry 2021
016101,Fontanella,current_name,,2021-12-31,ISTAT geometry 2021
016102,Fonteno,current_name,,2021-12-31,ISTAT geometry 2021
016103,Foppolo,current_name,,2021-12-31,ISTAT geometry 2021
016104,Foresto,historical_name,,1863-09-27,ISTAT SITUAS report 104
016104,Foresto Sparso,current_name,,2021-12-31,ISTAT geometry 2021
016105,Fornovo,historical_name,,1863-09-27,ISTAT SITUAS report 104
016105,FORNOVO DI SAN GIOVANNI,historical_name,1863-07-13,1964-10-09,ANPR historical archive
016105,Fornovo San Giovanni,current_name,,2021-12-31,ISTAT geometry 2021
016106,Fuipiano Valle Imagna,current_name,,2021-12-31,ISTAT geometry 2021
016107,Gandellino,current_name,,2021-12-31,ISTAT geometry 2021
016108,Gandino,current_name,,2021-12-31,ISTAT geometry 2021
016109,Gandosso,current_name,,2021-12-31,ISTAT geometry 2021
016110,GAVERINA,historical_name,1861-03-17,1968-09-17,ANPR historical archive
016110,Gaverina Terme,current_name,,2021-12-31,ISTAT geometry 2021
016111,Fiorano,historical_name,,1863-09-27,ISTAT SITUAS report 104
016111,Fiorano al Serio,historical_name,,1863-09-27,ISTAT SITUAS report 104
016111,Gazzaniga,current_name,,2021-12-31,ISTAT geometry 2021
016113,Ghisalba,current_name,,2021-12-31,ISTAT geometry 2021
016114,Gorlago,current_name,,2021-12-31,ISTAT geometry 2021
016115,Gorle,current_name,,2021-12-31,ISTAT geometry 2021
016116,Gorno,current_name,,2021-12-31,ISTAT geometry 2021
016117,Grassobbio,current_name,,2021-12-31,ISTAT geometry 2021
016118,Gromo,current_name,,2021-12-31,ISTAT geometry 2021
016119,Grone,current_name,,2021-12-31,ISTAT geometry 2021
016120,Grumello del Monte,current_name,,2021-12-31,ISTAT geometry 2021
016121,Isola di Fondra,current_name,,2021-12-31,ISTAT geometry 2021
016122,Isso,current_name,,2021-12-31,ISTAT geometry 2021
016123,Lallio,current_name,,2021-12-31,ISTAT geometry 2021
016124,Leffe,current_name,,2021-12-31,ISTAT geometry 2021
016125,Lenna,current_name,,2021-12-31,ISTAT geometry 2021
016126,Levate,current_name,,2021-12-31,ISTAT geometry 2021
016127,Locatello,current_name,,2021-12-31,ISTAT geometry 2021
016128,Lovere,current_name,,2021-12-31,ISTAT geometry 2021
016129,Lurano,current_name,,2021-12-31,ISTAT geometry 2021
016130,Luzzana,current_name,,2021-12-31,ISTAT geometry 2021
016131,Madone,current_name,,2021-12-31,ISTAT geometry 2021
016132,Mapello,current_name,,2021-12-31,ISTAT geometry 2021
016133,Martinengo,current_name,,2021-12-31,ISTAT geometry 2021
016134,Mezzoldo,current_name,,2021-12-31,ISTAT geometry 2021
016135,Misano,historical_name,,1863-09-20,ISTAT SITUAS report 104
016135,Misano di Gera d'Adda,current_name,,2021-12-31,ISTAT geometry 2021
016136,Moio de' Calvi,current_name,,2021-12-31,ISTAT geometry 2021
016137,Monasterolo del Castello,current_name,,2021-12-31,ISTAT geometry 2021
016139,Montello,current_name,,2021-12-31,ISTAT geometry 2021
016139,MONTICELLI DI BORGOGNA,historical_name,1955-05-14,1962-08-01,ANPR historical archive
016140,Morengo,current_name,,2021-12-31,ISTAT geometry 2021
016141,Mornico,historical_name,,1863-09-27,ISTAT SITUAS report 104
016141,Mornico al Serio,current_name,,2021-12-31,ISTAT geometry 2021
016142,Mozzanica,current_name,,2021-12-31,ISTAT geometry 2021
016143,Mozzo,current_name,,2021-12-31,ISTAT geometry 2021
016144,Nembro,current_name,,2021-12-31,ISTAT geometry 2021
016145,Olmo,historical_name,,1863-09-27,ISTAT SITUAS report 104
016145,Olmo al Brembo,current_name,,2021-12-31,ISTAT geometry 2021
016146,Oltre il Colle,current_name,,2021-12-31,ISTAT geometry 2021
016147,Oltressenda Alta,current_name,,2021-12-31,ISTAT geometry 2021
016148,Oneta,current_name,,2021-12-31,ISTAT geometry 2021
016149,Onore,current_name,,2021-12-31,ISTAT geometry 2021
016150,Orio,historical_name,,1863-09-27,ISTAT SITUAS report 104
016150,Orio al Serio,current_name,,2021-12-31,ISTAT geometry 2021
016151,Ornica,current_name,,2021-12-31,ISTAT geometry 2021
016152,Osio Sopra,current_name,,2021-12-31,ISTAT geometry 2021
016153,Osio Sotto,current_name,,2021-12-31,ISTAT geometry 2021
016154,Pagazzano,current_name,,2021-12-31,ISTAT geometry 2021
016155,Breno,historical_name,,1864-06-23,ISTAT SITUAS report 104
016155,Paladina,current_name,,2021-12-31,ISTAT geometry 2021
016155,Sombreno,historical_name,,1864-06-23,ISTAT SITUAS report 104
016156,Palazzago,current_name,,2021-12-31,ISTAT geometry 2021
016157,Palosco,current_name,,2021-12-31,ISTAT geometry 2021
016158,Parre,current_name,,2021-12-31,ISTAT geometry 2021
016159,Parzanica,current_name,,2021-12-31,ISTAT geometry 2021
016160,Pedrengo,current_name,,2021-12-31,ISTAT geometry 2021
016161,Peia,current_name,,2021-12-31,ISTAT geometry 2021
016162,Pianico,current_name,,2021-12-31,ISTAT geometry 2021
016163,Piario,current_name,,2021-12-31,ISTAT geometry 2021
016164,Piazza Brembana,current_name,,2021-12-31,ISTAT geometry 2021
016165,Piazzatorre,current_name,,2021-12-31,ISTAT geometry 2021
016166,Piazzolo,current_name,,2021-12-31,ISTAT geometry 2021
016167,Pognano,current_name,,2021-12-31,ISTAT geometry 2021
016168,NOSSA,historical_name,1928-09-25,1947-09-29,ANPR historical archive
016168,Ponte di Nossa,historical_name,,1920-02-04,ISTAT SITUAS report 103
016168,Ponte Nossa,current_name,,2021-12-31,ISTAT geometry 2021
016169,Ponteranica,current_name,,2021-12-31,ISTAT geometry 2021
016170,Locate,historical_name,,1863-09-27,ISTAT SITUAS report 104
016170,Locate Bergamasco,historical_name,,1863-09-27,ISTAT SITUAS report 104
016170,Ponte San Pietro,current_name,,2021-12-31,ISTAT geometry 2021
016171,Pontida,current_name,,2021-12-31,ISTAT geometry 2021
016171,Pontita,historical_name,,1882-09-01,ISTAT SITUAS report 104
016172,Pontirolo,historical_name,,1863-09-27,ISTAT SITUAS report 104
016172,Pontirolo Nuovo,current_name,,2021-12-31,ISTAT geometry 2021
016173,Pradalunga,current_name,,2021-12-31,ISTAT geometry 2021
016174,Predore,current_name,,2021-12-31,ISTAT geometry 2021
016175,Premolo,current_name,,2021-12-31,ISTAT geometry 2021
016176,Presezzo,current_name,,2021-12-31,ISTAT geometry 2021
016177,Pumenengo,current_name,,2021-12-31,ISTAT geometry 2021
016178,Ranica,current_name,,2021-12-31,ISTAT geometry 2021
016179,Ranzanico,current_name,,2021-12-31,ISTAT geometry 2021
016180,Riva di Solto,current_name,,2021-12-31,ISTAT geometry 2021
016182,Rogno,current_name,,2021-12-31,ISTAT geometry 2021
016183,Romano,historical_name,,1863-09-27,ISTAT SITUAS report 104
016183,Romano di Lombardia,current_name,,2021-12-31,ISTAT geometry 2021
016184,Ronco,historical_name,,1863-09-27,ISTAT SITUAS report 104
016184,Roncobello,current_name,,2021-12-31,ISTAT geometry 2021
016185,Roncola,current_name,,2021-12-31,ISTAT geometry 2021
016186,Rota,historical_name,,1927-06-02,ISTAT SITUAS report 100
016186,Rota d'Imagna,current_name,,2021-12-31,ISTAT geometry 2021
016186,Rota Fuori,historical_name,,1923-07-26,ISTAT SITUAS report 103
016187,Rovetta,current_name,,2021-12-31,ISTAT geometry 2021
016188,San Giovanni Bianco,current_name,,2021-12-31,ISTAT geometry 2021
016189,San Paolo d'Argon,current_name,,2021-12-31,ISTAT geometry 2021
016190,San Ellegrino Terme,election_source_name,1999-06-13,1999-06-13,official election source label
016190,SAN PELLEGRINO,historical_name,1928-04-17,1956-06-11,ANPR historical archive
016190,San Pellegrino Terme,current_name,,2021-12-31,ISTAT geometry 2021
016191,Santa Brigida,current_name,,2021-12-31,ISTAT geometry 2021
016193,Sarnico,current_name,,2021-12-31,ISTAT geometry 2021
016194,Scanzorosciate,current_name,,2021-12-31,ISTAT geometry 2021
016195,Schilpario,current_name,,2021-12-31,ISTAT geometry 2021
016196,Sedrina,current_name,,2021-12-31,ISTAT geometry 2021
016197,Selvino,current_name,,2021-12-31,ISTAT geometry 2021
016198,Seriate,current_name,,2021-12-31,ISTAT geometry 2021
016199,Serina,current_name,,2021-12-31,ISTAT geometry 2021
016200,Solto Collina,current_name,,2021-12-31,ISTAT geometry 2021
016201,Songavazzo,current_name,,2021-12-31,ISTAT geometry 2021
016202,Sorisole,current_name,,2021-12-31,ISTAT geometry 2021
016203,SOTTO IL MONTE,historical_name,1861-03-17,1964-01-27,ANPR historical archive
016203,Sotto il Monte Giovanni XXIII,current_name,,2021-12-31,ISTAT geometry 2021
016204,Sovere,current_name,,2021-12-31,ISTAT geometry 2021
016205,Monasterolo,historical_name,,1863-09-27,ISTAT SITUAS report 104
016205,Monasterolo del Castello,historical_name,,1863-09-27,ISTAT SITUAS report 104
016205,Spinone,election_source_name,1946-06-02,1946-06-02,official election source label
016205,Spinone al Lago,current_name,,2021-12-31,ISTAT geometry 2021
016205,SPINONE DEI CASTELLI,historical_name,1928-07-29,1947-05-24,ANPR historical archive
016206,Spirano,current_name,,2021-12-31,ISTAT geometry 2021
016207,Stezzano,current_name,,2021-12-31,ISTAT geometry 2021
016208,Strozza,current_name,,2021-12-31,ISTAT geometry 2021
016209,Suisio,current_name,,2021-12-31,ISTAT geometry 2021
016210,Taleggio,current_name,,2021-12-31,ISTAT geometry 2021
016211,Tavernola,historical_name,,1863-09-27,ISTAT SITUAS report 104
016211,Tavernola Bergamasca,current_name,,2021-12-31,ISTAT geometry 2021
016212,Telgate,current_name,,2021-12-31,ISTAT geometry 2021
016213,Terno,historical_name,,1893-01-26,ISTAT SITUAS report 104
016213,Terno d'Isola,current_name,,2021-12-31,ISTAT geometry 2021
016214,Torre Boldone,current_name,,2021-12-31,ISTAT geometry 2021
016215,Torre de' Busi,current_name,,2021-12-31,ISTAT geometry 2021
016216,Torre de' Roveri,current_name,,2021-12-31,ISTAT geometry 2021
016217,Torre Pallavicina,current_name,,2021-12-31,ISTAT geometry 2021
016218,Trescore,historical_name,,1867-08-19,ISTAT SITUAS report 104
016218,Trescore Balneario,current_name,,2021-12-31,ISTAT geometry 2021
016219,Treviglio,current_name,,2021-12-31,ISTAT geometry 2021
016220,Treviolo,current_name,,2021-12-31,ISTAT geometry 2021
016221,Clanezzo,historical_name,,1927-04-02,ISTAT SITUAS report 104
016221,Ubiale Clanezzo,current_name,,2021-12-31,ISTAT geometry 2021
016222,Urgnano,current_name,,2021-12-31,ISTAT geometry 2021
016223,Bondione,historical_name,,1927-06-02,ISTAT SITUAS report 103
016223,Valbondione,current_name,,2021-12-31,ISTAT geometry 2021
016224,Scano,historical_name,,1863-09-20,ISTAT SITUAS report 104
016224,Scano al Brembo,historical_name,,1863-09-20,ISTAT SITUAS report 104
016224,Valbrembo,current_name,,2021-12-31,ISTAT geometry 2021
016225,Valgoglio,current_name,,2021-12-31,ISTAT geometry 2021
016226,Valleve,current_name,,2021-12-31,ISTAT geometry 2021
016227,Valnegra,current_name,,2021-12-31,ISTAT geometry 2021
016229,Valtorta,current_name,,2021-12-31,ISTAT geometry 2021
016230,Vedeseta,current_name,,2021-12-31,ISTAT geometry 2021
016232,Verdellino,current_name,,2021-12-31,ISTAT geometry 2021
016233,Verdello,current_name,,2021-12-31,ISTAT geometry 2021
016234,Vertova,current_name,,2021-12-31,ISTAT geometry 2021
016235,Viadanica,current_name,,2021-12-31,ISTAT geometry 2021
016236,Vigano San Martino,current_name,,2021-12-31,ISTAT geometry 2021
016237,Vigolo,current_name,,2021-12-31,ISTAT geometry 2021
016238,Villa d'Adda,current_name,,2021-12-31,ISTAT geometry 2021
016239,ALMÈ CON VILLA,historical_name,1927-07-31,1948-03-25,ANPR historical archive
016239,Villa d'Almè,current_name,,2021-12-31,ISTAT geometry 2021
016240,Villa di Serio,current_name,,2021-12-31,ISTAT geometry 2021
016241,Villa d'Ogna,current_name,,2021-12-31,ISTAT geometry 2021
016242,Villongo,current_name,,2021-12-31,ISTAT geometry 2021
016243,Oltrepovo,historical_name,,1922-12-07,ISTAT SITUAS report 103
016243,Vilminore,historical_name,,1922-12-07,ISTAT SITUAS report 103
016243,Vilminore di Scalve,current_name,,2021-12-31,ISTAT geometry 2021
016244,Zandobbio,current_name,,2021-12-31,ISTAT geometry 2021
016245,Zanica,current_name,,2021-12-31,ISTAT geometry 2021
016246,Spino,historical_name,,1863-09-27,ISTAT SITUAS report 104
016246,Spino al Brembo,historical_name,,1863-09-27,ISTAT SITUAS report 104
016246,Zogno,current_name,,2021-12-31,ISTAT geometry 2021
016247,Costa di Serina,election_source_name,1963-04-28,1963-04-28,official election source label
016247,Costa Serina,current_name,,2021-12-31,ISTAT geometry 2021
016248,Algua,current_name,,2021-12-31,ISTAT geometry 2021
016248,ALGUA DI COSTA SERINA,historical_name,1948-04-21,1963-10-19,ANPR historical archive
016248,BRACCA DI COSTA SERINA,historical_name,1928-03-24,1948-04-20,ANPR historical archive
016249,Cornalba,current_name,,2021-12-31,ISTAT geometry 2021
016250,Medolago,current_name,,2021-12-31,ISTAT geometry 2021
016251,Solza,current_name,,2021-12-31,ISTAT geometry 2021
016252,Mazzoleni e Falghera,historical_name,,1923-07-26,ISTAT SITUAS report 103
016252,SANT'OMOBONO IMAGNA,historical_name,1927-08-03,2004-08-13,ANPR historical archive
016252,Sant'Omobono Terme,current_name,,2021-12-31,ISTAT geometry 2021
016252,VALSECCA,historical_name,1861-03-17,2014-02-03,ANPR historical archive
016253,BREMBILLA,historical_name,1861-03-17,2002-10-25,ANPR historical archive
016253,GEROSA,historical_name,1861-03-17,2014-02-03,ANPR historical archive
016253,Val Brembilla,current_name,,2021-12-31,ISTAT geometry 2021
017001,Acquafredda,current_name,,2021-12-31,ISTAT geometry 2021
017002,Adro,current_name,,2021-12-31,ISTAT geometry 2021
017003,Agnosine,current_name,,2021-12-31,ISTAT geometry 2021
017004,Alfianello,current_name,,2021-12-31,ISTAT geometry 2021
017005,Anfo,current_name,,2021-12-31,ISTAT geometry 2021
017006,ANGOLO,historical_name,1928-05-12,1959-07-25,ANPR historical archive
017006,Angolo Terme,current_name,,2021-12-31,ISTAT geometry 2021
017007,Artogne,current_name,,2021-12-31,ISTAT geometry 2021
017008,Azzano Mella,current_name,,2021-12-31,ISTAT geometry 2021
017009,Bagnolo,historical_name,,1862-09-30,ISTAT SITUAS report 104
017009,Bagnolo Mella,current_name,,2021-12-31,ISTAT geometry 2021
017010,Bagolino,current_name,,2021-12-31,ISTAT geometry 2021
017011,Barbariga,current_name,,2021-12-31,ISTAT geometry 2021
017012,Barghe,current_name,,2021-12-31,ISTAT geometry 2021
017013,Bassano,historical_name,,1868-01-11,ISTAT SITUAS report 104
017013,Bassano Bresciano,current_name,,2021-12-31,ISTAT geometry 2021
017014,Bedizzole,current_name,,2021-12-31,ISTAT geometry 2021
017015,Berlingo,current_name,,2021-12-31,ISTAT geometry 2021
017016,Berzo Demo,current_name,,2021-12-31,ISTAT geometry 2021
017017,Berzo Inferiore,current_name,,2021-12-31,ISTAT geometry 2021
017018,Bienno,current_name,,2021-12-31,ISTAT geometry 2021
017018,PRESTINE,historical_name,1947-06-18,2016-04-23,ANPR historical archive
017019,Bione,current_name,,2021-12-31,ISTAT geometry 2021
017020,Borgo San Giacomo,current_name,,2021-12-31,ISTAT geometry 2021
017020,Gabbiano,historical_name,,1863-05-09,ISTAT SITUAS report 104
017021,Borgosatollo,current_name,,2021-12-31,ISTAT geometry 2021
017022,Borno,current_name,,2021-12-31,ISTAT geometry 2021
017023,Botticino,current_name,,2021-12-31,ISTAT geometry 2021
017024,Bovegno,current_name,,2021-12-31,ISTAT geometry 2021
017025,Bovezzo,current_name,,2021-12-31,ISTAT geometry 2021
017026,Brandico,current_name,,2021-12-31,ISTAT geometry 2021
017027,Braone,current_name,,2021-12-31,ISTAT geometry 2021
017028,Breno,current_name,,2021-12-31,ISTAT geometry 2021
017029,Brescia,current_name,,2021-12-31,ISTAT geometry 2021
017029,Fiumicello,historical_name,,1868-01-01,ISTAT SITUAS report 104
017029,Fiumicello Urago,historical_name,,1868-01-01,ISTAT SITUAS report 103
017029,San Nazzaro,historical_name,,1862-11-27,ISTAT SITUAS report 104
017029,San Nazzaro Mella,historical_name,,1862-11-27,ISTAT SITUAS report 104
017029,Sant'Alessandro,historical_name,,1880-01-01,ISTAT SITUAS report 103
017029,Sant'Eufemia,historical_name,,1862-10-16,ISTAT SITUAS report 104
017029,Sant'Eufemia della Fonte,historical_name,,1862-10-16,ISTAT SITUAS report 104
017030,Brione,current_name,,2021-12-31,ISTAT geometry 2021
017031,Caino,current_name,,2021-12-31,ISTAT geometry 2021
017032,Calcinato,current_name,,2021-12-31,ISTAT geometry 2021
017033,Calvagese,historical_name,,1925-11-14,ISTAT SITUAS report 104
017033,Calvagese della Riviera,current_name,,2021-12-31,ISTAT geometry 2021
017033,Carzago,historical_name,,1926-01-22,ISTAT SITUAS report 104
017033,Carzago della Riviera,historical_name,,1926-01-22,ISTAT SITUAS report 104
017034,Calvisano,current_name,,2021-12-31,ISTAT geometry 2021
017035,Capo di Ponte,current_name,,2021-12-31,ISTAT geometry 2021
017035,Ono,historical_name,,1863-06-14,ISTAT SITUAS report 104
017035,Ono San Pietro,historical_name,,1863-06-14,ISTAT SITUAS report 104
017036,Capovalle,current_name,,2021-12-31,ISTAT geometry 2021
017036,Hano,historical_name,,1907-12-15,ISTAT SITUAS report 104
017037,Azzano,historical_name,,1862-11-08,ISTAT SITUAS report 104
017037,Azzano Mella,historical_name,,1862-11-08,ISTAT SITUAS report 104
017037,Capriano,historical_name,,1862-11-08,ISTAT SITUAS report 104
017037,CAPRIANO AZZANO,historical_name,1927-12-27,1957-07-11,ANPR historical archive
017037,Capriano del Colle,current_name,,2021-12-31,ISTAT geometry 2021
017038,Capriolo,current_name,,2021-12-31,ISTAT geometry 2021
017039,Carenedolo,election_source_name,1999-06-13,1999-06-13,official election source label
017039,Carpenedolo,current_name,,2021-12-31,ISTAT geometry 2021
017040,Castegnato,current_name,,2021-12-31,ISTAT geometry 2021
017041,Castelcovati,current_name,,2021-12-31,ISTAT geometry 2021
017042,Castel Mella,current_name,,2021-12-31,ISTAT geometry 2021
017042,Castelnuovo,historical_name,,1864-06-23,ISTAT SITUAS report 104
017043,Castenedolo,current_name,,2021-12-31,ISTAT geometry 2021
017044,Casto,current_name,,2021-12-31,ISTAT geometry 2021
017045,Castrezzato,current_name,,2021-12-31,ISTAT geometry 2021
017046,Cazzago,historical_name,,1863-05-09,ISTAT SITUAS report 104
017046,Cazzago San Martino,current_name,,2021-12-31,ISTAT geometry 2021
017047,Cedegolo,current_name,,2021-12-31,ISTAT geometry 2021
017047,Grevo,historical_name,,1927-05-03,ISTAT SITUAS report 104
017048,Cellatica,current_name,,2021-12-31,ISTAT geometry 2021
017049,Cerveno,current_name,,2021-12-31,ISTAT geometry 2021
017050,Ceto,current_name,,2021-12-31,ISTAT geometry 2021
017051,Cevo,current_name,,2021-12-31,ISTAT geometry 2021
017052,Chiari,current_name,,2021-12-31,ISTAT geometry 2021
017053,Cigole,current_name,,2021-12-31,ISTAT geometry 2021
017054,Cimbergo,current_name,,2021-12-31,ISTAT geometry 2021
017055,Cividate Camuno,current_name,,2021-12-31,ISTAT geometry 2021
017056,Coccaglio,current_name,,2021-12-31,ISTAT geometry 2021
017057,Collebeato,current_name,,2021-12-31,ISTAT geometry 2021
017058,Collio,current_name,,2021-12-31,ISTAT geometry 2021
017059,Cologne,current_name,,2021-12-31,ISTAT geometry 2021
017060,Comezzano-Cizzago,current_name,,2021-12-31,ISTAT geometry 2021
017061,Concesio,current_name,,2021-12-31,ISTAT geometry 2021
017062,Borgonato,historical_name,,1867-09-25,ISTAT SITUAS report 103
017062,Corte Franca,current_name,,2021-12-31,ISTAT geometry 2021
017063,CORTENO,historical_name,1927-09-15,1956-05-23,ANPR historical archive
017063,Corteno Golgi,current_name,,2021-12-31,ISTAT geometry 2021
017064,Corzano,current_name,,2021-12-31,ISTAT geometry 2021
017065,DARFO,historical_name,1929-05-03,1959-07-25,ANPR historical archive
017065,Darfo Boario Terme,current_name,,2021-12-31,ISTAT geometry 2021
017066,Corticelle,historical_name,,1862-10-16,ISTAT SITUAS report 104
017066,Corticelle Pieve,historical_name,,1862-10-16,ISTAT SITUAS report 104
017066,Dello,current_name,,2021-12-31,ISTAT geometry 2021
017067,Desenzano,historical_name,,1862-10-16,ISTAT SITUAS report 104
017067,Desenzano del Garda,current_name,,2021-12-31,ISTAT geometry 2021
017067,Desenzano sul Lago,historical_name,,1862-10-16,ISTAT SITUAS report 104
017068,Edolo,current_name,,2021-12-31,ISTAT geometry 2021
017069,Erbusco,current_name,,2021-12-31,ISTAT geometry 2021
017070,Esine,current_name,,2021-12-31,ISTAT geometry 2021
017071,Fiesse,current_name,,2021-12-31,ISTAT geometry 2021
017072,Flero,current_name,,2021-12-31,ISTAT geometry 2021
017073,Gambara,current_name,,2021-12-31,ISTAT geometry 2021
017074,Gardone Riviera,current_name,,2021-12-31,ISTAT geometry 2021
017075,Gardone Val Tromia,election_source_name,1999-06-13,1999-06-13,official election source label
017075,Gardone Val Trompia,current_name,,2021-12-31,ISTAT geometry 2021
017076,Gargnano,current_name,,2021-12-31,ISTAT geometry 2021
017077,Gavardo,current_name,,2021-12-31,ISTAT geometry 2021
017078,Ghedi,current_name,,2021-12-31,ISTAT geometry 2021
017079,Gianico,current_name,,2021-12-31,ISTAT geometry 2021
017080,Gottolengo,current_name,,2021-12-31,ISTAT geometry 2021
017081,Gussago,current_name,,2021-12-31,ISTAT geometry 2021
017082,Idro,current_name,,2021-12-31,ISTAT geometry 2021
017083,Incudine,current_name,,2021-12-31,ISTAT geometry 2021
017084,Irma,current_name,,2021-12-31,ISTAT geometry 2021
017085,Clusane,historical_name,,1873-09-09,ISTAT SITUAS report 104
017085,Clusane sul Lago,historical_name,,1873-09-09,ISTAT SITUAS report 104
017085,Iseo,current_name,,2021-12-31,ISTAT geometry 2021
017086,Isorella,current_name,,2021-12-31,ISTAT geometry 2021
017087,Lavenone,current_name,,2021-12-31,ISTAT geometry 2021
017088,Leno,current_name,,2021-12-31,ISTAT geometry 2021
017089,Limone,historical_name,,1863-02-21,ISTAT SITUAS report 104
017089,Limone San Giovanni,historical_name,,1863-02-21,ISTAT SITUAS report 104
017089,Limone sul Garda,current_name,,2021-12-31,ISTAT geometry 2021
017090,Lodrino,current_name,,2021-12-31,ISTAT geometry 2021
017091,Lograto,current_name,,2021-12-31,ISTAT geometry 2021
017092,LONATO,historical_name,1861-03-17,2007-11-01,ANPR historical archive
017092,Lonato del Garda,current_name,,2021-12-31,ISTAT geometry 2021
017093,Longhena,current_name,,2021-12-31,ISTAT geometry 2021
017094,Losine,current_name,,2021-12-31,ISTAT geometry 2021
017095,Lozio,current_name,,2021-12-31,ISTAT geometry 2021
017096,Lumezzane,current_name,,2021-12-31,ISTAT geometry 2021
017096,Lumezzane San Sebastiano,historical_name,,1921-05-12,ISTAT SITUAS report 100
017096,Lumezzane Sant'Apollonio,historical_name,,1921-05-12,ISTAT SITUAS report 100
017097,Maclodio,current_name,,2021-12-31,ISTAT geometry 2021
017098,Magasa,current_name,,2021-12-31,ISTAT geometry 2021
017099,Mairano,current_name,,2021-12-31,ISTAT geometry 2021
017100,Malegno,current_name,,2021-12-31,ISTAT geometry 2021
017101,Malonno,current_name,,2021-12-31,ISTAT geometry 2021
017102,MANERBA,historical_name,1861-03-17,1953-02-02,ANPR historical archive
017102,Manerba del Garda,current_name,,2021-12-31,ISTAT geometry 2021
017103,Manerbio,current_name,,2021-12-31,ISTAT geometry 2021
017104,Marcheno,current_name,,2021-12-31,ISTAT geometry 2021
017105,Marmentino,current_name,,2021-12-31,ISTAT geometry 2021
017106,Marone,current_name,,2021-12-31,ISTAT geometry 2021
017107,Mazzano,current_name,,2021-12-31,ISTAT geometry 2021
017108,Milzano,current_name,,2021-12-31,ISTAT geometry 2021
017109,MONIGA,historical_name,1947-08-15,1952-01-21,ANPR historical archive
017109,Moniga del Garda,current_name,,2021-12-31,ISTAT geometry 2021
017110,Monno,current_name,,2021-12-31,ISTAT geometry 2021
017111,Monte Isola,current_name,,2021-12-31,ISTAT geometry 2021
017111,Peschiera d'Iseo,historical_name,,1863-09-27,ISTAT SITUAS report 104
017111,Peschiera Maraglio,historical_name,,1863-09-27,ISTAT SITUAS report 104
017112,Monticelli Brusati,current_name,,2021-12-31,ISTAT geometry 2021
017112,Monticello Brusati,election_source_name,1946-06-02,1946-06-02,official election source label
017113,Montechiaro,historical_name,,1862-12-18,ISTAT SITUAS report 104
017113,Montichiari,current_name,,2021-12-31,ISTAT geometry 2021
017113,Montichiari sul Chiese,historical_name,,1862-12-18,ISTAT SITUAS report 104
017114,Montirone,current_name,,2021-12-31,ISTAT geometry 2021
017115,Mura,current_name,,2021-12-31,ISTAT geometry 2021
017116,Burago,historical_name,,1862-12-20,ISTAT SITUAS report 104
017116,Burago Riviera,historical_name,,1862-12-20,ISTAT SITUAS report 104
017116,Muscoline,current_name,,2021-12-31,ISTAT geometry 2021
017117,Nave,current_name,,2021-12-31,ISTAT geometry 2021
017118,Niardo,current_name,,2021-12-31,ISTAT geometry 2021
017119,Nuvolento,current_name,,2021-12-31,ISTAT geometry 2021
017120,Nuvolera,current_name,,2021-12-31,ISTAT geometry 2021
017121,Odolo,current_name,,2021-12-31,ISTAT geometry 2021
017122,Offlaga,current_name,,2021-12-31,ISTAT geometry 2021
017123,Ome,current_name,,2021-12-31,ISTAT geometry 2021
017124,Ono San Pietro,current_name,,2021-12-31,ISTAT geometry 2021
017125,Orzinuovi,current_name,,2021-12-31,ISTAT geometry 2021
017126,Orzivecchi,current_name,,2021-12-31,ISTAT geometry 2021
017127,Ositaletto,election_source_name,1999-06-13,1999-06-13,official election source label
017127,Ospitaletto,current_name,,2021-12-31,ISTAT geometry 2021
017128,Ossimo,current_name,,2021-12-31,ISTAT geometry 2021
017129,PADENGHE,historical_name,1928-04-07,1947-08-14,ANPR historical archive
017129,Padenghe sul Garda,current_name,,2021-12-31,ISTAT geometry 2021
017130,Paderno,historical_name,,1863-01-10,ISTAT SITUAS report 104
017130,Paderno Franciacorta,current_name,,2021-12-31,ISTAT geometry 2021
017131,Loveno,historical_name,,1863-05-09,ISTAT SITUAS report 104
017131,Loveno Grumello,historical_name,,1863-05-09,ISTAT SITUAS report 104
017131,Paisco Loveno,current_name,,2021-12-31,ISTAT geometry 2021
017132,Paitone,current_name,,2021-12-31,ISTAT geometry 2021
017133,Palazzolo,historical_name,,1862-09-30,ISTAT SITUAS report 104
017133,Palazzolo sull'Oglio,current_name,,2021-12-31,ISTAT geometry 2021
017134,Paratico,current_name,,2021-12-31,ISTAT geometry 2021
017135,Paspardo,current_name,,2021-12-31,ISTAT geometry 2021
017136,Passirano,current_name,,2021-12-31,ISTAT geometry 2021
017137,Pavone,historical_name,,1862-12-18,ISTAT SITUAS report 104
017137,Pavone del Mella,current_name,,2021-12-31,ISTAT geometry 2021
017138,Pedergnaga,historical_name,,1927-12-27,ISTAT SITUAS report 103
017138,PEDERGNAGA ORIANO,historical_name,1928-03-24,1964-10-01,ANPR historical archive
017138,San Paolo,current_name,,2021-12-31,ISTAT geometry 2021
017139,Bel Prato,historical_name,,1863-02-21,ISTAT SITUAS report 104
017139,Pertica Alta,current_name,,2021-12-31,ISTAT geometry 2021
017139,Prato,historical_name,,1863-02-21,ISTAT SITUAS report 104
017140,Ono,historical_name,,1862-12-20,ISTAT SITUAS report 104
017140,Ono Degno,historical_name,,1862-12-20,ISTAT SITUAS report 104
017140,Pertica Bassa,current_name,,2021-12-31,ISTAT geometry 2021
017141,Pezzaze,current_name,,2021-12-31,ISTAT geometry 2021
017142,Pian Camuno,current_name,,2021-12-31,ISTAT geometry 2021
017142,PIAN D'ARTOGNE,historical_name,1929-02-21,1957-02-13,ANPR historical archive
017142,Piano,historical_name,,1863-02-21,ISTAT SITUAS report 104
017143,Pisogne,current_name,,2021-12-31,ISTAT geometry 2021
017144,Polaveno,current_name,,2021-12-31,ISTAT geometry 2021
017145,POLPENAZZE,historical_name,1861-03-17,1967-11-23,ANPR historical archive
017145,Polpenazze del Garda,current_name,,2021-12-31,ISTAT geometry 2021
017146,Gerola,historical_name,,1863-05-09,ISTAT SITUAS report 104
017146,Gerolanuova,historical_name,,1863-05-09,ISTAT SITUAS report 104
017146,Pompiano,current_name,,2021-12-31,ISTAT geometry 2021
017147,Poncarale,current_name,,2021-12-31,ISTAT geometry 2021
017148,Ponte di Legno,current_name,,2021-12-31,ISTAT geometry 2021
017149,Pontevico,current_name,,2021-12-31,ISTAT geometry 2021
017150,Pontoglio,current_name,,2021-12-31,ISTAT geometry 2021
017151,Pozzolengo,current_name,,2021-12-31,ISTAT geometry 2021
017152,Pralboino,current_name,,2021-12-31,ISTAT geometry 2021
017153,Preseglie,current_name,,2021-12-31,ISTAT geometry 2021
017155,Prevalle,current_name,,2021-12-31,ISTAT geometry 2021
017156,Provaglio d'Iseo,current_name,,2021-12-31,ISTAT geometry 2021
017157,Provaglio,historical_name,,1928-06-14,ISTAT SITUAS report 100
017157,Provaglio Val Sabbia,current_name,,2021-12-31,ISTAT geometry 2021
017158,PUEGNAGO,historical_name,1928-09-25,1971-11-04,ANPR historical archive
017158,Puegnago del Garda,current_name,,2021-12-31,ISTAT geometry 2021
017158,Puegnago sul Garda,election_source_name,1948-04-18,1948-04-18,official election source label
017159,Quinzano,historical_name,,1862-12-18,ISTAT SITUAS report 104
017159,Quinzano d'Oglio,current_name,,2021-12-31,ISTAT geometry 2021
017160,Remedello,current_name,,2021-12-31,ISTAT geometry 2021
017161,Rezzato,current_name,,2021-12-31,ISTAT geometry 2021
017161,Virle,historical_name,,1863-01-10,ISTAT SITUAS report 104
017161,Virle Treponti,historical_name,,1863-01-10,ISTAT SITUAS report 104
017162,Roccafranca,current_name,,2021-12-31,ISTAT geometry 2021
017163,Rodengo,historical_name,,1869-07-01,ISTAT SITUAS report 103
017163,Rodengo Saiano,current_name,,2021-12-31,ISTAT geometry 2021
017164,Roè Volciano,current_name,,2021-12-31,ISTAT geometry 2021
017164,Volciano,historical_name,,1928-09-09,ISTAT SITUAS report 104
017165,Roncadelle,current_name,,2021-12-31,ISTAT geometry 2021
017166,Rovato,current_name,,2021-12-31,ISTAT geometry 2021
017167,Rudiano,current_name,,2021-12-31,ISTAT geometry 2021
017168,Sabbio,historical_name,,1864-01-29,ISTAT SITUAS report 104
017168,Sabbio Chiese,current_name,,2021-12-31,ISTAT geometry 2021
017169,Sale Marasino,current_name,,2021-12-31,ISTAT geometry 2021
017170,Caccavero,historical_name,,1907-04-23,ISTAT SITUAS report 104
017170,Campoverde,historical_name,,1907-04-23,ISTAT SITUAS report 104
017170,Salò,current_name,,2021-12-31,ISTAT geometry 2021
017171,San Felice,historical_name,,1863-02-21,ISTAT SITUAS report 104
017171,San Felice del Benaco,current_name,,2021-12-31,ISTAT geometry 2021
017171,San Felice di Scovolo,historical_name,,1863-02-21,ISTAT SITUAS report 104
017172,San Gervasio,historical_name,,1862-12-18,ISTAT SITUAS report 104
017172,San Gervasio Bresciano,current_name,,2021-12-31,ISTAT geometry 2021
017173,San Zeno,historical_name,,1862-11-08,ISTAT SITUAS report 104
017173,San Zeno Naviglio,current_name,,2021-12-31,ISTAT geometry 2021
017174,Sarezzo,current_name,,2021-12-31,ISTAT geometry 2021
017175,SAVIORE,historical_name,1954-08-05,1957-12-25,ANPR historical archive
017175,Saviore dell'Adamello,current_name,,2021-12-31,ISTAT geometry 2021
017176,Sellero,current_name,,2021-12-31,ISTAT geometry 2021
017177,Seniga,current_name,,2021-12-31,ISTAT geometry 2021
017178,Serle,current_name,,2021-12-31,ISTAT geometry 2021
017179,Sermione,historical_name,,1930-03-07,ISTAT SITUAS report 104
017179,Sirmione,current_name,,2021-12-31,ISTAT geometry 2021
017180,Soiano del Lago,current_name,,2021-12-31,ISTAT geometry 2021
017181,Sonico,current_name,,2021-12-31,ISTAT geometry 2021
017182,Sulzano,current_name,,2021-12-31,ISTAT geometry 2021
017183,Cimmo,historical_name,,1927-06-09,ISTAT SITUAS report 104
017183,Tavernole Cimmo,historical_name,,1927-06-09,ISTAT SITUAS report 104
017183,Tavernole sul Mella,current_name,,2021-12-31,ISTAT geometry 2021
017184,Temù,current_name,,2021-12-31,ISTAT geometry 2021
017185,Tignale,current_name,,2021-12-31,ISTAT geometry 2021
017186,Torbole,historical_name,,1872-02-21,ISTAT SITUAS report 104
017186,Torbole Casaglia,current_name,,2021-12-31,ISTAT geometry 2021
017187,Toscolano-Maderno,current_name,,2021-12-31,ISTAT geometry 2021
017188,Travagliato,current_name,,2021-12-31,ISTAT geometry 2021
017189,TREMOSINE,historical_name,1929-01-05,2013-11-11,ANPR historical archive
017189,Tremosine sul Garda,current_name,,2021-12-31,ISTAT geometry 2021
017190,Trenzano,current_name,,2021-12-31,ISTAT geometry 2021
017191,Treviso,historical_name,,1867-06-19,ISTAT SITUAS report 104
017191,Treviso Bresciano,current_name,,2021-12-31,ISTAT geometry 2021
017192,Urago d'Oglio,current_name,,2021-12-31,ISTAT geometry 2021
017193,VALLIO,historical_name,1861-03-17,1976-08-18,ANPR historical archive
017193,Vallio Terme,current_name,,2021-12-31,ISTAT geometry 2021
017194,Armo,historical_name,,1920-10-16,ISTAT SITUAS report 100
017194,Bollone,historical_name,,1920-10-16,ISTAT SITUAS report 100
017194,Magasa,historical_name,,1920-10-16,ISTAT SITUAS report 100
017194,Moerna,historical_name,,1920-10-16,ISTAT SITUAS report 100
017194,Persone,historical_name,,1920-10-16,ISTAT SITUAS report 100
017194,Turano,historical_name,,1920-10-16,ISTAT SITUAS report 100
017194,Valvestino,current_name,,2021-12-31,ISTAT geometry 2021
017195,Verolanuova,current_name,,2021-12-31,ISTAT geometry 2021
017196,Verolavecchia,current_name,,2021-12-31,ISTAT geometry 2021
017197,Vestone,current_name,,2021-12-31,ISTAT geometry 2021
017198,Vezza,historical_name,,1863-05-12,ISTAT SITUAS report 104
017198,Vezza d'Oglio,current_name,,2021-12-31,ISTAT geometry 2021
017199,Villa Carcina,current_name,,2021-12-31,ISTAT geometry 2021
017200,Villachiara,current_name,,2021-12-31,ISTAT geometry 2021
017201,Villanuova,historical_name,,1862-12-20,ISTAT SITUAS report 104
017201,Villanuova sul Clisi,current_name,,2021-12-31,ISTAT geometry 2021
017202,Vione,current_name,,2021-12-31,ISTAT geometry 2021
017203,Visano,current_name,,2021-12-31,ISTAT geometry 2021
017204,Vobarno,current_name,,2021-12-31,ISTAT geometry 2021
017205,Zone,current_name,,2021-12-31,ISTAT geometry 2021
017206,Piancogno,current_name,,2021-12-31,ISTAT geometry 2021
018001,Alagna,current_name,,2021-12-31,ISTAT geometry 2021
018002,Albaredo Arnaboldi,current_name,,2021-12-31,ISTAT geometry 2021
018003,Albonese,current_name,,2021-12-31,ISTAT geometry 2021
018004,Albuzzano,current_name,,2021-12-31,ISTAT geometry 2021
018005,Arena,historical_name,,1863-09-20,ISTAT SITUAS report 104
018005,Arena Po,current_name,,2021-12-31,ISTAT geometry 2021
018006,Badia,historical_name,,1928-08-01,ISTAT SITUAS report 104
018006,Badia Pavese,current_name,,2021-12-31,ISTAT geometry 2021
018007,Bagnaria,current_name,,2021-12-31,ISTAT geometry 2021
018008,Barbianello,current_name,,2021-12-31,ISTAT geometry 2021
018009,Bascapè,current_name,,2021-12-31,ISTAT geometry 2021
018009,San Zeno,historical_name,,1863-05-12,ISTAT SITUAS report 104
018009,San Zeno e Foppa,historical_name,,1863-05-12,ISTAT SITUAS report 104
018011,Bastida Pancarana,current_name,,2021-12-31,ISTAT geometry 2021
018012,Battuda,current_name,,2021-12-31,ISTAT geometry 2021
018013,Belgioioso,current_name,,2021-12-31,ISTAT geometry 2021
018013,Santa Margherita,historical_name,,1863-05-12,ISTAT SITUAS report 104
018013,Santa Margherita Po,historical_name,,1863-05-12,ISTAT SITUAS report 104
018014,Bereguardo,current_name,,2021-12-31,ISTAT geometry 2021
018015,Borgarello,current_name,,2021-12-31,ISTAT geometry 2021
018016,Borgo Priolo,current_name,,2021-12-31,ISTAT geometry 2021
018017,Borgoratto,historical_name,,1863-05-12,ISTAT SITUAS report 104
018017,Borgoratto Mormorolo,current_name,,2021-12-31,ISTAT geometry 2021
018018,Borgo San Siro,current_name,,2021-12-31,ISTAT geometry 2021
018019,Bornasco,current_name,,2021-12-31,ISTAT geometry 2021
018019,Misano,historical_name,,1863-05-12,ISTAT SITUAS report 104
018019,Misano Olona,historical_name,,1863-05-12,ISTAT SITUAS report 104
018019,Zeccone,historical_name,,1871-06-01,ISTAT SITUAS report 103
018020,Bosnasco,current_name,,2021-12-31,ISTAT geometry 2021
018021,Brallo di Pregola,current_name,,2021-12-31,ISTAT geometry 2021
018021,PREGOLA,historical_name,1861-03-17,1958-03-29,ANPR historical archive
018022,Breme,current_name,,2021-12-31,ISTAT geometry 2021
018023,Argine Po,historical_name,,1873-09-01,ISTAT SITUAS report 104
018023,Bottarone,historical_name,,1895-08-20,ISTAT SITUAS report 104
018023,Bressana,historical_name,,1873-09-01,ISTAT SITUAS report 104
018023,Bressana Bottarone,current_name,,2021-12-31,ISTAT geometry 2021
018023,Mezzana Corti Bottarone,historical_name,,1895-08-20,ISTAT SITUAS report 104
018024,Broni,current_name,,2021-12-31,ISTAT geometry 2021
018024,Cassino,historical_name,,1864-03-11,ISTAT SITUAS report 104
018024,Cassino Po,historical_name,,1864-03-11,ISTAT SITUAS report 104
018025,Calvignano,current_name,,2021-12-31,ISTAT geometry 2021
018026,Campospinoso,current_name,,2021-12-31,ISTAT geometry 2021
018027,Candia,historical_name,,1863-05-12,ISTAT SITUAS report 104
018027,Candia Lomellina,current_name,,2021-12-31,ISTAT geometry 2021
018029,Canneto Pavese,current_name,,2021-12-31,ISTAT geometry 2021
018029,Montù de' Gobbi,historical_name,,1886-01-01,ISTAT SITUAS report 104
018030,Carbonara,historical_name,,1863-05-12,ISTAT SITUAS report 104
018030,Carbonara al Ticino,current_name,,2021-12-31,ISTAT geometry 2021
018031,Casanova Lonati,current_name,,2021-12-31,ISTAT geometry 2021
018032,Casatisma,current_name,,2021-12-31,ISTAT geometry 2021
018033,Casei Gerola,current_name,,2021-12-31,ISTAT geometry 2021
018034,Casorate,historical_name,,1863-05-12,ISTAT SITUAS report 104
018034,Casorate Primo,current_name,,2021-12-31,ISTAT geometry 2021
018034,Casorate Rimo,election_source_name,1999-06-13,1999-06-13,official election source label
018035,Cassolnovo,current_name,,2021-12-31,ISTAT geometry 2021
018036,Castana,current_name,,2021-12-31,ISTAT geometry 2021
018037,Casteggio,current_name,,2021-12-31,ISTAT geometry 2021
018038,Castelletto di Branduzzo,current_name,,2021-12-31,ISTAT geometry 2021
018038,Castelletto Po,historical_name,,1871-09-01,ISTAT SITUAS report 103
018039,Castello d'Agogna,current_name,,2021-12-31,ISTAT geometry 2021
018040,Castelnovetto,current_name,,2021-12-31,ISTAT geometry 2021
018041,Cava,historical_name,,1863-05-12,ISTAT SITUAS report 104
018041,Cava Manara,current_name,,2021-12-31,ISTAT geometry 2021
018042,Cecima,current_name,,2021-12-31,ISTAT geometry 2021
018043,Ceranova,current_name,,2021-12-31,ISTAT geometry 2021
018044,Ceretto Lomellina,current_name,,2021-12-31,ISTAT geometry 2021
018044,Cerreto Lomellino,election_source_name,1946-06-02,1946-06-02,official election source label
018044,Cerretto,historical_name,,1863-05-12,ISTAT SITUAS report 104
018044,CERRETTO LOMELLINO,historical_name,1863-03-30,1955-11-12,ANPR historical archive
018045,Cergnago,current_name,,2021-12-31,ISTAT geometry 2021
018046,Certosa di Pavia,current_name,,2021-12-31,ISTAT geometry 2021
018046,Torre del Mangano,historical_name,,1871-06-01,ISTAT SITUAS report 98
018046,Torriano,historical_name,,1873-01-01,ISTAT SITUAS report 98
018047,Cervesina,current_name,,2021-12-31,ISTAT geometry 2021
018048,Chignolo,historical_name,,1863-05-12,ISTAT SITUAS report 104
018048,Chignolo Po,current_name,,2021-12-31,ISTAT geometry 2021
018049,Cigognola,current_name,,2021-12-31,ISTAT geometry 2021
018050,Cilavegna,current_name,,2021-12-31,ISTAT geometry 2021
018051,Codevilla,current_name,,2021-12-31,ISTAT geometry 2021
018052,Confienza,current_name,,2021-12-31,ISTAT geometry 2021
018053,Copiano,current_name,,2021-12-31,ISTAT geometry 2021
018054,Corana,current_name,,2021-12-31,ISTAT geometry 2021
018057,Corvino,historical_name,,1871-09-01,ISTAT SITUAS report 104
018057,Corvino San Quirico,current_name,,2021-12-31,ISTAT geometry 2021
018057,Oliva,historical_name,,1863-05-12,ISTAT SITUAS report 104
018057,Oliva Gessi,historical_name,,1863-05-12,ISTAT SITUAS report 104
018057,Torricella,historical_name,,1863-05-12,ISTAT SITUAS report 104
018057,Torricella Verzate,historical_name,,1863-05-12,ISTAT SITUAS report 104
018058,Costa de' Nobili,current_name,,2021-12-31,ISTAT geometry 2021
018058,Costa San Zenone,historical_name,,1863-06-14,ISTAT SITUAS report 104
018059,Cozzo,current_name,,2021-12-31,ISTAT geometry 2021
018060,Carpignano,historical_name,,1863-05-12,ISTAT SITUAS report 104
018060,Cava Carpignano,historical_name,,1863-05-12,ISTAT SITUAS report 104
018060,Cura Carpignano,current_name,,2021-12-31,ISTAT geometry 2021
018061,Dorno,current_name,,2021-12-31,ISTAT geometry 2021
018062,Ferrera,historical_name,,1863-05-12,ISTAT SITUAS report 104
018062,Ferrera Erbognone,current_name,,2021-12-31,ISTAT geometry 2021
018063,Filighera,current_name,,2021-12-31,ISTAT geometry 2021
018063,Montesano,historical_name,,1863-05-12,ISTAT SITUAS report 104
018063,Montesano al Piano,historical_name,,1863-05-12,ISTAT SITUAS report 104
018064,Fortunago,current_name,,2021-12-31,ISTAT geometry 2021
018065,Frascarolo,current_name,,2021-12-31,ISTAT geometry 2021
018066,Galliavola,current_name,,2021-12-31,ISTAT geometry 2021
018067,Gambarana,current_name,,2021-12-31,ISTAT geometry 2021
018068,Gambolò,current_name,,2021-12-31,ISTAT geometry 2021
018069,Garlasco,current_name,,2021-12-31,ISTAT geometry 2021
018071,Gerenzago,current_name,,2021-12-31,ISTAT geometry 2021
018072,Carpignago,historical_name,,1873-01-01,ISTAT SITUAS report 103
018072,Giussago,current_name,,2021-12-31,ISTAT geometry 2021
018073,GODIASCO,historical_name,1861-03-17,2012-06-29,ANPR historical archive
018073,Godiasco Salice Terme,current_name,,2021-12-31,ISTAT geometry 2021
018074,Golferenzo,current_name,,2021-12-31,ISTAT geometry 2021
018075,Gravellona Lomellina,current_name,,2021-12-31,ISTAT geometry 2021
018076,Gropello,historical_name,,1863-05-12,ISTAT SITUAS report 104
018076,Gropello Cairoli,current_name,,2021-12-31,ISTAT geometry 2021
018076,Gropello Lomellino,historical_name,,1863-05-12,ISTAT SITUAS report 104
018077,INVERNO,historical_name,1872-10-15,1961-12-25,ANPR historical archive
018077,Inverno e Monteleone,current_name,,2021-12-31,ISTAT geometry 2021
018077,Monteleone,historical_name,,1863-05-12,ISTAT SITUAS report 104
018077,Monteleone sui Colli Pavesi,historical_name,,1863-05-12,ISTAT SITUAS report 104
018078,Landriano,current_name,,2021-12-31,ISTAT geometry 2021
018079,Langosco,current_name,,2021-12-31,ISTAT geometry 2021
018080,Lardirago,current_name,,2021-12-31,ISTAT geometry 2021
018080,Sant'Alessio,historical_name,,1863-05-12,ISTAT SITUAS report 104
018080,Sant'Alessio con Vialone,historical_name,,1863-05-12,ISTAT SITUAS report 104
018081,Linarolo,current_name,,2021-12-31,ISTAT geometry 2021
018082,Lirio,current_name,,2021-12-31,ISTAT geometry 2021
018083,Lomello,current_name,,2021-12-31,ISTAT geometry 2021
018084,Calcababbio,historical_name,,1895-02-02,ISTAT SITUAS report 104
018084,Lungavilla,current_name,,2021-12-31,ISTAT geometry 2021
018085,Magherno,current_name,,2021-12-31,ISTAT geometry 2021
018086,Marcignago,current_name,,2021-12-31,ISTAT geometry 2021
018087,Marzano,current_name,,2021-12-31,ISTAT geometry 2021
018088,Mede,current_name,,2021-12-31,ISTAT geometry 2021
018089,Menconico,current_name,,2021-12-31,ISTAT geometry 2021
018090,Mezzana Bigli,current_name,,2021-12-31,ISTAT geometry 2021
018091,Mezzana Rabattone,current_name,,2021-12-31,ISTAT geometry 2021
018092,Mezzanino,current_name,,2021-12-31,ISTAT geometry 2021
018093,Miradolo,historical_name,,1873-01-01,ISTAT SITUAS report 103
018093,Miradolo Terme,current_name,,2021-12-31,ISTAT geometry 2021
018094,Montalto,historical_name,,1863-05-12,ISTAT SITUAS report 104
018094,Montalto Pavese,current_name,,2021-12-31,ISTAT geometry 2021
018095,MONTEBELLO,historical_name,1861-03-17,1958-03-29,ANPR historical archive
018095,Montebello della Battaglia,current_name,,2021-12-31,ISTAT geometry 2021
018096,Montecalvo,historical_name,,1863-05-12,ISTAT SITUAS report 104
018096,Montecalvo Versiggia,current_name,,2021-12-31,ISTAT geometry 2021
018097,Montescano,current_name,,2021-12-31,ISTAT geometry 2021
018098,Montesegale,current_name,,2021-12-31,ISTAT geometry 2021
018099,Monticelli,historical_name,,1863-05-12,ISTAT SITUAS report 104
018099,Monticelli Pavese,current_name,,2021-12-31,ISTAT geometry 2021
018100,Montù Beccaria,current_name,,2021-12-31,ISTAT geometry 2021
018101,Mornico,historical_name,,1863-05-12,ISTAT SITUAS report 104
018101,Mornico Losana,current_name,,2021-12-31,ISTAT geometry 2021
018102,Mortara,current_name,,2021-12-31,ISTAT geometry 2021
018103,Nicorvo,current_name,,2021-12-31,ISTAT geometry 2021
018104,Olevano,historical_name,,1863-05-12,ISTAT SITUAS report 104
018104,Olevano di Lomellina,current_name,,2021-12-31,ISTAT geometry 2021
018105,Oliva Gessi,current_name,,2021-12-31,ISTAT geometry 2021
018106,Ottobiano,current_name,,2021-12-31,ISTAT geometry 2021
018107,Palestro,current_name,,2021-12-31,ISTAT geometry 2021
018108,Pancarana,current_name,,2021-12-31,ISTAT geometry 2021
018109,Parona,current_name,,2021-12-31,ISTAT geometry 2021
018110,Pavia,current_name,,2021-12-31,ISTAT geometry 2021
018111,Pietra de' Giorgi,current_name,,2021-12-31,ISTAT geometry 2021
018112,Pieve Albignola,current_name,,2021-12-31,ISTAT geometry 2021
018113,Cairo,historical_name,,1863-05-12,ISTAT SITUAS report 104
018113,Cairo Lomellino,historical_name,,1863-05-12,ISTAT SITUAS report 104
018113,Pieve del Cairo,current_name,,2021-12-31,ISTAT geometry 2021
018114,Pieve Porto Morone,current_name,,2021-12-31,ISTAT geometry 2021
018115,Pinarolo Po,current_name,,2021-12-31,ISTAT geometry 2021
018116,Pizzale,current_name,,2021-12-31,ISTAT geometry 2021
018117,Ponte Nizza,current_name,,2021-12-31,ISTAT geometry 2021
018117,San Ponzo,historical_name,,1863-05-12,ISTAT SITUAS report 104
018117,San Ponzo Semola,historical_name,,1863-05-12,ISTAT SITUAS report 104
018117,Trebbiano,historical_name,,1863-05-12,ISTAT SITUAS report 104
018117,Trebbiano Nizza,historical_name,,1863-05-12,ISTAT SITUAS report 104
018118,Portalbera,current_name,,2021-12-31,ISTAT geometry 2021
018119,Rea,current_name,,2021-12-31,ISTAT geometry 2021
018120,Redavalle,current_name,,2021-12-31,ISTAT geometry 2021
018121,Retorbido,current_name,,2021-12-31,ISTAT geometry 2021
018122,RIVANAZZANO,historical_name,1861-03-17,2009-07-29,ANPR historical archive
018122,Rivanazzano Terme,current_name,,2021-12-31,ISTAT geometry 2021
018123,Robbio,current_name,,2021-12-31,ISTAT geometry 2021
018124,Robecco,historical_name,,1863-05-12,ISTAT SITUAS report 104
018124,Robecco Pavese,current_name,,2021-12-31,ISTAT geometry 2021
018125,Rocca de' Giorgi,current_name,,2021-12-31,ISTAT geometry 2021
018126,Rocca Susella,current_name,,2021-12-31,ISTAT geometry 2021
018127,Rognano,current_name,,2021-12-31,ISTAT geometry 2021
018128,Romagnese,current_name,,2021-12-31,ISTAT geometry 2021
018129,Roncaro,current_name,,2021-12-31,ISTAT geometry 2021
018130,Rosasco,current_name,,2021-12-31,ISTAT geometry 2021
018131,Rovescala,current_name,,2021-12-31,ISTAT geometry 2021
018133,San Cipriano,historical_name,,1863-05-12,ISTAT SITUAS report 104
018133,San Cipriano Po,current_name,,2021-12-31,ISTAT geometry 2021
018134,San Damiano,historical_name,,1863-05-12,ISTAT SITUAS report 104
018134,San Damiano al Colle,current_name,,2021-12-31,ISTAT geometry 2021
018135,San Genesio,historical_name,,1871-06-01,ISTAT SITUAS report 103
018135,San Genesio ed Uniti,current_name,,2021-12-31,ISTAT geometry 2021
018136,San Giorgio,historical_name,,1863-05-12,ISTAT SITUAS report 104
018136,San Giorgio di Lomellina,current_name,,2021-12-31,ISTAT geometry 2021
018137,San Martino Siccomario,current_name,,2021-12-31,ISTAT geometry 2021
018138,San Nazzaro,historical_name,,1863-09-20,ISTAT SITUAS report 104
018138,Sannazzaro de' Burgondi,current_name,,2021-12-31,ISTAT geometry 2021
018139,Santa Cristina,historical_name,,1863-05-12,ISTAT SITUAS report 104
018139,Santa Cristina e Bissone,current_name,,2021-12-31,ISTAT geometry 2021
018140,Santa Giuletta,current_name,,2021-12-31,ISTAT geometry 2021
018141,Sant'Alessio con Vialone,current_name,,2021-12-31,ISTAT geometry 2021
018142,Santa Margherita,historical_name,,1864-02-14,ISTAT SITUAS report 104
018142,Santa Margherita di Bobbio,historical_name,,1864-02-14,ISTAT SITUAS report 104
018142,Santa Margherita di Staffora,current_name,,2021-12-31,ISTAT geometry 2021
018143,Santa Maria della Versa,current_name,,2021-12-31,ISTAT geometry 2021
018143,Soriasco,historical_name,,1893-11-07,ISTAT SITUAS report 104
018144,Sant'Angelo,historical_name,,1864-02-02,ISTAT SITUAS report 104
018144,Sant'Angelo Lomellina,current_name,,2021-12-31,ISTAT geometry 2021
018145,San Zenone,historical_name,,1863-05-12,ISTAT SITUAS report 104
018145,San Zenone al Po,current_name,,2021-12-31,ISTAT geometry 2021
018146,Sartirana,historical_name,,1863-05-12,ISTAT SITUAS report 104
018146,Sartirana Lomellina,current_name,,2021-12-31,ISTAT geometry 2021
018147,Scaldasole,current_name,,2021-12-31,ISTAT geometry 2021
018148,Semiana,current_name,,2021-12-31,ISTAT geometry 2021
018149,Silvano Pietra,current_name,,2021-12-31,ISTAT geometry 2021
018150,Guignano,historical_name,,1863-09-20,ISTAT SITUAS report 104
018150,Siziano,current_name,,2021-12-31,ISTAT geometry 2021
018151,Sommo,current_name,,2021-12-31,ISTAT geometry 2021
018152,Spessa,current_name,,2021-12-31,ISTAT geometry 2021
018153,Stradella,current_name,,2021-12-31,ISTAT geometry 2021
018154,Borgofranco,historical_name,,1863-05-12,ISTAT SITUAS report 104
018154,Suardi,current_name,,2021-12-31,ISTAT geometry 2021
018155,Torrazza Coste,current_name,,2021-12-31,ISTAT geometry 2021
018156,Torre Beretti e Castellaro,current_name,,2021-12-31,ISTAT geometry 2021
018157,Torre d'Arese,current_name,,2021-12-31,ISTAT geometry 2021
018158,Torre de' Negri,current_name,,2021-12-31,ISTAT geometry 2021
018159,Torre d'Isola,current_name,,2021-12-31,ISTAT geometry 2021
018160,Torrevecchia,historical_name,,1863-05-12,ISTAT SITUAS report 104
018160,Torrevecchia Pia,current_name,,2021-12-31,ISTAT geometry 2021
018161,Torricella Verzate,current_name,,2021-12-31,ISTAT geometry 2021
018162,Santa Maria della Strada,historical_name,,1864-01-29,ISTAT SITUAS report 104
018162,Travacò Siccomario,current_name,,2021-12-31,ISTAT geometry 2021
018163,Trivolzio,current_name,,2021-12-31,ISTAT geometry 2021
018164,Tromello,current_name,,2021-12-31,ISTAT geometry 2021
018165,Trovo,current_name,,2021-12-31,ISTAT geometry 2021
018166,Sant'Albano,historical_name,,1863-05-12,ISTAT SITUAS report 104
018166,Sant'Albano di Bobbio,historical_name,,1863-05-12,ISTAT SITUAS report 104
018166,Val di Nizza,current_name,,2021-12-31,ISTAT geometry 2021
018167,Valeggio,current_name,,2021-12-31,ISTAT geometry 2021
018168,Valle,historical_name,,1863-05-12,ISTAT SITUAS report 104
018168,Valle Lomellina,current_name,,2021-12-31,ISTAT geometry 2021
018169,Belvedere,historical_name,,1863-05-12,ISTAT SITUAS report 104
018169,Belvedere al Po,historical_name,,1863-05-12,ISTAT SITUAS report 104
018169,Valle Salimbene,current_name,,2021-12-31,ISTAT geometry 2021
018171,Bagnarà,historical_name,,1863-05-12,ISTAT SITUAS report 104
018171,Bagnaria,historical_name,,1863-05-12,ISTAT SITUAS report 104
018171,Sagliano,historical_name,,1863-05-12,ISTAT SITUAS report 104
018171,Sagliano di Crenna,historical_name,,1863-05-12,ISTAT SITUAS report 104
018171,Varzi,current_name,,2021-12-31,ISTAT geometry 2021
018172,Velezzo,historical_name,,1864-12-07,ISTAT SITUAS report 104
018172,Velezzo Lomellina,current_name,,2021-12-31,ISTAT geometry 2021
018173,Vellezzo,historical_name,,1864-12-07,ISTAT SITUAS report 104
018173,Vellezzo Bellini,current_name,,2021-12-31,ISTAT geometry 2021
018174,Verretto,current_name,,2021-12-31,ISTAT geometry 2021
018175,Verrua,historical_name,,1863-06-14,ISTAT SITUAS report 104
018175,Verrua Po,current_name,,2021-12-31,ISTAT geometry 2021
018175,Verrua Siccomario,historical_name,,1863-06-14,ISTAT SITUAS report 104
018176,Vairano,historical_name,,1864-02-02,ISTAT SITUAS report 104
018176,Vairano Pavese,historical_name,,1864-02-02,ISTAT SITUAS report 104
018176,Vidigulfo,current_name,,2021-12-31,ISTAT geometry 2021
018177,Vigevano,current_name,,2021-12-31,ISTAT geometry 2021
018178,Villa Biscossi,current_name,,2021-12-31,ISTAT geometry 2021
018179,Villanova d'Ardenghi,current_name,,2021-12-31,ISTAT geometry 2021
018180,Villanterio,current_name,,2021-12-31,ISTAT geometry 2021
018181,Vistarino,current_name,,2021-12-31,ISTAT geometry 2021
018182,Voghera,current_name,,2021-12-31,ISTAT geometry 2021
018183,Volpara,current_name,,2021-12-31,ISTAT geometry 2021
018184,Zavattarello,current_name,,2021-12-31,ISTAT geometry 2021
018185,Zeccone,current_name,,2021-12-31,ISTAT geometry 2021
018186,Zeme,current_name,,2021-12-31,ISTAT geometry 2021
018186,Zeme Lomellina,election_source_name,1946-06-02,1946-06-02,official election source label
018187,Zenevredo,current_name,,2021-12-31,ISTAT geometry 2021
018188,Zerbo,current_name,,2021-12-31,ISTAT geometry 2021
018189,Zerbolò,current_name,,2021-12-31,ISTAT geometry 2021
018190,Zinasco,current_name,,2021-12-31,ISTAT geometry 2021
018191,BASTIDA DE' DOSSI,historical_name,1861-03-17,2014-02-03,ANPR historical archive
018191,CORNALE,historical_name,1861-03-17,2014-02-03,ANPR historical archive
018191,Cornale e Bastida,current_name,,2021-12-31,ISTAT geometry 2021
018192,CORTEOLONA,historical_name,1861-03-17,2015-12-31,ANPR historical archive
018192,Corteolona e Genzone,current_name,,2021-12-31,ISTAT geometry 2021
018192,GENZONE,historical_name,1861-03-17,2015-12-31,ANPR historical archive
018193,CANEVINO,historical_name,1947-11-26,2018-12-31,ANPR historical archive
018193,Colli Verdi,current_name,,2021-12-31,ISTAT geometry 2021
018193,POMETO,historical_name,1939-02-05,1947-11-26,ANPR historical archive
018193,RUINO,historical_name,1947-11-26,1950-02-18,ANPR historical archive
018193,VALVERDE,historical_name,1956-04-08,2018-12-31,ANPR historical archive
019001,Acquanegra,historical_name,,1863-01-10,ISTAT SITUAS report 104
019001,Acquanegra Cremonese,current_name,,2021-12-31,ISTAT geometry 2021
019002,Agnadello,current_name,,2021-12-31,ISTAT geometry 2021
019003,Annicco,current_name,,2021-12-31,ISTAT geometry 2021
019003,Barzaniga,historical_name,,1868-01-01,ISTAT SITUAS report 103
019004,Azzanello,current_name,,2021-12-31,ISTAT geometry 2021
019005,Bagnolo,historical_name,,1863-01-10,ISTAT SITUAS report 104
019005,Bagnolo Cremasco,current_name,,2021-12-31,ISTAT geometry 2021
019006,Bonemerse,current_name,,2021-12-31,ISTAT geometry 2021
019007,Bordolano,current_name,,2021-12-31,ISTAT geometry 2021
019009,Calvatone,current_name,,2021-12-31,ISTAT geometry 2021
019010,Camisano,current_name,,2021-12-31,ISTAT geometry 2021
019011,Campagnola Cremasca,current_name,,2021-12-31,ISTAT geometry 2021
019012,Capergnanica,current_name,,2021-12-31,ISTAT geometry 2021
019013,Cappella Cantone,current_name,,2021-12-31,ISTAT geometry 2021
019014,Cappella de' Picenardi,current_name,,2021-12-31,ISTAT geometry 2021
019015,Capralba,current_name,,2021-12-31,ISTAT geometry 2021
019016,Casalbuttano,historical_name,,1867-10-10,ISTAT SITUAS report 104
019016,Casalbuttano ed Uniti,current_name,,2021-12-31,ISTAT geometry 2021
019016,San Vito,historical_name,,1863-01-10,ISTAT SITUAS report 104
019016,San Vito e Modesto,historical_name,,1863-01-10,ISTAT SITUAS report 104
019017,Casale,historical_name,,1863-01-10,ISTAT SITUAS report 104
019017,Casale Cremasco,historical_name,,1863-01-10,ISTAT SITUAS report 104
019017,Casale Cremasco-Vidolasco,current_name,,2021-12-31,ISTAT geometry 2021
019018,Casaletto Ceredano,current_name,,2021-12-31,ISTAT geometry 2021
019019,Casaletto di Sopra,current_name,,2021-12-31,ISTAT geometry 2021
019020,Casaletto Vaprio,current_name,,2021-12-31,ISTAT geometry 2021
019021,Casalmaggiore,current_name,,2021-12-31,ISTAT geometry 2021
019022,Casalmorano,current_name,,2021-12-31,ISTAT geometry 2021
019022,Mirabello,historical_name,,1863-01-10,ISTAT SITUAS report 104
019022,Mirabello Ciria,historical_name,,1863-01-10,ISTAT SITUAS report 104
019023,Casteldidone,current_name,,2021-12-31,ISTAT geometry 2021
019024,Castel Gabbiano,current_name,,2021-12-31,ISTAT geometry 2021
019024,Gabbiano,historical_name,,1863-01-10,ISTAT SITUAS report 104
019025,Castelleone,current_name,,2021-12-31,ISTAT geometry 2021
019026,Breda dei Bugni,historical_name,,1868-08-19,ISTAT SITUAS report 104
019026,Castelverde,current_name,,2021-12-31,ISTAT geometry 2021
019026,San Martino in Beliseto,historical_name,,1868-08-19,ISTAT SITUAS report 98
019026,Tredossi,historical_name,,1866-01-22,ISTAT SITUAS report 98
019027,Castelvisconti,current_name,,2021-12-31,ISTAT geometry 2021
019028,Cella,historical_name,,1863-02-21,ISTAT SITUAS report 104
019028,Cella Dati,current_name,,2021-12-31,ISTAT geometry 2021
019028,Pugnolo,historical_name,,1868-07-04,ISTAT SITUAS report 103
019029,Chieve,current_name,,2021-12-31,ISTAT geometry 2021
019030,Cicognolo,current_name,,2021-12-31,ISTAT geometry 2021
019031,Cingia de' Botti,current_name,,2021-12-31,ISTAT geometry 2021
019032,Corte de' Cortesi,historical_name,,1868-01-01,ISTAT SITUAS report 104
019032,Corte de' Cortesi con Cignone,current_name,,2021-12-31,ISTAT geometry 2021
019033,Alfiano,historical_name,,1863-01-10,ISTAT SITUAS report 104
019033,Alfiano ed Uniti,historical_name,,1863-01-10,ISTAT SITUAS report 104
019033,Corte de' Frati,current_name,,2021-12-31,ISTAT geometry 2021
019034,Credera,historical_name,,1868-07-13,ISTAT SITUAS report 103
019034,Credera Rubbiano,current_name,,2021-12-31,ISTAT geometry 2021
019035,Castelnuovo,historical_name,,1863-02-04,ISTAT SITUAS report 104
019035,Castelnuovo Cremasco,historical_name,,1863-02-04,ISTAT SITUAS report 104
019035,Crema,current_name,,2021-12-31,ISTAT geometry 2021
019035,Ombriano,historical_name,,1866-02-09,ISTAT SITUAS report 103
019035,San Bernardino,historical_name,,1869-07-01,ISTAT SITUAS report 98
019035,Santa Maria della Croce,historical_name,,1875-07-01,ISTAT SITUAS report 103
019035,Vairano,historical_name,,1863-02-04,ISTAT SITUAS report 104
019035,Vairano Cremasco,historical_name,,1863-02-04,ISTAT SITUAS report 104
019036,Cremona,current_name,,2021-12-31,ISTAT geometry 2021
019036,Cremona ed Uniti,historical_name,,1920-03-14,ISTAT SITUAS report 103
019036,Duemiglia,historical_name,,1868-01-01,ISTAT SITUAS report 98
019037,Campagnola,historical_name,,1863-01-10,ISTAT SITUAS report 104
019037,Campagnola Cremasca,historical_name,,1863-01-10,ISTAT SITUAS report 104
019037,Cremosano,current_name,,2021-12-31,ISTAT geometry 2021
019038,Crotta d'Adda,current_name,,2021-12-31,ISTAT geometry 2021
019039,Cumignano,historical_name,,1863-01-10,ISTAT SITUAS report 104
019039,Cumignano sul Naviglio,current_name,,2021-12-31,ISTAT geometry 2021
019040,Derovere,current_name,,2021-12-31,ISTAT geometry 2021
019041,Dovera,current_name,,2021-12-31,ISTAT geometry 2021
019041,Roncadello,historical_name,,1864-12-07,ISTAT SITUAS report 104
019041,Roncadello d'Adda,historical_name,,1864-12-07,ISTAT SITUAS report 104
019043,Fiesco,current_name,,2021-12-31,ISTAT geometry 2021
019044,Formigara,current_name,,2021-12-31,ISTAT geometry 2021
019045,Gabbioneta-Binanuova,current_name,,2021-12-31,ISTAT geometry 2021
019046,Gadesco,historical_name,,1866-02-09,ISTAT SITUAS report 98
019046,Gadesco-Pieve Delmona,current_name,,2021-12-31,ISTAT geometry 2021
019046,Pieve Delmona,historical_name,,1866-02-12,ISTAT SITUAS report 98
019046,Prato,historical_name,,1863-01-10,ISTAT SITUAS report 104
019046,Prato Muzio,historical_name,,1863-01-10,ISTAT SITUAS report 104
019047,Genivolta,current_name,,2021-12-31,ISTAT geometry 2021
019048,Gerre de' Caprioli,current_name,,2021-12-31,ISTAT geometry 2021
019049,Gombito,current_name,,2021-12-31,ISTAT geometry 2021
019050,Grontardo,current_name,,2021-12-31,ISTAT geometry 2021
019051,Grumello,historical_name,,1863-01-10,ISTAT SITUAS report 104
019051,Grumello con Farvengo Cremonese,historical_name,,1863-01-10,ISTAT SITUAS report 104
019051,Grumello Cremonese ed Uniti,current_name,,2021-12-31,ISTAT geometry 2021
019052,Gussola,current_name,,2021-12-31,ISTAT geometry 2021
019053,Isola Dovarese,current_name,,2021-12-31,ISTAT geometry 2021
019054,Izano,current_name,,2021-12-31,ISTAT geometry 2021
019055,Madignano,current_name,,2021-12-31,ISTAT geometry 2021
019056,Malagnino,current_name,,2021-12-31,ISTAT geometry 2021
019057,Martignana,historical_name,,1863-02-04,ISTAT SITUAS report 104
019057,Martignana di Po,current_name,,2021-12-31,ISTAT geometry 2021
019058,Monte,historical_name,,1863-01-10,ISTAT SITUAS report 104
019058,Monte Cremasco,current_name,,2021-12-31,ISTAT geometry 2021
019059,Montodine,current_name,,2021-12-31,ISTAT geometry 2021
019060,Moscazzano,current_name,,2021-12-31,ISTAT geometry 2021
019061,Motta Baluffi,current_name,,2021-12-31,ISTAT geometry 2021
019062,Offanengo,current_name,,2021-12-31,ISTAT geometry 2021
019063,Olmeneta,current_name,,2021-12-31,ISTAT geometry 2021
019064,Ostiano,current_name,,2021-12-31,ISTAT geometry 2021
019065,Paderno,historical_name,,1863-01-10,ISTAT SITUAS report 104
019065,Paderno Cremonese,historical_name,,1878-12-31,ISTAT SITUAS report 104
019065,Paderno Fasolaro,historical_name,,1863-01-10,ISTAT SITUAS report 104
019065,PADERNO OSSOLARO,historical_name,1929-01-24,1950-12-09,ANPR historical archive
019065,Paderno Ponchielli,current_name,,2021-12-31,ISTAT geometry 2021
019066,Palazzo,historical_name,,1863-01-10,ISTAT SITUAS report 104
019066,Palazzo Pignano,current_name,,2021-12-31,ISTAT geometry 2021
019066,Palazzo Pugnano,historical_name,,1863-01-10,ISTAT SITUAS report 104
019067,Pandino,current_name,,2021-12-31,ISTAT geometry 2021
019068,Carpaneta con Dosimo,historical_name,,1868-01-01,ISTAT SITUAS report 98
019068,Persico,historical_name,,1868-01-01,ISTAT SITUAS report 98
019068,Persico d'Osimo,election_source_name,1946-06-02,1946-06-02,official election source label
019068,Persico Dosimo,current_name,,2021-12-31,ISTAT geometry 2021
019069,Pescarolo,historical_name,,1868-01-01,ISTAT SITUAS report 104
019069,Pescarolo ed Uniti,current_name,,2021-12-31,ISTAT geometry 2021
019070,Pessina,historical_name,,1863-01-10,ISTAT SITUAS report 104
019070,Pessina Cremonese,current_name,,2021-12-31,ISTAT geometry 2021
019072,Pianengo,current_name,,2021-12-31,ISTAT geometry 2021
019073,Pieranica,current_name,,2021-12-31,ISTAT geometry 2021
019074,Pieve d'Olmi,current_name,,2021-12-31,ISTAT geometry 2021
019075,Pieve San Giacomo,current_name,,2021-12-31,ISTAT geometry 2021
019076,Pizzighettone,current_name,,2021-12-31,ISTAT geometry 2021
019077,Casalsigone ed Uniti,historical_name,,1867-01-07,ISTAT SITUAS report 100
019077,Pozzaglio ed Uniti,current_name,,2021-12-31,ISTAT geometry 2021
019078,Quintano,current_name,,2021-12-31,ISTAT geometry 2021
019079,Ricengo,current_name,,2021-12-31,ISTAT geometry 2021
019080,Ripalta Arpina,current_name,,2021-12-31,ISTAT geometry 2021
019081,Ripalta Cremasca,current_name,,2021-12-31,ISTAT geometry 2021
019082,Ripalta Guerina,current_name,,2021-12-31,ISTAT geometry 2021
019083,Rivarolo del Re ed Uniti,current_name,,2021-12-31,ISTAT geometry 2021
019084,Rivolta,historical_name,,1863-09-20,ISTAT SITUAS report 104
019084,Rivolta d'Adda,current_name,,2021-12-31,ISTAT geometry 2021
019085,Robecco,historical_name,,1863-01-10,ISTAT SITUAS report 104
019085,Robecco d'Oglio,current_name,,2021-12-31,ISTAT geometry 2021
019086,Romanengo,current_name,,2021-12-31,ISTAT geometry 2021
019087,Albera,historical_name,,1863-05-12,ISTAT SITUAS report 104
019087,Salvirola,current_name,,2021-12-31,ISTAT geometry 2021
019087,Salvirola Cremasca,historical_name,,1868-08-01,ISTAT SITUAS report 103
019087,Triburgo,historical_name,,1863-05-12,ISTAT SITUAS report 104
019088,San Bassano,current_name,,2021-12-31,ISTAT geometry 2021
019089,San Daniele,historical_name,,1868-01-01,ISTAT SITUAS report 104
019089,San Daniele Po,current_name,,2021-12-31,ISTAT geometry 2021
019089,SAN DANIELE RIPA PO,historical_name,1868-01-01,1955-11-17,ANPR historical archive
019090,San Giovanni in Croce,current_name,,2021-12-31,ISTAT geometry 2021
019091,San Martino del Lago,current_name,,2021-12-31,ISTAT geometry 2021
019092,Scandolara Ravara,current_name,,2021-12-31,ISTAT geometry 2021
019093,Scandolara Ripa d'Oglio,current_name,,2021-12-31,ISTAT geometry 2021
019094,Sergnano,current_name,,2021-12-31,ISTAT geometry 2021
019095,Sesto,historical_name,,1868-01-01,ISTAT SITUAS report 104
019095,Sesto ed Uniti,current_name,,2021-12-31,ISTAT geometry 2021
019096,Solarolo Rainerio,current_name,,2021-12-31,ISTAT geometry 2021
019097,Soncino,current_name,,2021-12-31,ISTAT geometry 2021
019098,Soresina,current_name,,2021-12-31,ISTAT geometry 2021
019099,Sospiro,current_name,,2021-12-31,ISTAT geometry 2021
019100,Spinadesco,current_name,,2021-12-31,ISTAT geometry 2021
019101,Spineda,current_name,,2021-12-31,ISTAT geometry 2021
019102,Spino,historical_name,,1863-01-10,ISTAT SITUAS report 104
019102,Spino d'Adda,current_name,,2021-12-31,ISTAT geometry 2021
019103,Stagno Lombardo,current_name,,2021-12-31,ISTAT geometry 2021
019103,Stagno Pagliaro,historical_name,,1868-01-01,ISTAT SITUAS report 104
019104,Ticengo,current_name,,2021-12-31,ISTAT geometry 2021
019105,TORLINO,historical_name,1861-03-17,1961-03-31,ANPR historical archive
019105,Torlino Vimercati,current_name,,2021-12-31,ISTAT geometry 2021
019106,Tornata,current_name,,2021-12-31,ISTAT geometry 2021
019107,CA' D'ANDREA,historical_name,1869-01-28,2018-12-31,ANPR historical archive
019107,Torre de' Picenardi,current_name,,2021-12-31,ISTAT geometry 2021
019107,Torre Malamberti,historical_name,,1868-01-01,ISTAT SITUAS report 104
019108,Torricella del Pizzo,current_name,,2021-12-31,ISTAT geometry 2021
019109,Trescore,historical_name,,1915-08-08,ISTAT SITUAS report 104
019109,Trescore Cremasco,current_name,,2021-12-31,ISTAT geometry 2021
019110,Trigolo,current_name,,2021-12-31,ISTAT geometry 2021
019111,Vaiano,historical_name,,1863-01-10,ISTAT SITUAS report 104
019111,Vaiano Cremasco,current_name,,2021-12-31,ISTAT geometry 2021
019112,Vailate,current_name,,2021-12-31,ISTAT geometry 2021
019113,Ca' de' Stefani,historical_name,,1869-08-01,ISTAT SITUAS report 98
019113,Vescovato,current_name,,2021-12-31,ISTAT geometry 2021
019114,Volongo,current_name,,2021-12-31,ISTAT geometry 2021
019115,Voltido,current_name,,2021-12-31,ISTAT geometry 2021
019116,Castelfranco,historical_name,,1863-01-10,ISTAT SITUAS report 104
019116,Castelfranco d'Oglio,historical_name,,1863-01-10,ISTAT SITUAS report 104
019116,DRIZZONA,historical_name,1868-01-01,2018-12-31,ANPR historical archive
019116,PIADENA,historical_name,1928-05-04,2018-12-31,ANPR historical archive
019116,Piadena Drizzona,current_name,,2021-12-31,ISTAT geometry 2021
019116,Pontirolo,historical_name,,1863-01-10,ISTAT SITUAS report 104
019116,Pontirolo Capredoni,historical_name,,1863-01-10,ISTAT SITUAS report 104
019116,Vho,historical_name,,1868-01-01,ISTAT SITUAS report 98
020001,Acquanegra,historical_name,,1862-12-18,ISTAT SITUAS report 104
020001,Acquanegra sul Chiese,current_name,,2021-12-31,ISTAT geometry 2021
020002,Asola,current_name,,2021-12-31,ISTAT geometry 2021
020003,Bagnolo San Vito,current_name,,2021-12-31,ISTAT geometry 2021
020007,Bozzolo,current_name,,2021-12-31,ISTAT geometry 2021
020008,Canneto,historical_name,,1862-12-18,ISTAT SITUAS report 104
020008,Canneto sull'Oglio,current_name,,2021-12-31,ISTAT geometry 2021
020010,Casalmoro,current_name,,2021-12-31,ISTAT geometry 2021
020011,Casaloldo,current_name,,2021-12-31,ISTAT geometry 2021
020012,Casalromano,current_name,,2021-12-31,ISTAT geometry 2021
020013,Castelbelforte,current_name,,2021-12-31,ISTAT geometry 2021
020014,Castel d'Ario,current_name,,2021-12-31,ISTAT geometry 2021
020014,Castellaro,historical_name,,1866-11-20,ISTAT SITUAS report 100
020015,Casalpoglio,historical_name,,1868-07-01,ISTAT SITUAS report 105
020015,Castel Goffredo,current_name,,2021-12-31,ISTAT geometry 2021
020016,Castellucchio,current_name,,2021-12-31,ISTAT geometry 2021
020017,Castiglione delle Stiviere,current_name,,2021-12-31,ISTAT geometry 2021
020018,Cavriana,current_name,,2021-12-31,ISTAT geometry 2021
020019,Ceresara,current_name,,2021-12-31,ISTAT geometry 2021
020020,Commessaggio,current_name,,2021-12-31,ISTAT geometry 2021
020021,Curtatone,current_name,,2021-12-31,ISTAT geometry 2021
020022,Dosolo,current_name,,2021-12-31,ISTAT geometry 2021
020024,Gazoldo degli Ippoliti,current_name,,2021-12-31,ISTAT geometry 2021
020024,Gazzoldo,historical_name,,1868-07-01,ISTAT SITUAS report 105
020025,Gazzuolo,current_name,,2021-12-31,ISTAT geometry 2021
020026,Goito,current_name,,2021-12-31,ISTAT geometry 2021
020027,Gonzaga,current_name,,2021-12-31,ISTAT geometry 2021
020028,Guidizzolo,current_name,,2021-12-31,ISTAT geometry 2021
020029,Magnacavallo,current_name,,2021-12-31,ISTAT geometry 2021
020030,Mantova,current_name,,2021-12-31,ISTAT geometry 2021
020031,Marcaria,current_name,,2021-12-31,ISTAT geometry 2021
020032,Mariana,historical_name,,1868-07-01,ISTAT SITUAS report 105
020032,Mariana Mantovana,current_name,,2021-12-31,ISTAT geometry 2021
020033,Marmirolo,current_name,,2021-12-31,ISTAT geometry 2021
020034,Medole,current_name,,2021-12-31,ISTAT geometry 2021
020035,Moglia,current_name,,2021-12-31,ISTAT geometry 2021
020036,Monzambano,current_name,,2021-12-31,ISTAT geometry 2021
020037,Borgoforte a Destra,historical_name,,1866-11-20,ISTAT SITUAS report 100
020037,Motteggiana,current_name,,2021-12-31,ISTAT geometry 2021
020038,Ostiglia,current_name,,2021-12-31,ISTAT geometry 2021
020039,Pegognaga,current_name,,2021-12-31,ISTAT geometry 2021
020041,Piubega,current_name,,2021-12-31,ISTAT geometry 2021
020042,Poggio,historical_name,,1866-11-20,ISTAT SITUAS report 100
020042,Poggio Rusco,current_name,,2021-12-31,ISTAT geometry 2021
020043,Pomponesco,current_name,,2021-12-31,ISTAT geometry 2021
020044,Ponti,historical_name,,1866-11-20,ISTAT SITUAS report 100
020044,Ponti sul Mincio,current_name,,2021-12-31,ISTAT geometry 2021
020045,Porto Mantovano,current_name,,2021-12-31,ISTAT geometry 2021
020046,Quingentole,current_name,,2021-12-31,ISTAT geometry 2021
020047,Quistello,current_name,,2021-12-31,ISTAT geometry 2021
020048,Redondesco,current_name,,2021-12-31,ISTAT geometry 2021
020050,Rivarolo Fuori,historical_name,,1868-07-01,ISTAT SITUAS report 105
020050,Rivarolo Mantovano,current_name,,2021-12-31,ISTAT geometry 2021
020051,Rodigo,current_name,,2021-12-31,ISTAT geometry 2021
020052,Roncoferraro,current_name,,2021-12-31,ISTAT geometry 2021
020053,Roverbella,current_name,,2021-12-31,ISTAT geometry 2021
020054,Sabbioneta,current_name,,2021-12-31,ISTAT geometry 2021
020055,San Benedetto,historical_name,,1866-11-20,ISTAT SITUAS report 100
020055,San Benedetto O,election_source_name,1999-06-13,1999-06-13,official election source label
020055,San Benedetto Po,current_name,,2021-12-31,ISTAT geometry 2021
020056,San Giacomo delle Segnate,current_name,,2021-12-31,ISTAT geometry 2021
020057,BIGARELLO,historical_name,1866-11-19,1980-06-14,ANPR historical archive
020057,San Giorgio,historical_name,,1866-11-20,ISTAT SITUAS report 100
020057,San Giorgio Bigarello,current_name,,2021-12-31,ISTAT geometry 2021
020057,SAN GIORGIO DI MANTOVA,historical_name,1943-02-24,1980-06-14,ANPR historical archive
020058,San Giovanni del Dosso,current_name,,2021-12-31,ISTAT geometry 2021
020059,San Martino dall'Argine,current_name,,2021-12-31,ISTAT geometry 2021
020060,Schivenoglia,current_name,,2021-12-31,ISTAT geometry 2021
020061,FELONICA,historical_name,1866-11-19,2017-02-28,ANPR historical archive
020061,SERMIDE,historical_name,1866-11-19,2017-02-28,ANPR historical archive
020061,Sermide e Felonica,current_name,,2021-12-31,ISTAT geometry 2021
020062,Serravalle,historical_name,,1866-11-20,ISTAT SITUAS report 100
020062,Serravalle a Po,current_name,,2021-12-31,ISTAT geometry 2021
020063,Solferino,current_name,,2021-12-31,ISTAT geometry 2021
020064,Sustinente,current_name,,2021-12-31,ISTAT geometry 2021
020065,Suzzara,current_name,,2021-12-31,ISTAT geometry 2021
020066,Viadana,current_name,,2021-12-31,ISTAT geometry 2021
020068,Villimpenta,current_name,,2021-12-31,ISTAT geometry 2021
020070,Volta Mantovana,current_name,,2021-12-31,ISTAT geometry 2021
020071,Borgo Virgilio,current_name,,2021-12-31,ISTAT geometry 2021
020071,BORGOFORTE,historical_name,1872-01-01,2014-02-03,ANPR historical archive
020071,Quattroville,historical_name,,1866-11-20,ISTAT SITUAS report 100
020071,VIRGILIO,historical_name,1925-03-21,2014-02-03,ANPR historical archive
020072,Borgo Mantovano,current_name,,2021-12-31,ISTAT geometry 2021
020072,Mulo,historical_name,,1866-11-20,ISTAT SITUAS report 100
020072,Pieve,historical_name,,1866-11-20,ISTAT SITUAS report 100
020072,PIEVE DI CORIANO,historical_name,1867-06-24,2017-12-31,ANPR historical archive
020072,REVERE,historical_name,1866-11-19,2017-12-31,ANPR historical archive
020072,VILLA POMA,historical_name,1869-02-08,2017-12-31,ANPR historical archive
020073,Borgocarbonara,current_name,,2021-12-31,ISTAT geometry 2021
020073,Borgofranco,historical_name,,1866-11-20,ISTAT SITUAS report 100
020073,BORGOFRANCO SUL PO,historical_name,1867-06-24,2018-12-31,ANPR historical archive
020073,Carbonara,historical_name,,1866-11-20,ISTAT SITUAS report 100
020073,CARBONARA DI PO,historical_name,1867-06-24,2018-12-31,ANPR historical archive
021001,ALDEIN,alternate_name,1948-03-14,1955-03-01,ANPR historical archive
021001,Aldino,current_name,,2021-12-31,ISTAT geometry 2021
021001,Aldino/Aldein,historical_name,,1955-03-02,ISTAT SITUAS report 104
021001,VALDAGNO,historical_name,1948-03-14,1955-03-01,ANPR historical archive
021001,Valdagno/Aldein,historical_name,,1948-03-14,ISTAT SITUAS report 104
021002,ANDRIAN,alternate_name,1953-05-23,9999-12-31,ANPR historical archive
021002,Andriano,current_name,,2021-12-31,ISTAT geometry 2021
021002,Andriano/Andrian,historical_name,,1929-01-01,ISTAT SITUAS report 98
021003,ALTREI,alternate_name,1948-03-14,9999-12-31,ANPR historical archive
021003,Anterivo,current_name,,2021-12-31,ISTAT geometry 2021
021003,Anterivo/Altrei,historical_name,,1925-10-22,ISTAT SITUAS report 103
021004,Aiano sulla Strada del Vino,election_source_name,1999-06-13,1999-06-13,official election source label
021004,APPIANO,historical_name,1927-01-12,1971-09-21,ANPR historical archive
021004,Appiano/Eppan,historical_name,,1920-10-16,ISTAT SITUAS report 100
021004,Appiano sulla strada del vino,current_name,,2021-12-31,ISTAT geometry 2021
021004,Appiano sulla strada del vino/Eppan an der Weinstraße,historical_name,,1971-09-22,ISTAT SITUAS report 104
021004,Appiano sulla Strada del Vino/Eppan An Der Weinstrasse,election_source_name,2014-05-25,2014-05-25,official election source label
021004,EPPAN,alternate_name,1927-01-12,1971-09-21,ANPR historical archive
021004,EPPAN AN DER WEINSTRAßE,alternate_name,1971-09-22,9999-12-31,ANPR historical archive
021005,Avelengo,current_name,,2021-12-31,ISTAT geometry 2021
021005,Avelengo/Hafling,historical_name,,1931-06-13,ISTAT SITUAS report 98
021005,HAFLING,alternate_name,1957-06-12,9999-12-31,ANPR historical archive
021006,ABTEI,alternate_name,1927-01-12,9999-12-31,ANPR historical archive
021006,Badia,current_name,,2021-12-31,ISTAT geometry 2021
021006,Badia/Abtei,historical_name,,1920-10-16,ISTAT SITUAS report 100
021007,BARBIAN,alternate_name,1927-01-12,9999-12-31,ANPR historical archive
021007,Barbiano,current_name,,2021-12-31,ISTAT geometry 2021
021007,Barbiano/Barbian,historical_name,,1920-10-16,ISTAT SITUAS report 100
021008,Bolzano,current_name,,2021-12-31,ISTAT geometry 2021
021008,Bolzano/Bozen,historical_name,,1920-10-16,ISTAT SITUAS report 100
021008,BOZEN,alternate_name,1927-01-12,9999-12-31,ANPR historical archive
021008,Grìes di Bolzano/Gries,historical_name,,1920-10-16,ISTAT SITUAS report 100
021008,Gries/Gries,historical_name,,1923-04-27,ISTAT SITUAS report 104
021009,Braies,current_name,,2021-12-31,ISTAT geometry 2021
021009,Braies/Prags,historical_name,,1920-10-16,ISTAT SITUAS report 100
021009,PRAGS,alternate_name,1927-01-12,9999-12-31,ANPR historical archive
021010,BRENNER,alternate_name,1929-05-03,9999-12-31,ANPR historical archive
021010,Brennero,current_name,,2021-12-31,ISTAT geometry 2021
021010,Brennero/Brenner,historical_name,,1929-05-03,ISTAT SITUAS report 104
021010,Colle Isarco/Gossensass,historical_name,,1920-10-16,ISTAT SITUAS report 100
021010,Fleres/Pflersch,historical_name,,1920-10-16,ISTAT SITUAS report 100
021010,San Valentino al Brennero/Brenner,historical_name,,1920-10-16,ISTAT SITUAS report 100
021011,Albes/Albeins,historical_name,,1920-10-16,ISTAT SITUAS report 100
021011,Bressanone,current_name,,2021-12-31,ISTAT geometry 2021
021011,Bressanone/Brixen,historical_name,,1920-10-16,ISTAT SITUAS report 100
021011,BRIXEN,alternate_name,1941-01-07,2013-05-16,ANPR historical archive
021011,Eores/Afers,historical_name,,1920-10-16,ISTAT SITUAS report 100
021011,Millan-Sarnes/Milland-Sarns,historical_name,,1920-10-16,ISTAT SITUAS report 100
021011,Monteponente/Pfeffersberg,historical_name,,1920-10-16,ISTAT SITUAS report 100
021011,Sant'Andrea in Monte/St. Andrä,historical_name,,1920-10-16,ISTAT SITUAS report 100
021012,BRANZOLL,alternate_name,1948-03-14,9999-12-31,ANPR historical archive
021012,Bronzolo,current_name,,2021-12-31,ISTAT geometry 2021
021012,Bronzolo/Branzoll,historical_name,,1920-10-16,ISTAT SITUAS report 100
021013,BRUNECK,alternate_name,1928-04-04,9999-12-31,ANPR historical archive
021013,Brunico,current_name,,2021-12-31,ISTAT geometry 2021
021013,Brunico/Bruneck,historical_name,,1920-10-16,ISTAT SITUAS report 100
021013,Raissa/Reischach,historical_name,,1920-10-16,ISTAT SITUAS report 100
021013,Riscone/Reischach,historical_name,,1923-04-27,ISTAT SITUAS report 104
021013,San Giorgio in Val Tures/St. Georgen,historical_name,,1920-10-16,ISTAT SITUAS report 100
021013,San Giorgio/St. Georgen,historical_name,,1923-04-27,ISTAT SITUAS report 104
021013,Teodona/Dietenheim,historical_name,,1920-10-16,ISTAT SITUAS report 100
021013,Teodone/Dietenheim,historical_name,,1923-04-27,ISTAT SITUAS report 104
021013,Villa Santa Caterina/Aufhofen,historical_name,,1920-10-16,ISTAT SITUAS report 100
021014,Caines,current_name,,2021-12-31,ISTAT geometry 2021
021014,Caines/Kuens,historical_name,,1920-10-16,ISTAT SITUAS report 100
021014,KUENS,alternate_name,1927-01-12,9999-12-31,ANPR historical archive
021015,CALDARO,historical_name,1927-01-12,1971-09-21,ANPR historical archive
021015,Caldaro/Kaltern,historical_name,,1920-10-16,ISTAT SITUAS report 100
021015,Caldaro sulla strada del vino,current_name,,2021-12-31,ISTAT geometry 2021
021015,Caldaro sulla strada del vino/Kaltern an der Weinstraße,historical_name,,1971-09-22,ISTAT SITUAS report 104
021015,Caldaro sulla Strada del Vino/Kaltern An Der Weinstrasse,election_source_name,2014-05-25,2014-05-25,official election source label
021015,KALTERN,alternate_name,1927-01-12,1971-09-21,ANPR historical archive
021015,KALTERN AN DER WEINSTRAßE,alternate_name,1971-09-22,1989-09-05,ANPR historical archive
021016,Campo di Trens,current_name,,2021-12-31,ISTAT geometry 2021
021016,Campo di Trens/Freienfeld,historical_name,,1928-12-09,ISTAT SITUAS report 100
021016,FREIENFELD,alternate_name,1928-12-09,9999-12-31,ANPR historical archive
021016,Mules/Mauls,historical_name,,1920-10-16,ISTAT SITUAS report 100
021016,Stilves/Stilfes,historical_name,,1920-10-16,ISTAT SITUAS report 100
021016,Trens/Trens,historical_name,,1920-10-16,ISTAT SITUAS report 100
021017,Acereto/Ahornach,historical_name,,1920-10-16,ISTAT SITUAS report 100
021017,Caminata in Tures/Kematen,historical_name,,1920-10-16,ISTAT SITUAS report 100
021017,Campo Tures,current_name,,2021-12-31,ISTAT geometry 2021
021017,Campo Tures/Sand in Taufers,historical_name,,1920-10-16,ISTAT SITUAS report 100
021017,Molini di Tures/Mühlen,historical_name,,1920-10-16,ISTAT SITUAS report 100
021017,Riva di Tures/Rain,historical_name,,1923-04-27,ISTAT SITUAS report 104
021017,Riva in Valle/Rain,historical_name,,1920-10-16,ISTAT SITUAS report 100
021017,SAND IN TAUFERS,alternate_name,1929-02-08,9999-12-31,ANPR historical archive
021018,Castelbello-Ciardes,current_name,,2021-12-31,ISTAT geometry 2021
021018,Castelbello-Ciardes/Kastelbell-Tschars,historical_name,,1929-02-14,ISTAT SITUAS report 100
021018,Castelbello/Kastelbell,historical_name,,1920-10-16,ISTAT SITUAS report 100
021018,Ciardes/Tschars,historical_name,,1923-04-27,ISTAT SITUAS report 104
021018,Ciars/Tschars,historical_name,,1920-10-16,ISTAT SITUAS report 100
021018,Colsano/Galsaun,historical_name,,1920-10-16,ISTAT SITUAS report 100
021018,KASTELBELL-TSCHARS,alternate_name,1929-02-14,1980-08-19,ANPR historical archive
021018,Lacigno/Latschinig,historical_name,,1920-10-16,ISTAT SITUAS report 100
021018,Lacinigo/Latschinig,historical_name,,1923-04-27,ISTAT SITUAS report 104
021018,Montefontana/Tomberg,historical_name,,1920-10-16,ISTAT SITUAS report 100
021019,Castelrotto,current_name,,2021-12-31,ISTAT geometry 2021
021019,Castelrotto/Kastelruth,historical_name,,1920-10-16,ISTAT SITUAS report 100
021019,KASTELRUTH,alternate_name,1927-01-12,1986-09-16,ANPR historical archive
021020,Acernes/Tscherms,historical_name,,1920-10-16,ISTAT SITUAS report 100
021020,Cermes,current_name,,2021-12-31,ISTAT geometry 2021
021020,Cermes/Tscherms,historical_name,,1923-04-27,ISTAT SITUAS report 104
021020,TSCHERMS,alternate_name,1927-01-12,1985-10-22,ANPR historical archive
021021,Casteldarne/Ehrenburg,historical_name,,1923-04-27,ISTAT SITUAS report 104
021021,Castello di Pusteria/Ehrenburg,historical_name,,1920-10-16,ISTAT SITUAS report 100
021021,Chienes,current_name,,2021-12-31,ISTAT geometry 2021
021021,Chienes/Kiens,historical_name,,1920-10-16,ISTAT SITUAS report 100
021021,Corte in Pusteria/Hofern,historical_name,,1920-10-16,ISTAT SITUAS report 100
021021,Corti in Pusteria/Hofern,historical_name,,1923-04-27,ISTAT SITUAS report 104
021021,KIENS,alternate_name,1929-03-24,9999-12-31,ANPR historical archive
021021,Monghezzo di Fuori/Getzenberg,historical_name,,1923-04-27,ISTAT SITUAS report 104
021021,Monghezzo Esterno/Getzenberg,historical_name,,1920-10-16,ISTAT SITUAS report 100
021021,San Sigismondo/St. Sigmund,historical_name,,1920-10-16,ISTAT SITUAS report 100
021022,Chiusa,current_name,,2021-12-31,ISTAT geometry 2021
021022,Chiusa all'Isarco/Klausen,historical_name,,1920-10-16,ISTAT SITUAS report 100
021022,Chiusa/Klausen,historical_name,,1923-04-27,ISTAT SITUAS report 104
021022,Gudon/Gufidaun,historical_name,,1920-10-16,ISTAT SITUAS report 100
021022,KLAUSEN,alternate_name,1929-06-04,1960-11-22,ANPR historical archive
021022,Lazfons/Latzfons,historical_name,,1920-10-16,ISTAT SITUAS report 100
021022,Velturno/Feldthurns,historical_name,,1920-10-16,ISTAT SITUAS report 100
021023,Carnedo/Karneid,historical_name,,1920-10-16,ISTAT SITUAS report 100
021023,Cornedo all'Isarco,current_name,,2021-12-31,ISTAT geometry 2021
021023,Cornedo all'Isarco/Karneid,historical_name,,1929-04-13,ISTAT SITUAS report 104
021023,Cornedo/Karneid,historical_name,,1923-04-27,ISTAT SITUAS report 104
021023,KARNEID,alternate_name,1929-04-13,9999-12-31,ANPR historical archive
021024,CORTACCIA,historical_name,1948-03-14,1971-09-21,ANPR historical archive
021024,Cortaccia/Kurtatsch,historical_name,,1920-10-16,ISTAT SITUAS report 100
021024,Cortaccia sulla strada del vino,current_name,,2021-12-31,ISTAT geometry 2021
021024,Cortaccia sulla strada del vino/Kurtatsch an der Weinstraße,historical_name,,1971-09-22,ISTAT SITUAS report 104
021024,Cortaccia sulla Strada del Vino/Kurtatsch An Der Weinstrasse,election_source_name,2014-05-25,2014-05-25,official election source label
021024,KURTATSCH,alternate_name,1948-03-14,1971-09-21,ANPR historical archive
021024,KURTATSCH AN DER WEINSTRAßE,alternate_name,1971-09-22,1978-01-31,ANPR historical archive
021025,CORTINA ALL'ADIGE,historical_name,1952-05-17,1971-09-21,ANPR historical archive
021025,Cortina all'Adige/Kurtinig,historical_name,,1952-05-17,ISTAT SITUAS report 100
021025,Cortina sulla strada del vino,current_name,,2021-12-31,ISTAT geometry 2021
021025,Cortina sulla strada del vino/Kurtinig an der Weinstraße,historical_name,,1971-09-22,ISTAT SITUAS report 104
021025,Cortina sulla Strada del Vino/Kurtinig An Der Weinstrasse,election_source_name,2014-05-25,2014-05-25,official election source label
021025,KURTINIG,alternate_name,1952-05-17,1971-09-21,ANPR historical archive
021025,KURTINIG AN DER WEINSTRAßE,alternate_name,1971-09-22,9999-12-31,ANPR historical archive
021026,Colfosco/Colfosco,historical_name,,1920-10-16,ISTAT SITUAS report 100
021026,CORVARA,alternate_name,1938-10-17,9999-12-31,ANPR historical archive
021026,Corvara in Badia,current_name,,2021-12-31,ISTAT geometry 2021
021026,Corvara in Badia/Corvara,historical_name,,1920-10-16,ISTAT SITUAS report 100
021026,Ladinia/Corvara,historical_name,,1925-09-15,ISTAT SITUAS report 98
021027,Corona alla Muta/Graun,historical_name,,1920-10-16,ISTAT SITUAS report 100
021027,Curon/Graun,historical_name,,1923-04-27,ISTAT SITUAS report 104
021027,Curon Venosta,current_name,,2021-12-31,ISTAT geometry 2021
021027,Curon Venosta/Graun im Vinschgau,historical_name,,1928-06-15,ISTAT SITUAS report 100
021027,GRAUN IM VINSCHGAU,alternate_name,1928-06-15,9999-12-31,ANPR historical archive
021027,Resia all'Adige/Reschen,historical_name,,1920-10-16,ISTAT SITUAS report 100
021027,Resia/Reschen,historical_name,,1923-04-27,ISTAT SITUAS report 104
021027,San Valentino alla Muta/St. Valentin auf der Haide,historical_name,,1920-10-16,ISTAT SITUAS report 100
021027,San Valentino alla Mutta/St. Valentin auf der Haide,historical_name,,1923-04-27,ISTAT SITUAS report 104
021027,Vallelunga Carlino/Langtaufers,historical_name,,1920-10-16,ISTAT SITUAS report 100
021027,Vallelunga/Langtaufers,historical_name,,1923-04-27,ISTAT SITUAS report 104
021028,Dobbiaco,current_name,,2021-12-31,ISTAT geometry 2021
021028,Dobbiaco/Toblach,historical_name,,1920-10-16,ISTAT SITUAS report 100
021028,TOBLACH,alternate_name,1928-03-13,9999-12-31,ANPR historical archive
021028,Valle San Silvestro/Wahlen,historical_name,,1920-10-16,ISTAT SITUAS report 100
021029,Egna,current_name,,2021-12-31,ISTAT geometry 2021
021029,Egna/Neumarkt,historical_name,,1920-10-16,ISTAT SITUAS report 100
021029,NEUMARKT,alternate_name,1948-03-14,2005-05-03,ANPR historical archive
021030,Cissico/Issing,historical_name,,1920-10-16,ISTAT SITUAS report 100
021030,Falzes,current_name,,2021-12-31,ISTAT geometry 2021
021030,Falzes/Pfalzen,historical_name,,1920-10-16,ISTAT SITUAS report 100
021030,Grimaldo/Greinwalden,historical_name,,1923-04-27,ISTAT SITUAS report 104
021030,Issengo/Issing,historical_name,,1923-04-27,ISTAT SITUAS report 104
021030,PFALZEN,alternate_name,1928-03-07,9999-12-31,ANPR historical archive
021030,Villa in Selva/Greinwalden,historical_name,,1920-10-16,ISTAT SITUAS report 100
021031,FIÈ,historical_name,1927-01-12,1971-08-17,ANPR historical archive
021031,Fiè allo Sciliar,current_name,,2021-12-31,ISTAT geometry 2021
021031,Fie' Allo Sciliar/Víls Am Schlern,election_source_name,2018-03-04,2018-03-04,official election source label
021031,Fie' Allo Sciliar/Voels Am Schlern,election_source_name,2014-05-25,2014-05-25,official election source label
021031,Fiè allo Sciliar/Völs am Schlern,historical_name,,1971-08-18,ISTAT SITUAS report 104
021031,Fiè/Völs,historical_name,,1920-10-16,ISTAT SITUAS report 100
021031,VÖLS,alternate_name,1927-01-12,1971-08-17,ANPR historical archive
021031,VÖLS AM SCHLERN,alternate_name,1971-08-18,9999-12-31,ANPR historical archive
021032,Fortezza,current_name,,2021-12-31,ISTAT geometry 2021
021032,Fortezza/Franzensfeste,historical_name,,1942-05-07,ISTAT SITUAS report 104
021032,FRANZENSFESTE,alternate_name,1942-01-27,1973-08-14,ANPR historical archive
021032,Mezzaselva all'Isarco/Mittewald Am Eisak,historical_name,,1920-10-16,ISTAT SITUAS report 100
021032,Mezzaselva/Mittewald,historical_name,,1923-04-27,ISTAT SITUAS report 104
021033,Funes,current_name,,2021-12-31,ISTAT geometry 2021
021033,Funes/Villníss,election_source_name,2018-03-04,2018-03-04,official election source label
021033,Funes/Villnöß,historical_name,,1920-10-16,ISTAT SITUAS report 100
021033,Funes/Villnoess,election_source_name,2014-05-25,2014-05-25,official election source label
021033,Funes/Villnöss,election_source_name,2019-05-26,2019-05-26,official election source label
021033,Tisa/Theis,historical_name,,1920-10-16,ISTAT SITUAS report 100
021033,Tiso/Teis,historical_name,,1923-04-27,ISTAT SITUAS report 104
021033,VILLNÖß,alternate_name,1929-04-11,9999-12-31,ANPR historical archive
021034,Gais,current_name,,2021-12-31,ISTAT geometry 2021
021034,Gais/Gais,historical_name,,1920-10-16,ISTAT SITUAS report 100
021034,Montassilo/Tesselberg,historical_name,,1920-10-16,ISTAT SITUAS report 100
021034,Montassilone/Tesselberg,historical_name,,1923-04-27,ISTAT SITUAS report 104
021034,Riomolino/Mühlbach,historical_name,,1920-10-16,ISTAT SITUAS report 100
021034,Villa d'Uta/Uttenhein,historical_name,,1920-10-16,ISTAT SITUAS report 100
021034,Villa Ottone/Uttenhein,historical_name,,1923-04-27,ISTAT SITUAS report 104
021035,GARGAZON,alternate_name,1927-01-12,1993-04-13,ANPR historical archive
021035,Gargazzone,current_name,,2021-12-31,ISTAT geometry 2021
021035,Gargazzone/Gargazon,historical_name,,1920-10-16,ISTAT SITUAS report 100
021036,Glorenza,current_name,,2021-12-31,ISTAT geometry 2021
021036,Glorenza/Glurns,historical_name,,1920-10-16,ISTAT SITUAS report 100
021036,GLURNS,alternate_name,1927-01-12,9999-12-31,ANPR historical archive
021037,Colderano/Goldrain,historical_name,,1920-10-16,ISTAT SITUAS report 100
021037,Coldrano/Goldrain,historical_name,,1923-04-27,ISTAT SITUAS report 104
021037,Laces,current_name,,2021-12-31,ISTAT geometry 2021
021037,Laces/Latsch,historical_name,,1920-10-16,ISTAT SITUAS report 100
021037,LATSCH,alternate_name,1928-12-09,9999-12-31,ANPR historical archive
021037,Morter/Morter,historical_name,,1920-10-16,ISTAT SITUAS report 100
021037,San Martino al Monte/St. Martin am Vorberg,historical_name,,1920-10-16,ISTAT SITUAS report 100
021037,Tarres di Sotto/Tarsch,historical_name,,1920-10-16,ISTAT SITUAS report 100
021037,Tarres/Tarsch,historical_name,,1923-04-27,ISTAT SITUAS report 104
021038,ALGUND,alternate_name,1927-01-12,1958-04-15,ANPR historical archive
021038,Lagundo,current_name,,2021-12-31,ISTAT geometry 2021
021038,Lagundo/Algund,historical_name,,1920-10-16,ISTAT SITUAS report 100
021039,LAJEN,alternate_name,1929-06-04,9999-12-31,ANPR historical archive
021039,Laion,current_name,,2021-12-31,ISTAT geometry 2021
021039,Laion/Lajen,historical_name,,1920-10-16,ISTAT SITUAS report 100
021040,Laives,current_name,,2021-12-31,ISTAT geometry 2021
021040,Laives/Leifers,historical_name,,1920-10-16,ISTAT SITUAS report 100
021040,LEIFERS,alternate_name,1927-01-12,9999-12-31,ANPR historical archive
021041,Foiana/Völlan,historical_name,,1920-10-16,ISTAT SITUAS report 100
021041,Lana,current_name,,2021-12-31,ISTAT geometry 2021
021041,Lana/Lana,historical_name,,1920-10-16,ISTAT SITUAS report 100
021042,Alliz/Allitz,historical_name,,1920-10-16,ISTAT SITUAS report 100
021042,Cengles/Tschengls,historical_name,,1920-10-16,ISTAT SITUAS report 100
021042,LAAS,alternate_name,1929-05-14,9999-12-31,ANPR historical archive
021042,Lasa,current_name,,2021-12-31,ISTAT geometry 2021
021042,Lasa/Laas,historical_name,,1920-10-16,ISTAT SITUAS report 100
021042,Oris/Eyrs,historical_name,,1920-10-16,ISTAT SITUAS report 100
021042,Tanas/Tannas,historical_name,,1920-10-16,ISTAT SITUAS report 100
021043,Lauregno,current_name,,2021-12-31,ISTAT geometry 2021
021043,Lauregno/Laurein,historical_name,,1948-03-14,ISTAT SITUAS report 100
021043,LAUREIN,alternate_name,1948-03-14,9999-12-31,ANPR historical archive
021044,LÜSEN,alternate_name,1927-01-12,9999-12-31,ANPR historical archive
021044,Luson,current_name,,2021-12-31,ISTAT geometry 2021
021044,Luson/L_Sen,election_source_name,2018-03-04,2018-03-04,official election source label
021044,Luson/Luesen,election_source_name,2014-05-25,2014-05-25,official election source label
021044,Luson/Lüsen,historical_name,,1920-10-16,ISTAT SITUAS report 100
021045,Cortina all'Adige/Kurtinig,historical_name,,1920-10-16,ISTAT SITUAS report 100
021045,Favogna di Sotto/Unterfennberg,historical_name,,1920-10-16,ISTAT SITUAS report 100
021045,MAGRÈ ALL'ADIGE,historical_name,1948-03-14,1952-05-16,ANPR historical archive
021045,Magrè all'Adige/Margreid,historical_name,,1928-06-27,ISTAT SITUAS report 98
021045,Magrè/Margreid,historical_name,,1920-10-16,ISTAT SITUAS report 100
021045,Magrè sulla strada del vino,current_name,,2021-12-31,ISTAT geometry 2021
021045,Magrè sulla strada del vino/Margreid an der Weinstraße,historical_name,,1971-09-22,ISTAT SITUAS report 104
021045,Magre' sulla Strada del Vino/Margreid An Der Weinstrasse,election_source_name,2014-05-25,2014-05-25,official election source label
021045,MARGREID,alternate_name,1948-03-14,1952-05-16,ANPR historical archive
021045,MARGREID AN DER WEINSTRAßE,alternate_name,1971-09-22,9999-12-31,ANPR historical archive
021046,Burgusio/Burgeis,historical_name,,1920-10-16,ISTAT SITUAS report 100
021046,Clusio/Schleis,historical_name,,1920-10-16,ISTAT SITUAS report 100
021046,Laudes/Laatsch,historical_name,,1920-10-16,ISTAT SITUAS report 100
021046,Mallas/Mals,historical_name,,1923-04-27,ISTAT SITUAS report 104
021046,Malles/Mals,historical_name,,1920-10-16,ISTAT SITUAS report 100
021046,Malles Venosta,current_name,,2021-12-31,ISTAT geometry 2021
021046,Malles Venosta/Mals,historical_name,,1928-01-26,ISTAT SITUAS report 100
021046,MALS,alternate_name,1928-01-26,9999-12-31,ANPR historical archive
021046,Mazia/Matsch,historical_name,,1920-10-16,ISTAT SITUAS report 100
021046,Plagnolo/Planeil,historical_name,,1920-10-16,ISTAT SITUAS report 100
021046,Planol/Planeil,historical_name,,1923-04-27,ISTAT SITUAS report 104
021046,Slingia/Schlinig,historical_name,,1923-04-27,ISTAT SITUAS report 104
021046,Sliniga/Schlinig,historical_name,,1920-10-16,ISTAT SITUAS report 100
021046,Tarces/Tartsch,historical_name,,1923-04-27,ISTAT SITUAS report 104
021046,Tarres di Sopra/Tartsch,historical_name,,1920-10-16,ISTAT SITUAS report 100
021047,ENNEBERG,alternate_name,1929-02-14,9999-12-31,ANPR historical archive
021047,Marebbe,current_name,,2021-12-31,ISTAT geometry 2021
021047,Marebbe/Enneberg,historical_name,,1920-10-16,ISTAT SITUAS report 100
021047,Rina/Welschellen,historical_name,,1923-04-27,ISTAT SITUAS report 104
021047,Rinna/Welschellen,historical_name,,1920-10-16,ISTAT SITUAS report 100
021048,Marlengo,current_name,,2021-12-31,ISTAT geometry 2021
021048,Marlengo/Marling,historical_name,,1920-10-16,ISTAT SITUAS report 100
021048,MARLING,alternate_name,1927-01-12,1974-09-17,ANPR historical archive
021049,MARTELL,alternate_name,1927-01-12,9999-12-31,ANPR historical archive
021049,Martello,current_name,,2021-12-31,ISTAT geometry 2021
021049,Martello/Martell,historical_name,,1920-10-16,ISTAT SITUAS report 100
021050,Meltina,current_name,,2021-12-31,ISTAT geometry 2021
021050,Meltina/Mílten,election_source_name,2018-03-04,2018-03-04,official election source label
021050,Meltina/Moelten,election_source_name,2014-05-25,2014-05-25,official election source label
021050,Meltina/Mölten,historical_name,,1920-10-16,ISTAT SITUAS report 100
021050,MÖLTEN,alternate_name,1927-01-12,9999-12-31,ANPR historical archive
021051,Avelengo/Hafling,historical_name,,1923-04-27,ISTAT SITUAS report 104
021051,Aveligna/Hafling,historical_name,,1920-10-16,ISTAT SITUAS report 100
021051,Curaces/Gratsch,historical_name,,1920-10-16,ISTAT SITUAS report 100
021051,Maia Alta/Obermais,historical_name,,1920-10-16,ISTAT SITUAS report 100
021051,Maia Bassa/Untermais,historical_name,,1920-10-16,ISTAT SITUAS report 100
021051,MERAN,alternate_name,1931-06-13,1957-06-11,ANPR historical archive
021051,Merano,current_name,,2021-12-31,ISTAT geometry 2021
021051,Merano/Meran,historical_name,,1920-10-16,ISTAT SITUAS report 100
021051,Quarazze/Gratsch,historical_name,,1923-04-27,ISTAT SITUAS report 104
021052,MONGUELFO,historical_name,1929-05-14,2003-10-28,ANPR historical archive
021052,Monguelfo-Tesido,current_name,,2021-12-31,ISTAT geometry 2021
021052,Monguelfo-Tesido/Welsberg-Taisten,historical_name,,2003-10-29,ISTAT SITUAS report 104
021052,Monguelfo/Welsberg,historical_name,,1920-10-16,ISTAT SITUAS report 100
021052,Tesido/Taisten,historical_name,,1920-10-16,ISTAT SITUAS report 100
021052,WELSBERG,alternate_name,1929-05-14,2003-10-28,ANPR historical archive
021052,WELSBERG-TAISTEN,alternate_name,2003-10-29,9999-12-31,ANPR historical archive
021053,Montagna,current_name,,2021-12-31,ISTAT geometry 2021
021053,Montagna/Montan,historical_name,,1920-10-16,ISTAT SITUAS report 100
021053,MONTAN,alternate_name,1948-03-14,1985-09-10,ANPR historical archive
021054,Corvara in Passiria/Rabenstein,historical_name,,1920-10-16,ISTAT SITUAS report 100
021054,MOOS,alternate_name,1928-06-15,1955-03-01,ANPR historical archive
021054,MOOS IN PASSEIER,alternate_name,1955-03-02,9999-12-31,ANPR historical archive
021054,MOSO,historical_name,1928-06-15,1955-03-01,ANPR historical archive
021054,Moso in Assiria,election_source_name,1999-06-13,1999-06-13,official election source label
021054,Moso in Passiria,current_name,,2021-12-31,ISTAT geometry 2021
021054,Moso in Passiria/Moos in Passeier,historical_name,,1955-03-02,ISTAT SITUAS report 104
021054,Moso/Moos,historical_name,,1923-04-27,ISTAT SITUAS report 104
021054,Piano in Passeria/Moos,historical_name,,1920-10-16,ISTAT SITUAS report 100
021054,Plata/Platt,historical_name,,1923-04-27,ISTAT SITUAS report 104
021054,Platea/Platt,historical_name,,1920-10-16,ISTAT SITUAS report 100
021055,Andriano/Andrian,historical_name,,1920-10-16,ISTAT SITUAS report 100
021055,Nalles,current_name,,2021-12-31,ISTAT geometry 2021
021055,Nalles/Nals,historical_name,,1920-10-16,ISTAT SITUAS report 100
021055,NALS,alternate_name,1929-01-01,1953-05-22,ANPR historical archive
021056,Naturno,current_name,,2021-12-31,ISTAT geometry 2021
021056,Naturno/Naturns,historical_name,,1920-10-16,ISTAT SITUAS report 100
021056,NATURNS,alternate_name,1928-12-06,1980-08-19,ANPR historical archive
021056,Stava/Staben,historical_name,,1923-04-27,ISTAT SITUAS report 104
021056,Stave/Staben,historical_name,,1920-10-16,ISTAT SITUAS report 100
021056,Tablà/Tabland,historical_name,,1920-10-16,ISTAT SITUAS report 100
021057,NATZ-SCHABS,alternate_name,1929-02-14,9999-12-31,ANPR historical archive
021057,Naz/Natz,historical_name,,1923-04-27,ISTAT SITUAS report 104
021057,Naz-Sciaves,current_name,,2021-12-31,ISTAT geometry 2021
021057,Naz-Sciaves/Natz-Schabs,historical_name,,1929-02-14,ISTAT SITUAS report 100
021057,Noci/Natz,historical_name,,1920-10-16,ISTAT SITUAS report 100
021057,Scaves/Schabs,historical_name,,1920-10-16,ISTAT SITUAS report 100
021057,Sciaves/Schabs,historical_name,,1923-04-27,ISTAT SITUAS report 104
021058,Nova Levante,current_name,,2021-12-31,ISTAT geometry 2021
021058,Nova Levante/Welschnofen,historical_name,,1920-10-16,ISTAT SITUAS report 100
021058,WELSCHNOFEN,alternate_name,1927-01-12,2011-04-13,ANPR historical archive
021059,DEUTSCHNOFEN,alternate_name,1927-01-12,2011-04-13,ANPR historical archive
021059,Nova Onente,election_source_name,1999-06-13,1999-06-13,official election source label
021059,Nova Ponente,current_name,,2021-12-31,ISTAT geometry 2021
021059,Nova Ponente/Deutschnofen,historical_name,,1920-10-16,ISTAT SITUAS report 100
021060,AUER,alternate_name,1948-03-14,1985-09-10,ANPR historical archive
021060,Ora,current_name,,2021-12-31,ISTAT geometry 2021
021060,Ora/Auer,historical_name,,1920-10-16,ISTAT SITUAS report 100
021061,Ortisei,current_name,,2021-12-31,ISTAT geometry 2021
021061,Ortisei/St. Ulrich,historical_name,,1920-10-16,ISTAT SITUAS report 100
021061,ST. ULRICH,alternate_name,1927-01-12,1986-09-16,ANPR historical archive
021062,Parcines,current_name,,2021-12-31,ISTAT geometry 2021
021062,Parcines/Partschins,historical_name,,1920-10-16,ISTAT SITUAS report 100
021062,PARTSCHINS,alternate_name,1927-01-12,9999-12-31,ANPR historical archive
021063,Perca,current_name,,2021-12-31,ISTAT geometry 2021
021063,Perca/Percha,historical_name,,1923-04-27,ISTAT SITUAS report 104
021063,PERCHA,alternate_name,1927-01-12,9999-12-31,ANPR historical archive
021063,Perga/Percha,historical_name,,1920-10-16,ISTAT SITUAS report 100
021064,Palus/Plaus,historical_name,,1920-10-16,ISTAT SITUAS report 100
021064,Plaus,current_name,,2021-12-31,ISTAT geometry 2021
021064,Plaus/Plaus,historical_name,,1923-04-27,ISTAT SITUAS report 104
021065,Ponte all'Isarco/Waidbruck,historical_name,,1920-10-16,ISTAT SITUAS report 100
021065,Ponte Gardena,current_name,,2021-12-31,ISTAT geometry 2021
021065,Ponte Gardena/Waidbruck,historical_name,,1938-10-17,ISTAT SITUAS report 104
021065,WAIDBRUCK,alternate_name,1938-10-17,9999-12-31,ANPR historical archive
021066,BURGSTALL,alternate_name,1927-01-12,1993-04-13,ANPR historical archive
021066,Postal,current_name,,2021-12-31,ISTAT geometry 2021
021066,Postal/Burgstall,historical_name,,1920-10-16,ISTAT SITUAS report 100
021067,Montechiaro/Lichtenberg,historical_name,,1920-10-16,ISTAT SITUAS report 100
021067,PRAD,alternate_name,1953-05-23,1954-07-16,ANPR historical archive
021067,PRAD AM STILFSERJOCH,alternate_name,1929-05-14,1953-05-22,ANPR historical archive
021067,Prato allo Stelvio,current_name,,2021-12-31,ISTAT geometry 2021
021067,Prato Allo Stelvio/Prad Am Stilfser Joch,election_source_name,2014-05-25,2014-05-25,official election source label
021067,Prato allo Stelvio/Prad am Stilfserjoch,historical_name,,1929-05-14,ISTAT SITUAS report 100
021067,Prato di Venosta/Prad,historical_name,,1920-10-16,ISTAT SITUAS report 100
021067,PRATO VENOSTA,historical_name,1953-05-23,1954-07-16,ANPR historical archive
021067,Prato Venosta/Prad,historical_name,,1953-05-23,ISTAT SITUAS report 104
021067,Stelvio/Stilfs,historical_name,,1920-10-16,ISTAT SITUAS report 100
021068,Predoi,current_name,,2021-12-31,ISTAT geometry 2021
021068,Predoi/Prettau,historical_name,,1929-02-21,ISTAT SITUAS report 98
021068,PRETTAU,alternate_name,1958-08-27,9999-12-31,ANPR historical archive
021069,PROVEIS,alternate_name,1948-03-14,9999-12-31,ANPR historical archive
021069,Proves,current_name,,2021-12-31,ISTAT geometry 2021
021069,Proves/Proveis,historical_name,,1948-03-14,ISTAT SITUAS report 100
021070,Mareta/Mareit,historical_name,,1920-10-16,ISTAT SITUAS report 100
021070,Racignes/Ratschings,historical_name,,1920-10-16,ISTAT SITUAS report 100
021070,Racines,current_name,,2021-12-31,ISTAT geometry 2021
021070,Racines/Ratschings,historical_name,,1923-04-27,ISTAT SITUAS report 104
021070,RATSCHINGS,alternate_name,1928-04-12,9999-12-31,ANPR historical archive
021070,Ridanna/Riednaun,historical_name,,1920-10-16,ISTAT SITUAS report 100
021070,Telves/Telfes,historical_name,,1920-10-16,ISTAT SITUAS report 100
021070,Valdigiovo/Jaufenthal,historical_name,,1920-10-16,ISTAT SITUAS report 100
021070,Valgiovo/Jaufenthal,historical_name,,1923-04-27,ISTAT SITUAS report 104
021071,RASEN-ANTHOLZ,alternate_name,1955-03-02,9999-12-31,ANPR historical archive
021071,Rasun-Anterselva,current_name,,2021-12-31,ISTAT geometry 2021
021071,Rasun-Anterselva/Rasen-Antholz,historical_name,,1955-03-02,ISTAT SITUAS report 100
021072,Renon,current_name,,2021-12-31,ISTAT geometry 2021
021072,Renon/Ritten,historical_name,,1920-10-16,ISTAT SITUAS report 100
021072,RITTEN,alternate_name,1928-06-15,9999-12-31,ANPR historical archive
021072,Vanga/Wangen,historical_name,,1920-10-16,ISTAT SITUAS report 100
021073,RIFFIAN,alternate_name,1927-01-12,9999-12-31,ANPR historical archive
021073,Rifiano,current_name,,2021-12-31,ISTAT geometry 2021
021073,Rifiano/Riffian,historical_name,,1920-10-16,ISTAT SITUAS report 100
021074,Maranza in Pusteria/Meransen,historical_name,,1920-10-16,ISTAT SITUAS report 100
021074,Maranza/Meransen,historical_name,,1923-04-27,ISTAT SITUAS report 104
021074,MÜHLBACH,alternate_name,1929-05-30,1956-01-03,ANPR historical archive
021074,Rio di Pusteria,current_name,,2021-12-31,ISTAT geometry 2021
021074,Rio di Pusteria/M_Hlbach,election_source_name,2018-03-04,2018-03-04,official election source label
021074,Rio di Pusteria/Muehlbach,election_source_name,2014-05-25,2014-05-25,official election source label
021074,Rio di Pusteria/Mühlbach,historical_name,,1920-10-16,ISTAT SITUAS report 100
021074,Rio di Usteria,election_source_name,1999-06-13,1999-06-13,official election source label
021074,Rodengo/Rodeneck,historical_name,,1920-10-16,ISTAT SITUAS report 100
021074,Spignes/Spinges,historical_name,,1920-10-16,ISTAT SITUAS report 100
021074,Spinga/Spinges,historical_name,,1923-04-27,ISTAT SITUAS report 104
021074,Valles/Vals,historical_name,,1920-10-16,ISTAT SITUAS report 100
021075,RODENECK,alternate_name,1956-01-04,9999-12-31,ANPR historical archive
021075,Rodengo,current_name,,2021-12-31,ISTAT geometry 2021
021075,Rodengo/Rodeneck,historical_name,,1929-05-30,ISTAT SITUAS report 103
021076,Cauria/Gfrill,historical_name,,1920-10-16,ISTAT SITUAS report 100
021076,SALORNO,historical_name,1948-03-14,2019-10-10,ANPR historical archive
021076,Salorno/Salurn,historical_name,,1920-10-16,ISTAT SITUAS report 100
021076,Salorno sulla strada del vino,current_name,,2021-12-31,ISTAT geometry 2021
021076,Salorno sulla strada del vino/Salurn an der Weinstraße,historical_name,,2019-10-11,ISTAT SITUAS report 104
021076,Salorno sulla Strada del Vino/Salurn An Der Weinstrasse,election_source_name,2022-09-25,2022-09-25,official election source label
021076,SALURN,alternate_name,1948-03-14,2019-10-10,ANPR historical archive
021076,SALURN AN DER WEINSTRAßE,alternate_name,2019-10-11,9999-12-31,ANPR historical archive
021077,INNICHEN,alternate_name,1928-12-09,9999-12-31,ANPR historical archive
021077,Monte San Candido/Innichberg,historical_name,,1920-10-16,ISTAT SITUAS report 100
021077,Prato alla Drava/Winnebach,historical_name,,1920-10-16,ISTAT SITUAS report 100
021077,San Candido,current_name,,2021-12-31,ISTAT geometry 2021
021077,San Candido/Innichen,historical_name,,1920-10-16,ISTAT SITUAS report 100
021077,Versciaco/Vierschach,historical_name,,1920-10-16,ISTAT SITUAS report 100
021079,JENESIEN,alternate_name,1928-12-30,9999-12-31,ANPR historical archive
021079,San Genesio Atesino,current_name,,2021-12-31,ISTAT geometry 2021
021079,San Genesio Atesino/Jenesien,historical_name,,1928-12-30,ISTAT SITUAS report 103
021079,San Genesio/Jenesien,historical_name,,1920-10-16,ISTAT SITUAS report 100
021079,Valas/Flaas,historical_name,,1923-04-27,ISTAT SITUAS report 104
021079,Velasio/Flaas,historical_name,,1920-10-16,ISTAT SITUAS report 100
021080,San Leonardo in Passiria,current_name,,2021-12-31,ISTAT geometry 2021
021080,San Leonardo in Passiria/St. Leonhard,historical_name,,1920-10-16,ISTAT SITUAS report 100
021080,San Leonardo in Passiria/St. Leonhard in Passeier,historical_name,,1928-04-07,ISTAT SITUAS report 100
021080,San Leonardo/St. Leonhard,historical_name,,1923-04-27,ISTAT SITUAS report 104
021080,San Martino in Passiria/St. Martin in Passeier,historical_name,,1920-10-16,ISTAT SITUAS report 100
021080,San Martino/St. Martin,historical_name,,1923-04-27,ISTAT SITUAS report 104
021080,ST. LEONHARD IN PASSEIER,alternate_name,1928-04-07,1953-11-24,ANPR historical archive
021081,Elle/Ellen,historical_name,,1920-10-16,ISTAT SITUAS report 100
021081,Mantana/Monthal,historical_name,,1923-04-27,ISTAT SITUAS report 104
021081,Montale in Pusteria/Monthal,historical_name,,1920-10-16,ISTAT SITUAS report 100
021081,Onies/Onach,historical_name,,1920-10-16,ISTAT SITUAS report 100
021081,San Lorenzo di Sebato,current_name,,2021-12-31,ISTAT geometry 2021
021081,San Lorenzo di Sebato/St. Lorenzen,historical_name,,1940-02-11,ISTAT SITUAS report 104
021081,San Lorenzo in Pusteria/St. Lorenzen,historical_name,,1920-10-16,ISTAT SITUAS report 100
021081,San Lorenzo/St. Lorenzen,historical_name,,1923-04-27,ISTAT SITUAS report 104
021081,ST. LORENZEN,alternate_name,1939-12-01,9999-12-31,ANPR historical archive
021082,La Valle/Wengen,historical_name,,1920-10-16,ISTAT SITUAS report 100
021082,Longiarù/Campill,historical_name,,1920-10-16,ISTAT SITUAS report 100
021082,San Martino in Badia,current_name,,2021-12-31,ISTAT geometry 2021
021082,San Martino in Badia/St. Martin in Thurn,historical_name,,1920-10-16,ISTAT SITUAS report 100
021082,San Martino/St. Martin,historical_name,,1923-04-27,ISTAT SITUAS report 104
021082,ST. MARTIN IN THURN,alternate_name,1928-06-15,1964-06-09,ANPR historical archive
021083,San Martino in Assiria,election_source_name,1999-06-13,1999-06-13,official election source label
021083,San Martino in Passiria,current_name,,2021-12-31,ISTAT geometry 2021
021083,San Martino in Passiria/St. Martin in Passeier,historical_name,,1953-11-25,ISTAT SITUAS report 103
021083,San Martino/St. Martin,historical_name,,1928-04-07,ISTAT SITUAS report 100
021083,ST. MARTIN IN PASSEIER,alternate_name,1953-11-25,9999-12-31,ANPR historical archive
021084,San Ancrazio,election_source_name,1999-06-13,1999-06-13,official election source label
021084,San Pancrazio,current_name,,2021-12-31,ISTAT geometry 2021
021084,San Pancrazio/St. Pankraz,historical_name,,1960-04-27,ISTAT SITUAS report 100
021084,ST. PANKRAZ,alternate_name,1960-04-27,9999-12-31,ANPR historical archive
021085,SANTA CRISTINA,historical_name,1927-01-12,1956-01-03,ANPR historical archive
021085,Santa Cristina in Gardena/St. Christina,historical_name,,1920-10-16,ISTAT SITUAS report 100
021085,Santa Cristina/St. Christina,historical_name,,1923-04-27,ISTAT SITUAS report 104
021085,Santa Cristina Valgardena,current_name,,2021-12-31,ISTAT geometry 2021
021085,Santa Cristina Valgardena/St. Christina in Gríden,election_source_name,2018-03-04,2018-03-04,official election source label
021085,Santa Cristina Valgardena/St. Christina in Gröden,historical_name,,1956-01-04,ISTAT SITUAS report 104
021085,Santa Cristina Valgardena/St. Christina in Groeden,election_source_name,2014-05-25,2014-05-25,official election source label
021085,ST. CHRISTINA,alternate_name,1927-01-12,1956-01-03,ANPR historical archive
021085,ST. CHRISTINA IN GRÖDEN,alternate_name,1956-01-04,9999-12-31,ANPR historical archive
021086,Sarentino,current_name,,2021-12-31,ISTAT geometry 2021
021086,Sarentino/Sarntal,historical_name,,1920-10-16,ISTAT SITUAS report 100
021086,SARNTAL,alternate_name,1927-01-12,9999-12-31,ANPR historical archive
021087,Scena,current_name,,2021-12-31,ISTAT geometry 2021
021087,Scena/Schenna,historical_name,,1920-10-16,ISTAT SITUAS report 100
021087,SCHENNA,alternate_name,1927-01-12,9999-12-31,ANPR historical archive
021088,Lappago/Lappach,historical_name,,1920-10-16,ISTAT SITUAS report 100
021088,MÜHLWALD,alternate_name,1928-06-19,9999-12-31,ANPR historical archive
021088,Selva dei Molini,current_name,,2021-12-31,ISTAT geometry 2021
021088,Selva dei Molini/M_Hlwald,election_source_name,2018-03-04,2018-03-04,official election source label
021088,Selva dei Molini/Muehlwald,election_source_name,2014-05-25,2014-05-25,official election source label
021088,Selva dei Molini/Mühlwald,historical_name,,1920-10-16,ISTAT SITUAS report 100
021089,SELVA,historical_name,1927-01-12,1955-03-01,ANPR historical archive
021089,Selva di Val Gardena,current_name,,2021-12-31,ISTAT geometry 2021
021089,Selva di Val Gardena/Wolkenstein in Gríden,election_source_name,2018-03-04,2018-03-04,official election source label
021089,Selva di Val Gardena/Wolkenstein in Gröden,historical_name,,1955-03-02,ISTAT SITUAS report 104
021089,Selva di Val Gardena/Wolkenstein in Groeden,election_source_name,2014-05-25,2014-05-25,official election source label
021089,Selva in Gardena/Wolkenstein,historical_name,,1920-10-16,ISTAT SITUAS report 100
021089,Selva/Wolkenstein,historical_name,,1923-04-27,ISTAT SITUAS report 104
021089,WOLKENSTEIN,alternate_name,1927-01-12,1955-03-01,ANPR historical archive
021089,WOLKENSTEIN IN GRÖDEN,alternate_name,1955-03-02,9999-12-31,ANPR historical archive
021091,SCHNALS,alternate_name,1927-01-12,9999-12-31,ANPR historical archive
021091,Senales,current_name,,2021-12-31,ISTAT geometry 2021
021091,Senales in Venosta/Schnals,historical_name,,1920-10-16,ISTAT SITUAS report 100
021091,Senales/Schnals,historical_name,,1923-04-27,ISTAT SITUAS report 104
021092,Sesto,current_name,,2021-12-31,ISTAT geometry 2021
021092,Sesto/Sexten,historical_name,,1920-10-16,ISTAT SITUAS report 100
021092,SEXTEN,alternate_name,1927-01-12,9999-12-31,ANPR historical archive
021093,Cavolano/Göflan,historical_name,,1920-10-16,ISTAT SITUAS report 100
021093,Corzes/Kortsch,historical_name,,1920-10-16,ISTAT SITUAS report 100
021093,Covelano/Göflan,historical_name,,1923-04-27,ISTAT SITUAS report 104
021093,Monte a Mezzodì/Sonnenberg,historical_name,,1920-10-16,ISTAT SITUAS report 100
021093,Monte a Tramontana/Nordersberg,historical_name,,1920-10-16,ISTAT SITUAS report 100
021093,Monte di Mezzodì/Sonnenberg,historical_name,,1923-04-27,ISTAT SITUAS report 104
021093,Monte di Tramontana/Nördersberg,historical_name,,1923-04-27,ISTAT SITUAS report 104
021093,SCHLANDERS,alternate_name,1928-05-12,9999-12-31,ANPR historical archive
021093,Silandro,current_name,,2021-12-31,ISTAT geometry 2021
021093,Silandro/Schlanders,historical_name,,1920-10-16,ISTAT SITUAS report 100
021093,Vezzano in Venosta/Vezzan,historical_name,,1920-10-16,ISTAT SITUAS report 100
021093,Vezzano/Vezzan,historical_name,,1923-04-27,ISTAT SITUAS report 104
021094,SCHLUDERNS,alternate_name,1927-01-12,9999-12-31,ANPR historical archive
021094,Sluderno,current_name,,2021-12-31,ISTAT geometry 2021
021094,Sluderno/Schluderns,historical_name,,1920-10-16,ISTAT SITUAS report 100
021095,Stelvio,current_name,,2021-12-31,ISTAT geometry 2021
021095,Stelvio/Stilfs,historical_name,,1929-05-14,ISTAT SITUAS report 100
021095,STILFS,alternate_name,1953-05-23,9999-12-31,ANPR historical archive
021096,Colli in Pusteria/Pichlern,historical_name,,1920-10-16,ISTAT SITUAS report 100
021096,TERENTEN,alternate_name,1929-03-26,9999-12-31,ANPR historical archive
021096,Terento,current_name,,2021-12-31,ISTAT geometry 2021
021096,Terento/Terenten,historical_name,,1920-10-16,ISTAT SITUAS report 100
021097,TERLAN,alternate_name,1927-01-12,9999-12-31,ANPR historical archive
021097,Terlano,current_name,,2021-12-31,ISTAT geometry 2021
021097,Terlano/Terlan,historical_name,,1920-10-16,ISTAT SITUAS report 100
021098,TERMENO,historical_name,1948-03-14,1971-09-21,ANPR historical archive
021098,Termeno sulla strada del vino,current_name,,2021-12-31,ISTAT geometry 2021
021098,Termeno sulla strada del vino/Tramin an der Weinstraße,historical_name,,1971-09-22,ISTAT SITUAS report 104
021098,Termeno sulla Strada del Vino/Tramin An Der Weinstrasse,election_source_name,2014-05-25,2014-05-25,official election source label
021098,Termeno/Tramin,historical_name,,1920-10-16,ISTAT SITUAS report 100
021098,TRAMIN,alternate_name,1948-03-14,1971-09-21,ANPR historical archive
021098,TRAMIN AN DER WEINSTRAßE,alternate_name,1971-09-22,1978-01-31,ANPR historical archive
021099,Tesimo,current_name,,2021-12-31,ISTAT geometry 2021
021099,Tesimo/Tisens,historical_name,,1920-10-16,ISTAT SITUAS report 100
021099,TISENS,alternate_name,1927-01-12,1964-09-22,ANPR historical archive
021100,TIERS,alternate_name,1927-01-12,9999-12-31,ANPR historical archive
021100,Tires,current_name,,2021-12-31,ISTAT geometry 2021
021100,Tires/Tiers,historical_name,,1920-10-16,ISTAT SITUAS report 100
021101,TIROL,alternate_name,1927-01-12,9999-12-31,ANPR historical archive
021101,Tirolo,current_name,,2021-12-31,ISTAT geometry 2021
021101,Tirolo/Tirol,historical_name,,1920-10-16,ISTAT SITUAS report 100
021102,San Lugano/St. Lugano,historical_name,,1920-10-16,ISTAT SITUAS report 100
021102,TRODENA,historical_name,1948-03-14,2008-03-18,ANPR historical archive
021102,Trodena nel parco naturale,current_name,,2021-12-31,ISTAT geometry 2021
021102,Trodena nel parco naturale/Truden im Naturpark,historical_name,,2008-03-19,ISTAT SITUAS report 104
021102,Trodena/Truden,historical_name,,1920-10-16,ISTAT SITUAS report 100
021102,TRUDEN,alternate_name,1948-03-14,2008-03-18,ANPR historical archive
021102,TRUDEN IM NATURPARK,alternate_name,2008-03-19,9999-12-31,ANPR historical archive
021103,TAUFERS IM MÜNSTERTAL,alternate_name,1927-01-12,9999-12-31,ANPR historical archive
021103,Tubre,current_name,,2021-12-31,ISTAT geometry 2021
021103,Tubre/Taufers Im M_Nstertal,election_source_name,2018-03-04,2018-03-04,official election source label
021103,Tubre/Taufers Im Muenstertal,election_source_name,2014-05-25,2014-05-25,official election source label
021103,Tubre/Taufers im Münstertal,historical_name,,1920-10-16,ISTAT SITUAS report 100
021104,ULTEN,alternate_name,1927-01-12,1960-04-26,ANPR historical archive
021104,Ultimo,current_name,,2021-12-31,ISTAT geometry 2021
021104,Ultimo/Ulten,historical_name,,1920-10-16,ISTAT SITUAS report 100
021105,PFATTEN,alternate_name,1927-01-12,9999-12-31,ANPR historical archive
021105,Vadena,current_name,,2021-12-31,ISTAT geometry 2021
021105,Vadena/Pfatten,historical_name,,1920-10-16,ISTAT SITUAS report 100
021106,OLANG,alternate_name,1955-03-02,9999-12-31,ANPR historical archive
021106,Valdaora,current_name,,2021-12-31,ISTAT geometry 2021
021106,Valdaora/Olang,historical_name,,1928-10-17,ISTAT SITUAS report 98
021107,PFITSCH,alternate_name,1931-12-06,9999-12-31,ANPR historical archive
021107,Prati/Wiesen,historical_name,,1920-10-16,ISTAT SITUAS report 100
021107,Val di Vizze,current_name,,2021-12-31,ISTAT geometry 2021
021107,Val di Vizze/Pfitsch,historical_name,,1931-12-06,ISTAT SITUAS report 100
021107,Vizze/Pfitsch,historical_name,,1920-10-16,ISTAT SITUAS report 100
021108,AHRNTAL,alternate_name,1929-02-21,1958-08-26,ANPR historical archive
021108,Lutago/Luttach,historical_name,,1920-10-16,ISTAT SITUAS report 100
021108,Predoi/Prettau,historical_name,,1923-04-27,ISTAT SITUAS report 104
021108,San Giacomo in Valle Aurina/St. Jakob in Ahrn,historical_name,,1920-10-16,ISTAT SITUAS report 100
021108,San Giacomo/St. Jakob in Ahrn,historical_name,,1923-04-27,ISTAT SITUAS report 104
021108,San Giovanni in Valle Aurina/St. Johann in Ahrn,historical_name,,1920-10-16,ISTAT SITUAS report 100
021108,San Giovanni/St. Johann in Ahrn,historical_name,,1923-04-27,ISTAT SITUAS report 104
021108,San Pietro in Valle Aurina/St. Peter in Ahrn,historical_name,,1920-10-16,ISTAT SITUAS report 100
021108,San Pietro/St. Peter in Ahrn,historical_name,,1923-04-27,ISTAT SITUAS report 104
021108,San Valentino in Predoi/Prettau,historical_name,,1920-10-16,ISTAT SITUAS report 100
021108,Valle Aurina,current_name,,2021-12-31,ISTAT geometry 2021
021108,Valle Aurina/Ahrntal,historical_name,,1929-02-21,ISTAT SITUAS report 98
021109,Colle in Casies/Pichl in Gsies,historical_name,,1920-10-16,ISTAT SITUAS report 100
021109,GSIES,alternate_name,1929-05-15,9999-12-31,ANPR historical archive
021109,San Martino in Casies/St. Martin in Gsies,historical_name,,1920-10-16,ISTAT SITUAS report 100
021109,Santa Maddalena in Casies/St. Magdalena in Gsies,historical_name,,1920-10-16,ISTAT SITUAS report 100
021109,Valle di Casies,current_name,,2021-12-31,ISTAT geometry 2021
021109,Valle di Casies/Gsies,historical_name,,1929-05-15,ISTAT SITUAS report 100
021110,Fundoles/Pfunders,historical_name,,1920-10-16,ISTAT SITUAS report 100
021110,Fundres/Pfunders,historical_name,,1923-04-27,ISTAT SITUAS report 104
021110,Vallarga/Weitental,historical_name,,1920-10-16,ISTAT SITUAS report 100
021110,Vandoies,current_name,,2021-12-31,ISTAT geometry 2021
021110,Vandoies di Sopra/Obervintl,historical_name,,1920-10-16,ISTAT SITUAS report 100
021110,Vandoies di Sotto/Niedervintl,historical_name,,1920-10-16,ISTAT SITUAS report 100
021110,Vandoies/Vintl,historical_name,,1929-03-24,ISTAT SITUAS report 100
021110,VINTL,alternate_name,1929-03-24,1982-02-16,ANPR historical archive
021111,Novacella/Neustift,historical_name,,1920-10-16,ISTAT SITUAS report 100
021111,Scale/Schalders,historical_name,,1920-10-16,ISTAT SITUAS report 100
021111,Scaleres/Schalders,historical_name,,1923-04-27,ISTAT SITUAS report 104
021111,VAHRN,alternate_name,1929-05-07,1973-08-14,ANPR historical archive
021111,Varna,current_name,,2021-12-31,ISTAT geometry 2021
021111,Varna/Vahrn,historical_name,,1920-10-16,ISTAT SITUAS report 100
021112,Verano,current_name,,2021-12-31,ISTAT geometry 2021
021112,Verano/Víran,election_source_name,2018-03-04,2018-03-04,official election source label
021112,Verano/Voeran,election_source_name,2014-05-25,2014-05-25,official election source label
021112,Verano/Vöran,historical_name,,1920-10-16,ISTAT SITUAS report 100
021112,VÖRAN,alternate_name,1927-01-12,9999-12-31,ANPR historical archive
021113,NIEDERDORF,alternate_name,1927-01-12,9999-12-31,ANPR historical archive
021113,Villabassa,current_name,,2021-12-31,ISTAT geometry 2021
021113,Villabassa/Niederdorf,historical_name,,1920-10-16,ISTAT SITUAS report 100
021114,VILLANDERS,alternate_name,1929-06-04,9999-12-31,ANPR historical archive
021114,Villandro,current_name,,2021-12-31,ISTAT geometry 2021
021114,Villandro/Villanders,historical_name,,1920-10-16,ISTAT SITUAS report 100
021115,Ceves/Tschöfs,historical_name,,1923-04-27,ISTAT SITUAS report 104
021115,STERZING,alternate_name,1931-12-06,9999-12-31,ANPR historical archive
021115,Tunes/Thuins,historical_name,,1920-10-16,ISTAT SITUAS report 100
021115,Viiteno,election_source_name,1999-06-13,1999-06-13,official election source label
021115,Vipiteno,current_name,,2021-12-31,ISTAT geometry 2021
021115,Vipiteno/Sterzing,historical_name,,1920-10-16,ISTAT SITUAS report 100
021115,Zedes/Tshöfs,historical_name,,1920-10-16,ISTAT SITUAS report 100
021116,FELDTHURNS,alternate_name,1960-11-23,9999-12-31,ANPR historical archive
021116,Velturno,current_name,,2021-12-31,ISTAT geometry 2021
021116,Velturno/Feldthurns,historical_name,,1929-06-04,ISTAT SITUAS report 103
021117,La Valle,current_name,,2021-12-31,ISTAT geometry 2021
021117,La Valle/Wengen,historical_name,,1928-06-15,ISTAT SITUAS report 103
021117,WENGEN,alternate_name,1964-06-10,9999-12-31,ANPR historical archive
021118,SAN FELICE,historical_name,1948-03-14,1974-09-17,ANPR historical archive
021118,San Felice/St. Felix,historical_name,,1928-06-30,ISTAT SITUAS report 103
021118,SENALE,historical_name,1948-03-14,1974-09-17,ANPR historical archive
021118,Senale-San Felice,current_name,,2021-12-31,ISTAT geometry 2021
021118,Senale-San Felice/Unsere Liebe Frau im Walde-St. Felix,historical_name,,1974-09-18,ISTAT SITUAS report 98
021118,Senale/Unsere Liebe Frau im Walde,historical_name,,1928-06-30,ISTAT SITUAS report 103
021118,ST. FELIX,alternate_name,1948-03-14,1974-09-17,ANPR historical archive
021118,UNSERE LIEBE FRAU IM WALDE,alternate_name,1948-03-14,1974-09-17,ANPR historical archive
021118,UNSERE LIEBE FRAU IM WALDE-ST. FELIX,alternate_name,1974-09-18,9999-12-31,ANPR historical archive
022001,Ala,current_name,,2021-12-31,ISTAT geometry 2021
022001,Chizzola,historical_name,,1920-10-16,ISTAT SITUAS report 100
022001,Pilcante,historical_name,,1920-10-16,ISTAT SITUAS report 100
022001,Santa Margherita,historical_name,,1920-10-16,ISTAT SITUAS report 100
022001,Serravalle all'Adige,historical_name,,1920-10-16,ISTAT SITUAS report 100
022002,Albiano,current_name,,2021-12-31,ISTAT geometry 2021
022002,Lona-Lases,historical_name,,1920-10-16,ISTAT SITUAS report 100
022003,Aldeno,current_name,,2021-12-31,ISTAT geometry 2021
022003,Cimone,historical_name,,1920-10-16,ISTAT SITUAS report 100
022003,Garniga,historical_name,,1920-10-16,ISTAT SITUAS report 100
022005,Andalo,current_name,,2021-12-31,ISTAT geometry 2021
022006,Arco,current_name,,2021-12-31,ISTAT geometry 2021
022006,Oltresarca,historical_name,,1920-10-16,ISTAT SITUAS report 100
022006,Romarzolo,historical_name,,1920-10-16,ISTAT SITUAS report 100
022007,Avio,current_name,,2021-12-31,ISTAT geometry 2021
022007,Borghetto,historical_name,,1920-10-16,ISTAT SITUAS report 100
022009,Baselga di Pinè,current_name,,2021-12-31,ISTAT geometry 2021
022009,Miola,historical_name,,1920-10-16,ISTAT SITUAS report 100
022011,Bedollo,current_name,,2021-12-31,ISTAT geometry 2021
022013,Besenello,current_name,,2021-12-31,ISTAT geometry 2021
022015,Bieno,current_name,,2021-12-31,ISTAT geometry 2021
022017,Bleggio Sueriore,election_source_name,1999-06-13,1999-06-13,official election source label
022017,Bleggio Superiore,current_name,,2021-12-31,ISTAT geometry 2021
022018,Bocenago,current_name,,2021-12-31,ISTAT geometry 2021
022021,Bondone,current_name,,2021-12-31,ISTAT geometry 2021
022022,Borgo Valsugana,current_name,,2021-12-31,ISTAT geometry 2021
022022,Carzano,historical_name,,1920-10-16,ISTAT SITUAS report 100
022022,Castelnuovo,historical_name,,1920-10-16,ISTAT SITUAS report 100
022022,Ronchi,historical_name,,1920-10-16,ISTAT SITUAS report 100
022022,Telve,historical_name,,1920-10-16,ISTAT SITUAS report 100
022022,Telve di Sopra,historical_name,,1920-10-16,ISTAT SITUAS report 100
022022,Torcegno,historical_name,,1920-10-16,ISTAT SITUAS report 100
022025,Brentonico,current_name,,2021-12-31,ISTAT geometry 2021
022026,Bresimo,current_name,,2021-12-31,ISTAT geometry 2021
022029,CADERZONE,historical_name,1947-01-15,2008-10-14,ANPR historical archive
022029,Caderzone Terme,current_name,,2021-12-31,ISTAT geometry 2021
022032,CALCERÀNICA,historical_name,1947-05-17,1957-12-31,ANPR historical archive
022032,Calceranica al Lago,current_name,,2021-12-31,ISTAT geometry 2021
022033,Bozzana,historical_name,,1920-10-16,ISTAT SITUAS report 100
022033,Caldes,current_name,,2021-12-31,ISTAT geometry 2021
022033,Cavizzana,historical_name,,1920-10-16,ISTAT SITUAS report 100
022033,Samoclevo,historical_name,,1920-10-16,ISTAT SITUAS report 100
022033,San Giacomo,historical_name,,1920-10-16,ISTAT SITUAS report 100
022034,Calcerànica,historical_name,,1920-10-16,ISTAT SITUAS report 100
022034,Caldonazzo,current_name,,2021-12-31,ISTAT geometry 2021
022034,Centa San Nicolò,historical_name,,1920-10-16,ISTAT SITUAS report 100
022035,Calliano,current_name,,2021-12-31,ISTAT geometry 2021
022035,Calliano Monferrato,election_source_name,2024-06-09,2024-06-09,official election source label
022035,Calliano Tn,election_source_name,2006-04-09,2006-04-09,official election source label
022036,Campitello,historical_name,,1926-03-02,ISTAT SITUAS report 98
022036,Campitello di Fassa,current_name,,2021-12-31,ISTAT geometry 2021
022036,CIAMPEDEL,alternate_name,1956-11-04,1999-12-07,ANPR historical archive
022037,Camodenno,election_source_name,1999-06-13,1999-06-13,official election source label
022037,Campodenno,current_name,,2021-12-31,ISTAT geometry 2021
022038,Canal San Bovo,current_name,,2021-12-31,ISTAT geometry 2021
022039,Campitello,historical_name,,1920-10-16,ISTAT SITUAS report 100
022039,Canazei,current_name,,2021-12-31,ISTAT geometry 2021
022039,CIANACEI,alternate_name,1926-02-08,1956-11-03,ANPR historical archive
022040,Anterivo/Altrei,historical_name,,1920-10-16,ISTAT SITUAS report 100
022040,Capriana,current_name,,2021-12-31,ISTAT geometry 2021
022040,Rover Carbonare,historical_name,,1920-10-16,ISTAT SITUAS report 100
022042,Carisolo,current_name,,2021-12-31,ISTAT geometry 2021
022043,Carzano,current_name,,2021-12-31,ISTAT geometry 2021
022045,Castel Condino,current_name,,2021-12-31,ISTAT geometry 2021
022045,CASTELLO,historical_name,1946-12-24,1955-08-03,ANPR historical archive
022045,Castello-Molina di Fiemme,election_source_name,1953-06-07,1953-06-07,official election source label
022047,CASTELLO DI FIEMME,historical_name,1925-03-18,1973-09-25,ANPR historical archive
022047,Castello-Molina di Fiemme,current_name,,2021-12-31,ISTAT geometry 2021
022047,Stramentizzo,historical_name,,1920-10-16,ISTAT SITUAS report 100
022048,Castello Tesino,current_name,,2021-12-31,ISTAT geometry 2021
022049,Castelnuovo,current_name,,2021-12-31,ISTAT geometry 2021
022050,Carano,historical_name,,1920-10-16,ISTAT SITUAS report 100
022050,Cavalese,current_name,,2021-12-31,ISTAT geometry 2021
022050,Daiano,historical_name,,1920-10-16,ISTAT SITUAS report 100
022050,Varena,historical_name,,1920-10-16,ISTAT SITUAS report 100
022051,Cavareno,current_name,,2021-12-31,ISTAT geometry 2021
022051,Ronzone,historical_name,,1920-10-16,ISTAT SITUAS report 100
022051,Ruffrè,historical_name,,1920-10-16,ISTAT SITUAS report 100
022051,Sarnonico,historical_name,,1920-10-16,ISTAT SITUAS report 100
022051,Seio,historical_name,,1920-10-16,ISTAT SITUAS report 100
022052,Cavedago,current_name,,2021-12-31,ISTAT geometry 2021
022053,Cavedine,current_name,,2021-12-31,ISTAT geometry 2021
022054,Cavizzana,current_name,,2021-12-31,ISTAT geometry 2021
022058,Cimone,current_name,,2021-12-31,ISTAT geometry 2021
022059,Cinte Tesino,current_name,,2021-12-31,ISTAT geometry 2021
022060,Cis,current_name,,2021-12-31,ISTAT geometry 2021
022061,Civezzano,current_name,,2021-12-31,ISTAT geometry 2021
022062,Cles,current_name,,2021-12-31,ISTAT geometry 2021
022062,Mechel,historical_name,,1920-10-16,ISTAT SITUAS report 100
022064,Almazzago,historical_name,,1920-10-16,ISTAT SITUAS report 100
022064,Commezzadura,current_name,,2021-12-31,ISTAT geometry 2021
022064,Deggiano,historical_name,,1920-10-16,ISTAT SITUAS report 100
022064,Mastellina,historical_name,,1920-10-16,ISTAT SITUAS report 100
022064,Mestriago,historical_name,,1920-10-16,ISTAT SITUAS report 100
022064,Piano,historical_name,,1920-10-16,ISTAT SITUAS report 100
022068,Croviana,current_name,,2021-12-31,ISTAT geometry 2021
022071,Dambel,current_name,,2021-12-31,ISTAT geometry 2021
022074,Campodenno,historical_name,,1920-10-16,ISTAT SITUAS report 100
022074,Denno,current_name,,2021-12-31,ISTAT geometry 2021
022074,Dercolo,historical_name,,1920-10-16,ISTAT SITUAS report 100
022074,Lover,historical_name,,1920-10-16,ISTAT SITUAS report 100
022074,Quetta,historical_name,,1920-10-16,ISTAT SITUAS report 100
022074,Termon,historical_name,,1920-10-16,ISTAT SITUAS report 100
022078,Drena,current_name,,2021-12-31,ISTAT geometry 2021
022079,Drena,historical_name,,1920-10-16,ISTAT SITUAS report 100
022079,Dro,current_name,,2021-12-31,ISTAT geometry 2021
022081,FAI,historical_name,1948-03-02,1952-05-16,ANPR historical archive
022081,Fai della Paganella,current_name,,2021-12-31,ISTAT geometry 2021
022083,Fiavè,current_name,,2021-12-31,ISTAT geometry 2021
022085,Fierozzo,current_name,,2021-12-31,ISTAT geometry 2021
022087,Folgaria,current_name,,2021-12-31,ISTAT geometry 2021
022089,Fornace,current_name,,2021-12-31,ISTAT geometry 2021
022090,Frassilongo,current_name,,2021-12-31,ISTAT geometry 2021
022091,GARNIGA,historical_name,1947-06-23,1993-04-13,ANPR historical archive
022091,Garniga Terme,current_name,,2021-12-31,ISTAT geometry 2021
022092,Giovo,current_name,,2021-12-31,ISTAT geometry 2021
022093,Giustino,current_name,,2021-12-31,ISTAT geometry 2021
022095,Grigno,current_name,,2021-12-31,ISTAT geometry 2021
022095,Ospedaletto,historical_name,,1920-10-16,ISTAT SITUAS report 100
022097,Imer,current_name,,2021-12-31,ISTAT geometry 2021
022098,Isera,current_name,,2021-12-31,ISTAT geometry 2021
022098,Lenzima,historical_name,,1920-10-16,ISTAT SITUAS report 100
022098,Marano,historical_name,,1920-10-16,ISTAT SITUAS report 100
022098,Patone,historical_name,,1920-10-16,ISTAT SITUAS report 100
022098,Reviano Folas,historical_name,,1920-10-16,ISTAT SITUAS report 100
022102,Lavarone,current_name,,2021-12-31,ISTAT geometry 2021
022103,Lavis,current_name,,2021-12-31,ISTAT geometry 2021
022104,LEVICO,historical_name,1923-02-14,1969-07-29,ANPR historical archive
022104,Levico Terme,current_name,,2021-12-31,ISTAT geometry 2021
022106,Bresimo,historical_name,,1920-10-16,ISTAT SITUAS report 100
022106,Cis,historical_name,,1920-10-16,ISTAT SITUAS report 100
022106,Livo,current_name,,2021-12-31,ISTAT geometry 2021
022106,Livo Tn,election_source_name,2006-04-09,2006-04-09,official election source label
022106,Preghena,historical_name,,1920-10-16,ISTAT SITUAS report 100
022108,Lona-Lases,current_name,,2021-12-31,ISTAT geometry 2021
022109,Luserna,current_name,,2021-12-31,ISTAT geometry 2021
022110,Arnago,historical_name,,1920-10-16,ISTAT SITUAS report 100
022110,Croviana,historical_name,,1920-10-16,ISTAT SITUAS report 100
022110,Magras,historical_name,,1920-10-16,ISTAT SITUAS report 100
022110,Malé,current_name,,2021-12-31,ISTAT geometry 2021
022110,Terzolas,historical_name,,1920-10-16,ISTAT SITUAS report 100
022112,Massimeno,current_name,,2021-12-31,ISTAT geometry 2021
022113,MAZIN,alternate_name,1952-05-17,9999-12-31,ANPR historical archive
022113,Mazzin,current_name,,2021-12-31,ISTAT geometry 2021
022114,Mezzana,current_name,,2021-12-31,ISTAT geometry 2021
022115,Mezzano,current_name,,2021-12-31,ISTAT geometry 2021
022116,Mezzocorona,current_name,,2021-12-31,ISTAT geometry 2021
022117,Mezzolombardo,current_name,,2021-12-31,ISTAT geometry 2021
022118,Forno,historical_name,,1920-10-16,ISTAT SITUAS report 100
022118,Moena,current_name,,2021-12-31,ISTAT geometry 2021
022120,Andalo,historical_name,,1920-10-16,ISTAT SITUAS report 100
022120,Molveno,current_name,,2021-12-31,ISTAT geometry 2021
022123,Mori,current_name,,2021-12-31,ISTAT geometry 2021
022123,Valle San Felice,historical_name,,1920-10-16,ISTAT SITUAS report 100
022124,Nago-Torbole,current_name,,2021-12-31,ISTAT geometry 2021
022127,Nogaredo,current_name,,2021-12-31,ISTAT geometry 2021
022128,Nomi,current_name,,2021-12-31,ISTAT geometry 2021
022129,Novaledo,current_name,,2021-12-31,ISTAT geometry 2021
022130,Ospedaletto,current_name,,2021-12-31,ISTAT geometry 2021
022131,Castello,historical_name,,1920-10-16,ISTAT SITUAS report 100
022131,Ossana,current_name,,2021-12-31,ISTAT geometry 2021
022131,Pellizzano,historical_name,,1920-10-16,ISTAT SITUAS report 100
022131,Termenago,historical_name,,1920-10-16,ISTAT SITUAS report 100
022133,PALÙ,historical_name,1948-01-25,1959-07-07,ANPR historical archive
022133,Palù del Fersina,current_name,,2021-12-31,ISTAT geometry 2021
022134,Panchià,current_name,,2021-12-31,ISTAT geometry 2021
022135,Chienis,historical_name,,1920-10-16,ISTAT SITUAS report 100
022135,Manzano,historical_name,,1920-10-16,ISTAT SITUAS report 100
022135,Nomesino,historical_name,,1920-10-16,ISTAT SITUAS report 100
022135,PANNONE,historical_name,1924-01-14,1971-08-31,ANPR historical archive
022135,Ronzo,historical_name,,1920-10-16,ISTAT SITUAS report 100
022135,Ronzo-Chienis,current_name,,2021-12-31,ISTAT geometry 2021
022136,Celentino,historical_name,,1920-10-16,ISTAT SITUAS report 100
022136,Celledizzo,historical_name,,1920-10-16,ISTAT SITUAS report 100
022136,Cogolo,historical_name,,1920-10-16,ISTAT SITUAS report 100
022136,Comasine,historical_name,,1920-10-16,ISTAT SITUAS report 100
022136,Peio,current_name,,2021-12-31,ISTAT geometry 2021
022137,Pellizzano,current_name,,2021-12-31,ISTAT geometry 2021
022138,Pelugo,current_name,,2021-12-31,ISTAT geometry 2021
022139,Canezza,historical_name,,1920-10-16,ISTAT SITUAS report 100
022139,Castagnè,historical_name,,1920-10-16,ISTAT SITUAS report 100
022139,Costasavina,historical_name,,1920-10-16,ISTAT SITUAS report 100
022139,Falesina,historical_name,,1920-10-16,ISTAT SITUAS report 100
022139,Ischia,historical_name,,1920-10-16,ISTAT SITUAS report 100
022139,Madrano,historical_name,,1920-10-16,ISTAT SITUAS report 100
022139,Nogarè,historical_name,,1920-10-16,ISTAT SITUAS report 100
022139,Pèrgine,historical_name,,1920-10-16,ISTAT SITUAS report 100
022139,Pergine Valsugana,current_name,,2021-12-31,ISTAT geometry 2021
022139,Roncogno,historical_name,,1920-10-16,ISTAT SITUAS report 100
022139,Serso,historical_name,,1920-10-16,ISTAT SITUAS report 100
022139,Susà,historical_name,,1920-10-16,ISTAT SITUAS report 100
022139,Viarago,historical_name,,1920-10-16,ISTAT SITUAS report 100
022139,Vigalzano,historical_name,,1920-10-16,ISTAT SITUAS report 100
022139,Vignola,historical_name,,1920-10-16,ISTAT SITUAS report 100
022142,Bieno,historical_name,,1920-10-16,ISTAT SITUAS report 100
022142,Cinte Tesino,historical_name,,1920-10-16,ISTAT SITUAS report 100
022142,Pieve Tesino,current_name,,2021-12-31,ISTAT geometry 2021
022143,Carisolo,historical_name,,1920-10-16,ISTAT SITUAS report 100
022143,Giustino,historical_name,,1920-10-16,ISTAT SITUAS report 100
022143,Massimeno,historical_name,,1920-10-16,ISTAT SITUAS report 100
022143,Pinzolo,current_name,,2021-12-31,ISTAT geometry 2021
022144,Pomarolo,current_name,,2021-12-31,ISTAT geometry 2021
022147,Predazzo,current_name,,2021-12-31,ISTAT geometry 2021
022150,Rabbi,current_name,,2021-12-31,ISTAT geometry 2021
022153,Nago-Torbole,historical_name,,1920-10-16,ISTAT SITUAS report 100
022153,RIVA,historical_name,1929-05-28,1955-03-01,ANPR historical archive
022153,Riva del Garda,current_name,,2021-12-31,ISTAT geometry 2021
022155,Amblar,historical_name,,1920-10-16,ISTAT SITUAS report 100
022155,Don,historical_name,,1920-10-16,ISTAT SITUAS report 100
022155,Malgolo,historical_name,,1928-06-16,ISTAT SITUAS report 104
022155,Romeno,current_name,,2021-12-31,ISTAT geometry 2021
022155,Salter-Malgolo,historical_name,,1920-10-16,ISTAT SITUAS report 100
022156,RONCEGNO,historical_name,1923-02-14,2005-05-03,ANPR historical archive
022156,Roncegno Terme,current_name,,2021-12-31,ISTAT geometry 2021
022157,RONCHI,historical_name,1947-01-15,1957-07-09,ANPR historical archive
022157,Ronchi Valsugana,current_name,,2021-12-31,ISTAT geometry 2021
022159,Ronzone,current_name,,2021-12-31,ISTAT geometry 2021
022160,Roverè della Luna,current_name,,2021-12-31,ISTAT geometry 2021
022161,Lizzana,historical_name,,1920-10-16,ISTAT SITUAS report 100
022161,Marco,historical_name,,1920-10-16,ISTAT SITUAS report 100
022161,Noriglio,historical_name,,1920-10-16,ISTAT SITUAS report 100
022161,Rovereto,current_name,,2021-12-31,ISTAT geometry 2021
022162,RUFFRÈ,historical_name,1953-01-04,2005-05-10,ANPR historical archive
022162,Ruffrè-Mendola,current_name,,2021-12-31,ISTAT geometry 2021
022163,Lauregno/Laurein,historical_name,,1920-10-16,ISTAT SITUAS report 100
022163,Proves/Proveis,historical_name,,1920-10-16,ISTAT SITUAS report 100
022163,Rumo,current_name,,2021-12-31,ISTAT geometry 2021
022164,Sagron Mis,current_name,,2021-12-31,ISTAT geometry 2021
022165,Samone,current_name,,2021-12-31,ISTAT geometry 2021
022165,Samone Tn,election_source_name,2006-04-09,2006-04-09,official election source label
022167,FAEDO,historical_name,1953-01-04,2019-12-31,ANPR historical archive
022167,Grumo,historical_name,,1920-10-16,ISTAT SITUAS report 100
022167,San Michele all'Adige,current_name,,2021-12-31,ISTAT geometry 2021
022168,Fierozzo,historical_name,,1920-10-16,ISTAT SITUAS report 100
022168,Frassilongo,historical_name,,1920-10-16,ISTAT SITUAS report 100
022168,Palù,historical_name,,1920-10-16,ISTAT SITUAS report 100
022168,SANT'ORSOLA,historical_name,1929-06-16,1948-01-24,ANPR historical archive
022168,Sant'Orsola Terme,current_name,,2021-12-31,ISTAT geometry 2021
022169,BANCO,historical_name,1953-01-04,1968-08-27,ANPR historical archive
022169,CASEZ,historical_name,1953-01-04,1968-08-27,ANPR historical archive
022169,Dambel,historical_name,,1920-10-16,ISTAT SITUAS report 100
022169,Sanzeno,current_name,,2021-12-31,ISTAT geometry 2021
022170,Sarnonico,current_name,,2021-12-31,ISTAT geometry 2021
022171,Scurelle,current_name,,2021-12-31,ISTAT geometry 2021
022172,Segonzano,current_name,,2021-12-31,ISTAT geometry 2021
022172,Sevignano,historical_name,,1920-10-16,ISTAT SITUAS report 100
022173,Sfruz,current_name,,2021-12-31,ISTAT geometry 2021
022176,SORAGA,historical_name,1952-05-17,2017-03-14,ANPR historical archive
022176,Soraga di Fassa,current_name,,2021-12-31,ISTAT geometry 2021
022177,Sover,current_name,,2021-12-31,ISTAT geometry 2021
022179,Borzago,historical_name,,1920-10-16,ISTAT SITUAS report 100
022179,Fisto,historical_name,,1920-10-16,ISTAT SITUAS report 100
022179,Mortaso,historical_name,,1920-10-16,ISTAT SITUAS report 100
022179,Spiazzo,current_name,,2021-12-31,ISTAT geometry 2021
022180,Cavedago,historical_name,,1920-10-16,ISTAT SITUAS report 100
022180,Sormaggiore,election_source_name,1999-06-13,1999-06-13,official election source label
022180,SPOR,historical_name,1930-02-07,1947-07-08,ANPR historical archive
022180,Spormaggiore,current_name,,2021-12-31,ISTAT geometry 2021
022180,Sporminore,historical_name,,1920-10-16,ISTAT SITUAS report 100
022181,Sporminore,current_name,,2021-12-31,ISTAT geometry 2021
022182,Premione,historical_name,,1920-10-16,ISTAT SITUAS report 100
022182,Scelmo,historical_name,,1920-10-16,ISTAT SITUAS report 100
022182,Seo,historical_name,,1920-10-16,ISTAT SITUAS report 100
022182,Stenico,current_name,,2021-12-31,ISTAT geometry 2021
022182,Villa Banale,historical_name,,1920-10-16,ISTAT SITUAS report 100
022183,Bondone,historical_name,,1920-10-16,ISTAT SITUAS report 100
022183,Darzo,historical_name,,1920-10-16,ISTAT SITUAS report 100
022183,Lodrone,historical_name,,1920-10-16,ISTAT SITUAS report 100
022183,Storo,current_name,,2021-12-31,ISTAT geometry 2021
022184,Bocenago,historical_name,,1920-10-16,ISTAT SITUAS report 100
022184,Caderzone,historical_name,,1920-10-16,ISTAT SITUAS report 100
022184,Strembo,current_name,,2021-12-31,ISTAT geometry 2021
022188,Telve,current_name,,2021-12-31,ISTAT geometry 2021
022189,Telve di Sopra,current_name,,2021-12-31,ISTAT geometry 2021
022190,Tenna,current_name,,2021-12-31,ISTAT geometry 2021
022191,Cologna-Gavazzo,historical_name,,1920-10-16,ISTAT SITUAS report 100
022191,Pranzo,historical_name,,1920-10-16,ISTAT SITUAS report 100
022191,Tenno,current_name,,2021-12-31,ISTAT geometry 2021
022191,Ville del Monte,historical_name,,1920-10-16,ISTAT SITUAS report 100
022193,Terragnolo,current_name,,2021-12-31,ISTAT geometry 2021
022195,Terzolas,current_name,,2021-12-31,ISTAT geometry 2021
022196,Tesero,current_name,,2021-12-31,ISTAT geometry 2021
022199,Bolbeno,historical_name,,1920-10-16,ISTAT SITUAS report 100
022199,Saone,historical_name,,1920-10-16,ISTAT SITUAS report 100
022199,Tione,historical_name,,1920-10-16,ISTAT SITUAS report 100
022199,Tione di Trento,current_name,,2021-12-31,ISTAT geometry 2021
022199,Zuclo,historical_name,,1920-10-16,ISTAT SITUAS report 100
022200,Masi di Vigo,historical_name,,1920-10-16,ISTAT SITUAS report 100
022200,Ton,current_name,,2021-12-31,ISTAT geometry 2021
022200,Toss,historical_name,,1920-10-16,ISTAT SITUAS report 100
022200,Vigo d'Anaunia,historical_name,,1920-10-16,ISTAT SITUAS report 100
022202,Torcegno,current_name,,2021-12-31,ISTAT geometry 2021
022203,Trambileno,current_name,,2021-12-31,ISTAT geometry 2021
022205,BASELGA,historical_name,1947-01-15,1955-03-01,ANPR historical archive
022205,BASELGA DI VEZZANO,historical_name,1955-03-02,1968-07-02,ANPR historical archive
022205,Cadine,historical_name,,1920-10-16,ISTAT SITUAS report 100
022205,Cognola,historical_name,,1920-10-16,ISTAT SITUAS report 100
022205,Gardolo al Piano,historical_name,,1920-10-16,ISTAT SITUAS report 100
022205,Mattarello,historical_name,,1920-10-16,ISTAT SITUAS report 100
022205,Meano,historical_name,,1920-10-16,ISTAT SITUAS report 100
022205,Povo,historical_name,,1920-10-16,ISTAT SITUAS report 100
022205,Ravina,historical_name,,1920-10-16,ISTAT SITUAS report 100
022205,Romagnano,historical_name,,1920-10-16,ISTAT SITUAS report 100
022205,Sardagna,historical_name,,1920-10-16,ISTAT SITUAS report 100
022205,Sopramonte,historical_name,,1920-10-16,ISTAT SITUAS report 100
022205,Trento,current_name,,2021-12-31,ISTAT geometry 2021
022205,VIGOLO BASELGA,historical_name,1947-01-15,1968-07-02,ANPR historical archive
022205,Villazzano,historical_name,,1920-10-16,ISTAT SITUAS report 100
022209,Valfioriana,election_source_name,1948-04-18,1948-04-18,official election source label
022209,Valfloriana,current_name,,2021-12-31,ISTAT geometry 2021
022210,Vallarsa,current_name,,2021-12-31,ISTAT geometry 2021
022213,Vermiglio,current_name,,2021-12-31,ISTAT geometry 2021
022216,Vignola-Falesina,current_name,,2021-12-31,ISTAT geometry 2021
022222,Castellano,historical_name,,1920-10-16,ISTAT SITUAS report 100
022222,Noarna,historical_name,,1920-10-16,ISTAT SITUAS report 100
022222,Nogaredo,historical_name,,1920-10-16,ISTAT SITUAS report 100
022222,Pedersano,historical_name,,1920-10-16,ISTAT SITUAS report 100
022222,Sasso,historical_name,,1920-10-16,ISTAT SITUAS report 100
022222,Villa Lagarina,current_name,,2021-12-31,ISTAT geometry 2021
022224,Volano,current_name,,2021-12-31,ISTAT geometry 2021
022226,Panchià,historical_name,,1920-10-16,ISTAT SITUAS report 100
022226,ZIANO,historical_name,1929-01-25,1947-03-14,ANPR historical archive
022226,Ziano di Fiemme,current_name,,2021-12-31,ISTAT geometry 2021
022228,BLEGGIO INFERIORE,historical_name,1947-01-10,2009-12-31,ANPR historical archive
022228,Campo,historical_name,,1920-10-16,ISTAT SITUAS report 100
022228,Comano,historical_name,,1920-10-16,ISTAT SITUAS report 100
022228,Comano Terme,current_name,,2021-12-31,ISTAT geometry 2021
022228,Fiavè,historical_name,,1920-10-16,ISTAT SITUAS report 100
022228,LOMASO,historical_name,1928-04-03,1952-05-16,ANPR historical archive
022228,Lundo,historical_name,,1920-10-16,ISTAT SITUAS report 100
022228,Stumiaga,historical_name,,1920-10-16,ISTAT SITUAS report 100
022229,BEZZECCA,historical_name,1928-02-09,1952-09-19,ANPR historical archive
022229,Biacesa,historical_name,,1920-10-16,ISTAT SITUAS report 100
022229,CONCEI,historical_name,1952-09-20,2009-12-31,ANPR historical archive
022229,Enguiso,historical_name,,1920-10-16,ISTAT SITUAS report 100
022229,Ledro,current_name,,2021-12-31,ISTAT geometry 2021
022229,Legos,historical_name,,1920-10-16,ISTAT SITUAS report 100
022229,Lenzumo,historical_name,,1920-10-16,ISTAT SITUAS report 100
022229,Locca,historical_name,,1920-10-16,ISTAT SITUAS report 100
022229,Mezzolago,historical_name,,1920-10-16,ISTAT SITUAS report 100
022229,MOLINA DI LEDRO,historical_name,1928-04-04,1955-03-01,ANPR historical archive
022229,PIEVE DI LEDRO,historical_name,1952-09-20,1955-03-01,ANPR historical archive
022229,Prè,historical_name,,1920-10-16,ISTAT SITUAS report 100
022229,Pregasina,historical_name,,1920-10-16,ISTAT SITUAS report 100
022229,TIARNO,historical_name,1928-02-23,1947-07-09,ANPR historical archive
022229,TIARNO DI SOPRA,historical_name,1947-07-09,2009-12-31,ANPR historical archive
022229,TIARNO DI SOTTO,historical_name,1947-07-09,2009-12-31,ANPR historical archive
022230,COREDO,historical_name,1929-01-24,1952-09-19,ANPR historical archive
022230,Dardine,historical_name,,1920-10-16,ISTAT SITUAS report 100
022230,Dermulo,historical_name,,1920-10-16,ISTAT SITUAS report 100
022230,Mollaro,historical_name,,1920-10-16,ISTAT SITUAS report 100
022230,Predaia,current_name,,2021-12-31,ISTAT geometry 2021
022230,Priò,historical_name,,1920-10-16,ISTAT SITUAS report 100
022230,Segno,historical_name,,1920-10-16,ISTAT SITUAS report 100
022230,Sfruz,historical_name,,1920-10-16,ISTAT SITUAS report 100
022230,SMARANO,historical_name,1952-09-20,2014-12-31,ANPR historical archive
022230,TAIO,historical_name,1929-01-24,2014-12-31,ANPR historical archive
022230,Tavon,historical_name,,1920-10-16,ISTAT SITUAS report 100
022230,Torra,historical_name,,1920-10-16,ISTAT SITUAS report 100
022230,TRES,historical_name,1928-12-14,1950-05-12,ANPR historical archive
022230,Tuenetto,historical_name,,1920-10-16,ISTAT SITUAS report 100
022230,VERVÒ,historical_name,1950-05-13,2014-12-31,ANPR historical archive
022230,Vion,historical_name,,1920-10-16,ISTAT SITUAS report 100
022231,Andogno,historical_name,,1920-10-16,ISTAT SITUAS report 100
022231,DORSINO,historical_name,1954-07-24,2014-12-31,ANPR historical archive
022231,San Lorenzo Dorsino,current_name,,2021-12-31,ISTAT geometry 2021
022231,SAN LORENZO IN BANALE,historical_name,1928-01-26,1954-07-23,ANPR historical archive
022231,Tavodo,historical_name,,1920-10-16,ISTAT SITUAS report 100
022232,BERSONE,historical_name,1952-09-20,2014-12-31,ANPR historical archive
022232,DAONE,historical_name,1952-09-20,2014-12-31,ANPR historical archive
022232,PRASO,historical_name,1952-09-20,2014-12-31,ANPR historical archive
022232,Valdaone,current_name,,2021-12-31,ISTAT geometry 2021
022233,Bolentina,historical_name,,1920-10-16,ISTAT SITUAS report 100
022233,Carciato,historical_name,,1920-10-16,ISTAT SITUAS report 100
022233,DIMARO,historical_name,1928-09-06,1953-09-11,ANPR historical archive
022233,Dimaro Folgarida,current_name,,2021-12-31,ISTAT geometry 2021
022233,MONCLASSICO,historical_name,1953-09-12,1970-08-04,ANPR historical archive
022233,Montes,historical_name,,1920-10-16,ISTAT SITUAS report 100
022233,Presson,historical_name,,1920-10-16,ISTAT SITUAS report 100
022234,Agrone,historical_name,,1920-10-16,ISTAT SITUAS report 100
022234,Bersone,historical_name,,1920-10-16,ISTAT SITUAS report 100
022234,Cologna in Giudicarie,historical_name,,1920-10-16,ISTAT SITUAS report 100
022234,Creto,historical_name,,1920-10-16,ISTAT SITUAS report 100
022234,Daone,historical_name,,1920-10-16,ISTAT SITUAS report 100
022234,PIEVE DI BONO,historical_name,1928-03-07,1952-09-19,ANPR historical archive
022234,Pieve di Bono-Prezzo,current_name,,2021-12-31,ISTAT geometry 2021
022234,Por,historical_name,,1920-10-16,ISTAT SITUAS report 100
022234,Praso,historical_name,,1920-10-16,ISTAT SITUAS report 100
022234,PREZZO,historical_name,1952-09-20,2015-12-31,ANPR historical archive
022234,Strada,historical_name,,1920-10-16,ISTAT SITUAS report 100
022235,Altavalle,current_name,,2021-12-31,ISTAT geometry 2021
022235,FAVER,historical_name,1952-05-17,2015-12-31,ANPR historical archive
022235,GRAUNO,historical_name,1952-05-17,2015-12-31,ANPR historical archive
022235,GRUMES,historical_name,1928-09-06,1952-05-16,ANPR historical archive
022235,VALDA,historical_name,1952-05-17,2015-12-31,ANPR historical archive
022236,Altopiano della Vigolana,current_name,,2021-12-31,ISTAT geometry 2021
022236,BOSENTINO,historical_name,1947-03-30,2015-12-31,ANPR historical archive
022236,CENTA SAN NICOLÒ,historical_name,1947-05-17,1988-08-02,ANPR historical archive
022236,VATTARO,historical_name,1947-03-30,1988-08-02,ANPR historical archive
022236,VIGOLO VATTARO,historical_name,1928-09-09,1947-03-29,ANPR historical archive
022237,AMBLAR,historical_name,1952-09-20,2015-12-31,ANPR historical archive
022237,Amblar-Don,current_name,,2021-12-31,ISTAT geometry 2021
022237,DON,historical_name,1952-09-20,2015-12-31,ANPR historical archive
022238,Borgo Chiese,current_name,,2021-12-31,ISTAT geometry 2021
022238,BRIONE,historical_name,1946-12-24,2015-12-31,ANPR historical archive
022238,Castel Condino,election_source_name,1953-06-07,1953-06-07,official election source label
022238,Castello,historical_name,,1920-10-16,ISTAT SITUAS report 100
022238,CIMEGO,historical_name,1946-12-24,2015-12-31,ANPR historical archive
022238,CONDINO,historical_name,1928-03-13,1946-12-23,ANPR historical archive
022239,BOLBENO,historical_name,1952-05-17,2015-12-31,ANPR historical archive
022239,Borgo Lares,current_name,,2021-12-31,ISTAT geometry 2021
022239,ZUCLO,historical_name,1952-05-17,2015-12-31,ANPR historical archive
022240,Castel Ivano,current_name,,2021-12-31,ISTAT geometry 2021
022240,IVANO-FRACENA,historical_name,1947-01-14,2016-07-01,ANPR historical archive
022240,Samone,historical_name,,1920-10-16,ISTAT SITUAS report 100
022240,Scurelle,historical_name,,1920-10-16,ISTAT SITUAS report 100
022240,SPERA,historical_name,1947-01-14,2015-12-31,ANPR historical archive
022240,STRIGNO,historical_name,1928-07-28,1947-01-13,ANPR historical archive
022240,VILLA AGNEDO,historical_name,1947-01-14,2015-12-31,ANPR historical archive
022241,CEMBRA,historical_name,1928-09-06,1952-05-16,ANPR historical archive
022241,Cembra Lisignago,current_name,,2021-12-31,ISTAT geometry 2021
022241,Faver,historical_name,,1920-10-16,ISTAT SITUAS report 100
022241,LISIGNAGO,historical_name,1952-05-17,2015-12-31,ANPR historical archive
022242,Contà,current_name,,2021-12-31,ISTAT geometry 2021
022242,CUNEVO,historical_name,1947-03-30,2015-12-31,ANPR historical archive
022242,FLAVON,historical_name,1928-10-17,1947-03-29,ANPR historical archive
022242,TERRES,historical_name,1947-03-30,2015-12-31,ANPR historical archive
022243,CALAVINO,historical_name,1953-09-12,1978-07-12,ANPR historical archive
022243,LASINO,historical_name,1953-09-12,1978-07-12,ANPR historical archive
022243,Madruzzo,current_name,,2021-12-31,ISTAT geometry 2021
022244,DARÈ,historical_name,1946-12-19,2015-12-31,ANPR historical archive
022244,Iavrè,historical_name,,1920-10-16,ISTAT SITUAS report 100
022244,Pelugo,historical_name,,1920-10-16,ISTAT SITUAS report 100
022244,Porte di Rendena,current_name,,2021-12-31,ISTAT geometry 2021
022244,Verdesina,historical_name,,1920-10-16,ISTAT SITUAS report 100
022244,VIGO RENDENA,historical_name,1928-06-27,1946-12-18,ANPR historical archive
022244,VILLA RENDENA,historical_name,1928-06-28,2015-12-31,ANPR historical archive
022245,FIERA DI PRIMIERO,historical_name,1947-01-24,2015-12-31,ANPR historical archive
022245,Primiero San Martino di Castrozza,current_name,,2021-12-31,ISTAT geometry 2021
022245,SIROR,historical_name,1947-01-24,2015-12-31,ANPR historical archive
022245,TONADICO,historical_name,1947-01-24,2015-12-31,ANPR historical archive
022245,TRANSACQUA,historical_name,1947-01-24,2015-12-31,ANPR historical archive
022246,Arnò,historical_name,,1929-01-01,ISTAT SITUAS report 104
022246,BONDO,historical_name,1947-01-07,2015-12-31,ANPR historical archive
022246,BONDO BREGUZZO,historical_name,1931-05-20,1947-01-07,ANPR historical archive
022246,BREGUZZO,historical_name,1947-01-07,2015-12-31,ANPR historical archive
022246,LARDARO,historical_name,1958-01-01,2015-12-31,ANPR historical archive
022246,RONCONE,historical_name,1928-04-29,1957-12-31,ANPR historical archive
022246,Sella Giudicarie,current_name,,2021-12-31,ISTAT geometry 2021
022247,MONTAGNE,historical_name,1952-05-17,2015-12-31,ANPR historical archive
022247,PREORE,historical_name,1952-05-17,2015-12-31,ANPR historical archive
022247,RAGOLI,historical_name,1928-02-09,1952-05-16,ANPR historical archive
022247,Tre Ville,current_name,,2021-12-31,ISTAT geometry 2021
022248,Baselga,historical_name,,1920-10-16,ISTAT SITUAS report 100
022248,Ciago,historical_name,,1920-10-16,ISTAT SITUAS report 100
022248,Covelo,historical_name,,1920-10-16,ISTAT SITUAS report 100
022248,Fraveggio,historical_name,,1920-10-16,ISTAT SITUAS report 100
022248,Lon,historical_name,,1920-10-16,ISTAT SITUAS report 100
022248,Margone,historical_name,,1920-10-16,ISTAT SITUAS report 100
022248,PADERGNONE,historical_name,1952-09-20,2015-12-31,ANPR historical archive
022248,Ranzo,historical_name,,1920-10-16,ISTAT SITUAS report 100
022248,TERLAGO,historical_name,1928-05-22,1947-01-14,ANPR historical archive
022248,Vallelaghi,current_name,,2021-12-31,ISTAT geometry 2021
022248,VEZZANO,historical_name,1928-04-19,1952-09-19,ANPR historical archive
022248,Vigolo Baselga,historical_name,,1920-10-16,ISTAT SITUAS report 100
022249,NANNO,historical_name,1947-03-15,2015-12-31,ANPR historical archive
022249,TASSULLO,historical_name,1928-09-06,1947-03-14,ANPR historical archive
022249,TUENNO,historical_name,1923-02-14,2015-12-31,ANPR historical archive
022249,Ville d'Anaunia,current_name,,2021-12-31,ISTAT geometry 2021
022250,Mazzin,historical_name,,1920-10-16,ISTAT SITUAS report 100
022250,Perra,historical_name,,1920-10-16,ISTAT SITUAS report 100
022250,POZZA,historical_name,1952-05-17,1956-01-03,ANPR historical archive
022250,POZZA DI FASSA,historical_name,1956-01-04,2017-12-31,ANPR historical archive
022250,S+N Jan di Fassa,election_source_name,2018-03-04,2018-03-04,official election source label
022250,San Giovanni di Fassa,current_name,,2021-12-31,ISTAT geometry 2021
022250,SAN GIOVANNI DI FASSA-SÈN JAN,historical_name,2018-12-07,9999-12-31,ANPR historical archive
022250,SÈN JAN,alternate_name,2018-01-01,2018-12-06,ANPR historical archive
022250,SÈN JAN DI FASSA,historical_name,2018-01-01,2018-12-06,ANPR historical archive
022250,Sèn Jan di Fassa-Sèn Jan,historical_name,,2018-01-01,ISTAT SITUAS report 98
022250,Soraga,historical_name,,1920-10-16,ISTAT SITUAS report 100
022250,VICH,alternate_name,1926-07-22,1952-05-16,ANPR historical archive
022250,VIGO DI FASSA,historical_name,1926-07-22,1952-05-16,ANPR historical archive
022251,Fai,historical_name,,1920-10-16,ISTAT SITUAS report 100
022251,NAVE SAN ROCCO,historical_name,1948-03-02,1958-06-17,ANPR historical archive
022251,Terre d'Adige,current_name,,2021-12-31,ISTAT geometry 2021
022251,ZAMBANA,historical_name,1928-05-23,1948-03-01,ANPR historical archive
022252,Borgo d'Anaunia,current_name,,2021-12-31,ISTAT geometry 2021
022252,CASTELFONDO,historical_name,1947-01-10,2019-12-31,ANPR historical archive
022252,FONDO,historical_name,1928-06-30,1947-03-26,ANPR historical archive
022252,MALOSCO,historical_name,1947-03-27,2019-12-31,ANPR historical archive
022252,San Felice/St. Felix,historical_name,,1920-10-16,ISTAT SITUAS report 100
022252,Senale/Unsere Liebe Frau im Walde,historical_name,,1920-10-16,ISTAT SITUAS report 100
022252,Vasio,historical_name,,1920-10-16,ISTAT SITUAS report 100
022253,BREZ,historical_name,1929-01-01,1947-01-09,ANPR historical archive
022253,CAGNÒ,historical_name,1950-05-13,2019-12-31,ANPR historical archive
022253,Castelfondo,historical_name,,1920-10-16,ISTAT SITUAS report 100
022253,CLOZ,historical_name,1947-01-10,2019-12-31,ANPR historical archive
022253,Novella,current_name,,2021-12-31,ISTAT geometry 2021
022253,REVÒ,historical_name,1928-09-06,1950-05-12,ANPR historical archive
022253,ROMALLO,historical_name,1950-05-13,2019-12-31,ANPR historical archive
022254,CARANO,historical_name,1946-12-26,2019-12-31,ANPR historical archive
022254,DAIANO,historical_name,1946-12-26,2019-12-31,ANPR historical archive
022254,VARENA,historical_name,1946-12-26,2019-12-31,ANPR historical archive
022254,Ville di Fiemme,current_name,,2021-12-31,ISTAT geometry 2021
023001,Affi,current_name,,2021-12-31,ISTAT geometry 2021
023002,Albaredo,historical_name,,1866-11-20,ISTAT SITUAS report 100
023002,Albaredo d'Adige,current_name,,2021-12-31,ISTAT geometry 2021
023003,Angiari,current_name,,2021-12-31,ISTAT geometry 2021
023004,Arcole,current_name,,2021-12-31,ISTAT geometry 2021
023005,Badia Calavena,current_name,,2021-12-31,ISTAT geometry 2021
023006,Bardolino,current_name,,2021-12-31,ISTAT geometry 2021
023007,Belfiore,current_name,,2021-12-31,ISTAT geometry 2021
023007,Belfiore di Porcile,historical_name,,1866-11-20,ISTAT SITUAS report 100
023008,Bevilacqua,current_name,,2021-12-31,ISTAT geometry 2021
023009,Bonavigo,current_name,,2021-12-31,ISTAT geometry 2021
023010,Boschi Sant'Anna,current_name,,2021-12-31,ISTAT geometry 2021
023011,Bosco Chiesanuova,current_name,,2021-12-31,ISTAT geometry 2021
023012,Bovolone,current_name,,2021-12-31,ISTAT geometry 2021
023013,Belluno Veronese,historical_name,,1866-11-20,ISTAT SITUAS report 100
023013,Brentino,historical_name,,1866-11-20,ISTAT SITUAS report 100
023013,Brentino Belluno,current_name,,2021-12-31,ISTAT geometry 2021
023014,BRENZONE,historical_name,1924-03-24,2014-03-07,ANPR historical archive
023014,Brenzone sul Garda,current_name,,2021-12-31,ISTAT geometry 2021
023014,Castelletto,historical_name,,1866-11-20,ISTAT SITUAS report 100
023014,Castelletto di Brenzone,historical_name,,1870-10-17,ISTAT SITUAS report 104
023015,Bussolengo,current_name,,2021-12-31,ISTAT geometry 2021
023016,Buttapietra,current_name,,2021-12-31,ISTAT geometry 2021
023017,Caldiero,current_name,,2021-12-31,ISTAT geometry 2021
023018,Caprino,historical_name,,1866-11-20,ISTAT SITUAS report 100
023018,Caprino Veronese,current_name,,2021-12-31,ISTAT geometry 2021
023018,Carino Veronese,election_source_name,1999-06-13,1999-06-13,official election source label
023019,Casaleone,current_name,,2021-12-31,ISTAT geometry 2021
023020,Castagnaro,current_name,,2021-12-31,ISTAT geometry 2021
023021,Castel d'Azzano,current_name,,2021-12-31,ISTAT geometry 2021
023022,Castelnuovo,historical_name,,1866-11-20,ISTAT SITUAS report 100
023022,Castelnuovo del Garda,current_name,,2021-12-31,ISTAT geometry 2021
023022,CASTELNUOVO DI VERONA,historical_name,1867-08-26,1970-08-03,ANPR historical archive
023023,Cavajon,historical_name,,1866-11-20,ISTAT SITUAS report 100
023023,Cavaion Veronese,current_name,,2021-12-31,ISTAT geometry 2021
023024,Cazzano,historical_name,,1866-11-20,ISTAT SITUAS report 100
023024,Cazzano di Tramigna,current_name,,2021-12-31,ISTAT geometry 2021
023025,Cerea,current_name,,2021-12-31,ISTAT geometry 2021
023026,Cerro Veronese,current_name,,2021-12-31,ISTAT geometry 2021
023027,Cologna,historical_name,,1866-11-20,ISTAT SITUAS report 100
023027,Cologna Veneta,current_name,,2021-12-31,ISTAT geometry 2021
023028,Colognola,historical_name,,1866-11-20,ISTAT SITUAS report 100
023028,Colognola ai Colli,current_name,,2021-12-31,ISTAT geometry 2021
023029,Concamarise,current_name,,2021-12-31,ISTAT geometry 2021
023030,Castione,historical_name,,1866-11-20,ISTAT SITUAS report 100
023030,Castione Veronese,historical_name,,1868-12-31,ISTAT SITUAS report 104
023030,COSTERMANO,historical_name,1928-05-22,2016-12-23,ANPR historical archive
023030,Costermano sul Garda,current_name,,2021-12-31,ISTAT geometry 2021
023031,Dolcè,current_name,,2021-12-31,ISTAT geometry 2021
023032,Erbè,current_name,,2021-12-31,ISTAT geometry 2021
023033,Erbezzo,current_name,,2021-12-31,ISTAT geometry 2021
023034,Ferrara di Monte Baldo,current_name,,2021-12-31,ISTAT geometry 2021
023035,Fumane,current_name,,2021-12-31,ISTAT geometry 2021
023036,Garda,current_name,,2021-12-31,ISTAT geometry 2021
023037,Correzzo,historical_name,,1866-11-20,ISTAT SITUAS report 100
023037,Gazzo,historical_name,,1866-11-20,ISTAT SITUAS report 100
023037,Gazzo Veronese,current_name,,2021-12-31,ISTAT geometry 2021
023038,Cerro,historical_name,,1866-11-20,ISTAT SITUAS report 100
023038,Cerro Veronese,historical_name,,1867-10-07,ISTAT SITUAS report 104
023038,Grezzana,current_name,,2021-12-31,ISTAT geometry 2021
023039,Illasi,current_name,,2021-12-31,ISTAT geometry 2021
023040,Isola della Scala,current_name,,2021-12-31,ISTAT geometry 2021
023041,Isola Porcarizza,historical_name,,1866-11-20,ISTAT SITUAS report 100
023041,Isola Rizza,current_name,,2021-12-31,ISTAT geometry 2021
023042,Lavagno,current_name,,2021-12-31,ISTAT geometry 2021
023043,Lazise,current_name,,2021-12-31,ISTAT geometry 2021
023044,Legnago,current_name,,2021-12-31,ISTAT geometry 2021
023045,Malcesine,current_name,,2021-12-31,ISTAT geometry 2021
023046,Marano,historical_name,,1866-11-20,ISTAT SITUAS report 100
023046,Marano di Valpolicella,current_name,,2021-12-31,ISTAT geometry 2021
023047,Mezzane di Sotto,current_name,,2021-12-31,ISTAT geometry 2021
023048,Minerbe,current_name,,2021-12-31,ISTAT geometry 2021
023049,Montecchia di Crosara,current_name,,2021-12-31,ISTAT geometry 2021
023050,Monteforte,historical_name,,1866-11-20,ISTAT SITUAS report 100
023050,Monteforte d'Alone,election_source_name,1999-06-13,1999-06-13,official election source label
023050,Monteforte d'Alpone,current_name,,2021-12-31,ISTAT geometry 2021
023051,Mozzecane,current_name,,2021-12-31,ISTAT geometry 2021
023052,NEGRAR,historical_name,1929-01-24,2019-02-22,ANPR historical archive
023052,Negrar di Valpolicella,current_name,,2021-12-31,ISTAT geometry 2021
023053,Nogara,current_name,,2021-12-31,ISTAT geometry 2021
023054,Nogarole,historical_name,,1866-11-20,ISTAT SITUAS report 100
023054,Nogarole Rocca,current_name,,2021-12-31,ISTAT geometry 2021
023055,Oppeano,current_name,,2021-12-31,ISTAT geometry 2021
023056,Palù,current_name,,2021-12-31,ISTAT geometry 2021
023057,Pastrengo,current_name,,2021-12-31,ISTAT geometry 2021
023058,Pescantina,current_name,,2021-12-31,ISTAT geometry 2021
023059,Peschiera,historical_name,,1866-11-20,ISTAT SITUAS report 100
023059,Peschiera del Garda,current_name,,2021-12-31,ISTAT geometry 2021
023059,Peschiera sul Lago di Garda,historical_name,,1867-10-07,ISTAT SITUAS report 104
023060,Povegliano Veronese,current_name,,2021-12-31,ISTAT geometry 2021
023061,Pressana,current_name,,2021-12-31,ISTAT geometry 2021
023061,Roveredo,historical_name,,1866-11-20,ISTAT SITUAS report 100
023061,Roveredo di Guà,historical_name,,1867-10-07,ISTAT SITUAS report 104
023062,Rivoli,historical_name,,1866-11-20,ISTAT SITUAS report 100
023062,Rivoli Veronese,current_name,,2021-12-31,ISTAT geometry 2021
023063,Roncà,current_name,,2021-12-31,ISTAT geometry 2021
023064,Ronco,historical_name,,1866-11-20,ISTAT SITUAS report 100
023064,Ronco all'Adige,current_name,,2021-12-31,ISTAT geometry 2021
023065,Roverchiara,current_name,,2021-12-31,ISTAT geometry 2021
023066,Roveredo di Guà,current_name,,2021-12-31,ISTAT geometry 2021
023067,Roverè di Velo,historical_name,,1866-11-20,ISTAT SITUAS report 100
023067,Roverè Veronese,current_name,,2021-12-31,ISTAT geometry 2021
023068,Salizzole,current_name,,2021-12-31,ISTAT geometry 2021
023069,San Bonifacio,current_name,,2021-12-31,ISTAT geometry 2021
023070,San Giovanni Ilarione,current_name,,2021-12-31,ISTAT geometry 2021
023071,San Giovanni Lupatoto,current_name,,2021-12-31,ISTAT geometry 2021
023072,Concamarise,historical_name,,1866-11-20,ISTAT SITUAS report 100
023072,Sanguinetto,current_name,,2021-12-31,ISTAT geometry 2021
023073,Marcellise,historical_name,,1866-11-20,ISTAT SITUAS report 100
023073,San Martino Buon Albergo,current_name,,2021-12-31,ISTAT geometry 2021
023074,Saline,historical_name,,1866-11-20,ISTAT SITUAS report 100
023074,San Mauro di Saline,current_name,,2021-12-31,ISTAT geometry 2021
023075,San Pietro di Morubio,current_name,,2021-12-31,ISTAT geometry 2021
023076,San Ietro in Cariano,election_source_name,1999-06-13,1999-06-13,official election source label
023076,San Pietro in Cariano,current_name,,2021-12-31,ISTAT geometry 2021
023077,Sant'Ambrogio,historical_name,,1866-11-20,ISTAT SITUAS report 100
023077,Sant'Ambrogio di Valolicella,election_source_name,1999-06-13,1999-06-13,official election source label
023077,Sant'Ambrogio di Valpolicella,current_name,,2021-12-31,ISTAT geometry 2021
023078,Sant'Anna d'Alfaedo,current_name,,2021-12-31,ISTAT geometry 2021
023079,San Zeno di Montagna,current_name,,2021-12-31,ISTAT geometry 2021
023080,Selva di Progno,current_name,,2021-12-31,ISTAT geometry 2021
023081,Soave,current_name,,2021-12-31,ISTAT geometry 2021
023082,Sommacamagna,election_source_name,1999-06-13,1999-06-13,official election source label
023082,Sommacampagna,current_name,,2021-12-31,ISTAT geometry 2021
023083,Sona,current_name,,2021-12-31,ISTAT geometry 2021
023084,Sorgà,current_name,,2021-12-31,ISTAT geometry 2021
023085,Terrazzo,current_name,,2021-12-31,ISTAT geometry 2021
023086,Torri,historical_name,,1866-11-20,ISTAT SITUAS report 100
023086,Torri del Benaco,current_name,,2021-12-31,ISTAT geometry 2021
023087,Tregnago,current_name,,2021-12-31,ISTAT geometry 2021
023088,Trevenzuolo,current_name,,2021-12-31,ISTAT geometry 2021
023089,Valeggio,historical_name,,1866-11-20,ISTAT SITUAS report 100
023089,Valeggio sul Mincio,current_name,,2021-12-31,ISTAT geometry 2021
023090,Velo,historical_name,,1866-11-20,ISTAT SITUAS report 100
023090,Velo Veronese,current_name,,2021-12-31,ISTAT geometry 2021
023091,Avesa,historical_name,,1866-11-20,ISTAT SITUAS report 100
023091,Ca' di David,historical_name,,1866-11-20,ISTAT SITUAS report 100
023091,Mizzole,historical_name,,1866-11-20,ISTAT SITUAS report 100
023091,Montorio,historical_name,,1866-11-20,ISTAT SITUAS report 100
023091,Montorio Veronese,historical_name,,1867-10-07,ISTAT SITUAS report 104
023091,Parona,historical_name,,1866-11-20,ISTAT SITUAS report 100
023091,Parona all'Adige,historical_name,,1867-10-07,ISTAT SITUAS report 104
023091,Parona di Valpolicella,historical_name,,1905-04-01,ISTAT SITUAS report 104
023091,Quinto,historical_name,,1866-11-20,ISTAT SITUAS report 100
023091,Quinto di Valpantena,historical_name,,1867-10-07,ISTAT SITUAS report 104
023091,Quinzano,historical_name,,1866-11-20,ISTAT SITUAS report 100
023091,Quinzano Veronese,historical_name,,1867-10-07,ISTAT SITUAS report 104
023091,San Giovanni Lupatoto,historical_name,,1866-11-20,ISTAT SITUAS report 100
023091,San Massimo,historical_name,,1866-11-20,ISTAT SITUAS report 100
023091,San Massimo all'Adige,historical_name,,1867-10-07,ISTAT SITUAS report 104
023091,San Michele,historical_name,,1866-11-20,ISTAT SITUAS report 100
023091,San Michele Extra,historical_name,,1867-10-07,ISTAT SITUAS report 104
023091,Santa Maria in Stelle,historical_name,,1866-11-20,ISTAT SITUAS report 100
023091,Verona,current_name,,2021-12-31,ISTAT geometry 2021
023091,Verona Ovest,election_source_name,1994-03-27,1994-03-27,official election source label
023092,Cucca,historical_name,,1866-11-20,ISTAT SITUAS report 100
023092,Veronella,current_name,,2021-12-31,ISTAT geometry 2021
023093,Vestenanova,current_name,,2021-12-31,ISTAT geometry 2021
023094,Vigasio,current_name,,2021-12-31,ISTAT geometry 2021
023095,Villa Bartolomea,current_name,,2021-12-31,ISTAT geometry 2021
023096,Villafranca,historical_name,,1866-11-20,ISTAT SITUAS report 100
023096,Villafranca di Verona,current_name,,2021-12-31,ISTAT geometry 2021
023097,Palù,historical_name,,1866-11-20,ISTAT SITUAS report 100
023097,Zevio,current_name,,2021-12-31,ISTAT geometry 2021
023098,Zimella,current_name,,2021-12-31,ISTAT geometry 2021
024001,Agugliaro,current_name,,2021-12-31,ISTAT geometry 2021
024002,Albettone,current_name,,2021-12-31,ISTAT geometry 2021
024003,Alonte,current_name,,2021-12-31,ISTAT geometry 2021
024004,Altavilla,historical_name,,1866-11-20,ISTAT SITUAS report 100
024004,Altavilla Vicentina,current_name,,2021-12-31,ISTAT geometry 2021
024005,Altissimo,current_name,,2021-12-31,ISTAT geometry 2021
024006,Arcugnano,current_name,,2021-12-31,ISTAT geometry 2021
024007,Arsiero,current_name,,2021-12-31,ISTAT geometry 2021
024008,Arzignano,current_name,,2021-12-31,ISTAT geometry 2021
024009,Asiago,current_name,,2021-12-31,ISTAT geometry 2021
024010,Asigliano,historical_name,,1909-01-23,ISTAT SITUAS report 100
024010,Asigliano Veneto,current_name,,2021-12-31,ISTAT geometry 2021
024012,Bassano,historical_name,,1866-11-20,ISTAT SITUAS report 100
024012,Bassano del Grappa,current_name,,2021-12-31,ISTAT geometry 2021
024012,Valrovina,historical_name,,1866-11-20,ISTAT SITUAS report 100
024013,Bolzano,historical_name,,1866-11-20,ISTAT SITUAS report 100
024013,Bolzano Vicentino,current_name,,2021-12-31,ISTAT geometry 2021
024014,Breganze,current_name,,2021-12-31,ISTAT geometry 2021
024015,Brendola,current_name,,2021-12-31,ISTAT geometry 2021
024016,Bressanvido,current_name,,2021-12-31,ISTAT geometry 2021
024017,Brogliano,current_name,,2021-12-31,ISTAT geometry 2021
024018,Caldogno,current_name,,2021-12-31,ISTAT geometry 2021
024019,Caltrano,current_name,,2021-12-31,ISTAT geometry 2021
024020,Calvene,current_name,,2021-12-31,ISTAT geometry 2021
024021,Camisano,historical_name,,1866-11-20,ISTAT SITUAS report 100
024021,Camisano Vicentino,current_name,,2021-12-31,ISTAT geometry 2021
024022,Campiglia,historical_name,,1866-11-20,ISTAT SITUAS report 100
024022,Campiglia dei Berici,current_name,,2021-12-31,ISTAT geometry 2021
024024,Carrè,current_name,,2021-12-31,ISTAT geometry 2021
024025,Cartigliano,current_name,,2021-12-31,ISTAT geometry 2021
024026,Cassola,current_name,,2021-12-31,ISTAT geometry 2021
024027,Castegnero,current_name,,2021-12-31,ISTAT geometry 2021
024028,Castelgomberto,current_name,,2021-12-31,ISTAT geometry 2021
024029,Chiamo,election_source_name,1999-06-13,1999-06-13,official election source label
024029,Chiampo,current_name,,2021-12-31,ISTAT geometry 2021
024030,Chiuppano,current_name,,2021-12-31,ISTAT geometry 2021
024032,Cogollo,historical_name,,1866-11-20,ISTAT SITUAS report 100
024032,Cogollo del Cengio,current_name,,2021-12-31,ISTAT geometry 2021
024034,Cornedo,historical_name,,1866-11-20,ISTAT SITUAS report 100
024034,Cornedo Vicentino,current_name,,2021-12-31,ISTAT geometry 2021
024035,Costabissara,current_name,,2021-12-31,ISTAT geometry 2021
024036,Creazzo,current_name,,2021-12-31,ISTAT geometry 2021
024037,Crespadoro,current_name,,2021-12-31,ISTAT geometry 2021
024038,Dueville,current_name,,2021-12-31,ISTAT geometry 2021
024039,Enego,current_name,,2021-12-31,ISTAT geometry 2021
024040,Fara Vicentino,current_name,,2021-12-31,ISTAT geometry 2021
024041,Foza,current_name,,2021-12-31,ISTAT geometry 2021
024042,Gallio,current_name,,2021-12-31,ISTAT geometry 2021
024043,Gambellara,current_name,,2021-12-31,ISTAT geometry 2021
024044,Gambugliano,current_name,,2021-12-31,ISTAT geometry 2021
024046,Grisignano,historical_name,,1866-11-20,ISTAT SITUAS report 100
024046,Grisignano di Zocco,current_name,,2021-12-31,ISTAT geometry 2021
024047,Grumolo delle Abbadesse,current_name,,2021-12-31,ISTAT geometry 2021
024048,Isola di Malo,historical_name,,1866-11-20,ISTAT SITUAS report 100
024048,Isola Vicentina,current_name,,2021-12-31,ISTAT geometry 2021
024049,Laghi,current_name,,2021-12-31,ISTAT geometry 2021
024050,Lastebasse,current_name,,2021-12-31,ISTAT geometry 2021
024051,Longare,current_name,,2021-12-31,ISTAT geometry 2021
024052,Lonigo,current_name,,2021-12-31,ISTAT geometry 2021
024053,Lugo,historical_name,,1866-11-20,ISTAT SITUAS report 100
024053,Lugo di Vicenza,current_name,,2021-12-31,ISTAT geometry 2021
024055,Malo,current_name,,2021-12-31,ISTAT geometry 2021
024056,Marano,historical_name,,1866-11-20,ISTAT SITUAS report 100
024056,Marano Vicentino,current_name,,2021-12-31,ISTAT geometry 2021
024057,Crosara,historical_name,,1866-11-20,ISTAT SITUAS report 100
024057,Marostica,current_name,,2021-12-31,ISTAT geometry 2021
024057,Vallonara,historical_name,,1866-11-20,ISTAT SITUAS report 100
024060,Montebello,historical_name,,1866-11-20,ISTAT SITUAS report 100
024060,Montebello Vicentino,current_name,,2021-12-31,ISTAT geometry 2021
024060,Zermeghedo,historical_name,,1866-11-20,ISTAT SITUAS report 100
024061,Montecchio Maggiore,current_name,,2021-12-31,ISTAT geometry 2021
024062,Montecchio Precalcino,current_name,,2021-12-31,ISTAT geometry 2021
024063,Monte di Malo,current_name,,2021-12-31,ISTAT geometry 2021
024064,Montegalda,current_name,,2021-12-31,ISTAT geometry 2021
024065,Montegaldella,current_name,,2021-12-31,ISTAT geometry 2021
024066,Monteviale,current_name,,2021-12-31,ISTAT geometry 2021
024067,Monticello Conte Otto,current_name,,2021-12-31,ISTAT geometry 2021
024068,Montorso Vicentino,current_name,,2021-12-31,ISTAT geometry 2021
024070,Mussolente,current_name,,2021-12-31,ISTAT geometry 2021
024071,Nanto,current_name,,2021-12-31,ISTAT geometry 2021
024072,Nogarole,historical_name,,1866-11-20,ISTAT SITUAS report 100
024072,Nogarole Vicentino,current_name,,2021-12-31,ISTAT geometry 2021
024073,Nove,current_name,,2021-12-31,ISTAT geometry 2021
024074,Noventa Vicentina,current_name,,2021-12-31,ISTAT geometry 2021
024075,Orgiano,current_name,,2021-12-31,ISTAT geometry 2021
024076,Pedemonte,current_name,,2021-12-31,ISTAT geometry 2021
024077,Pianezze,current_name,,2021-12-31,ISTAT geometry 2021
024078,Piovene,historical_name,,1866-11-20,ISTAT SITUAS report 100
024078,Piovene Rocchette,current_name,,2021-12-31,ISTAT geometry 2021
024079,Pojana Maggiore,current_name,,2021-12-31,ISTAT geometry 2021
024080,Posina,current_name,,2021-12-31,ISTAT geometry 2021
024081,POVE,historical_name,1866-11-19,1950-07-19,ANPR historical archive
024081,Pove del Grappa,current_name,,2021-12-31,ISTAT geometry 2021
024082,Pozzo,historical_name,,1866-11-20,ISTAT SITUAS report 100
024082,Pozzoleone,current_name,,2021-12-31,ISTAT geometry 2021
024083,Quinto,historical_name,,1866-11-20,ISTAT SITUAS report 100
024083,Quinto Vicentino,current_name,,2021-12-31,ISTAT geometry 2021
024084,Recoaro,historical_name,,1866-11-20,ISTAT SITUAS report 100
024084,Recoaro Terme,current_name,,2021-12-31,ISTAT geometry 2021
024085,Roana,current_name,,2021-12-31,ISTAT geometry 2021
024085,Treschè Conca,historical_name,,1866-11-20,ISTAT SITUAS report 100
024086,Romano,historical_name,,1866-11-20,ISTAT SITUAS report 100
024086,Romano d'Ezzelino,current_name,,2021-12-31,ISTAT geometry 2021
024087,Rosà,current_name,,2021-12-31,ISTAT geometry 2021
024088,Rossano,historical_name,,1866-11-20,ISTAT SITUAS report 100
024088,Rossano Veneto,current_name,,2021-12-31,ISTAT geometry 2021
024089,Rotzo,current_name,,2021-12-31,ISTAT geometry 2021
024090,Mure,historical_name,,1866-11-20,ISTAT SITUAS report 100
024090,Salcedo,current_name,,2021-12-31,ISTAT geometry 2021
024091,Sandrigo,current_name,,2021-12-31,ISTAT geometry 2021
024094,San Pietro Mussolino,current_name,,2021-12-31,ISTAT geometry 2021
024095,Santorso,current_name,,2021-12-31,ISTAT geometry 2021
024096,San Vito,historical_name,,1866-11-20,ISTAT SITUAS report 100
024096,San Vito di Leguzzano,current_name,,2021-12-31,ISTAT geometry 2021
024097,Sarcedo,current_name,,2021-12-31,ISTAT geometry 2021
024098,Sarego,current_name,,2021-12-31,ISTAT geometry 2021
024099,Schiavon,current_name,,2021-12-31,ISTAT geometry 2021
024100,Magrè,historical_name,,1866-11-20,ISTAT SITUAS report 100
024100,Magrè Vicentino,historical_name,,1928-03-06,ISTAT SITUAS report 104
024100,Schio,current_name,,2021-12-31,ISTAT geometry 2021
024100,TRETTO,historical_name,1866-11-19,1969-08-27,ANPR historical archive
024101,Solagna,current_name,,2021-12-31,ISTAT geometry 2021
024102,Sossano,current_name,,2021-12-31,ISTAT geometry 2021
024103,Sovizzo,current_name,,2021-12-31,ISTAT geometry 2021
024104,Tezze,historical_name,,1866-11-20,ISTAT SITUAS report 100
024104,Tezze sul Brenta,current_name,,2021-12-31,ISTAT geometry 2021
024105,Thiene,current_name,,2021-12-31,ISTAT geometry 2021
024106,Forni,historical_name,,1866-11-20,ISTAT SITUAS report 100
024106,TONEZZA,historical_name,1926-03-06,1959-05-23,ANPR historical archive
024106,Tonezza del Cimone,current_name,,2021-12-31,ISTAT geometry 2021
024107,Torrebelvicino,current_name,,2021-12-31,ISTAT geometry 2021
024108,Torri di Quartesolo,current_name,,2021-12-31,ISTAT geometry 2021
024110,Trissino,current_name,,2021-12-31,ISTAT geometry 2021
024111,Novale,historical_name,,1866-11-20,ISTAT SITUAS report 100
024111,Valdagno,current_name,,2021-12-31,ISTAT geometry 2021
024112,Casotto,historical_name,,1920-10-16,ISTAT SITUAS report 100
024112,Forni di Val d'Astico,historical_name,,1926-03-06,ISTAT SITUAS report 103
024112,Valdastico,current_name,,2021-12-31,ISTAT geometry 2021
024113,Valli dei Signori,historical_name,,1866-11-20,ISTAT SITUAS report 100
024113,Valli del Pasubio,current_name,,2021-12-31,ISTAT geometry 2021
024115,Velo,historical_name,,1866-11-20,ISTAT SITUAS report 100
024115,Velo d'Astico,current_name,,2021-12-31,ISTAT geometry 2021
024116,Vicenza,current_name,,2021-12-31,ISTAT geometry 2021
024117,Villaga,current_name,,2021-12-31,ISTAT geometry 2021
024118,Villaverla,current_name,,2021-12-31,ISTAT geometry 2021
024119,Zanè,current_name,,2021-12-31,ISTAT geometry 2021
024120,Zermeghedo,current_name,,2021-12-31,ISTAT geometry 2021
024121,Zovencedo,current_name,,2021-12-31,ISTAT geometry 2021
024122,Zugliano,current_name,,2021-12-31,ISTAT geometry 2021
024123,GRANCONA,historical_name,1866-11-19,2017-02-16,ANPR historical archive
024123,San Germano,historical_name,,1866-11-20,ISTAT SITUAS report 100
024123,SAN GERMANO DEI BERICI,historical_name,1867-08-26,2017-02-16,ANPR historical archive
024123,Val Liona,current_name,,2021-12-31,ISTAT geometry 2021
024124,Barbarano,historical_name,,1866-11-20,ISTAT SITUAS report 100
024124,Barbarano Mossano,current_name,,2021-12-31,ISTAT geometry 2021
024124,BARBARANO VICENTINO,historical_name,1939-09-07,1947-12-21,ANPR historical archive
024124,MOSSANO,historical_name,1947-12-22,2018-02-16,ANPR historical archive
024124,Villaga,historical_name,,1866-11-20,ISTAT SITUAS report 100
024125,Campolongo,historical_name,,1866-11-20,ISTAT SITUAS report 100
024125,CAMPOLONGO SUL BRENTA,historical_name,1878-07-09,2019-01-29,ANPR historical archive
024125,Cismon,historical_name,,1866-11-20,ISTAT SITUAS report 100
024125,CISMON DEL GRAPPA,historical_name,1928-03-04,2019-01-29,ANPR historical archive
024125,SAN NAZARIO,historical_name,1866-11-19,2019-01-29,ANPR historical archive
024125,Valbrenta,current_name,,2021-12-31,ISTAT geometry 2021
024125,VALSTAGNA,historical_name,1866-11-19,2019-01-29,ANPR historical archive
024126,Colceresa,current_name,,2021-12-31,ISTAT geometry 2021
024126,Mason,historical_name,,1866-11-20,ISTAT SITUAS report 100
024126,MASON VICENTINO,historical_name,1869-06-07,2019-02-19,ANPR historical archive
024126,MOLVENA,historical_name,1889-07-15,2019-02-19,ANPR historical archive
024127,CONCO,historical_name,1866-11-19,2019-02-19,ANPR historical archive
024127,LUSIANA,historical_name,1866-11-19,2019-02-19,ANPR historical archive
024127,Lusiana Conco,current_name,,2021-12-31,ISTAT geometry 2021
025001,Agordo,current_name,,2021-12-31,ISTAT geometry 2021
025002,Alano,historical_name,,1866-11-20,ISTAT SITUAS report 100
025002,Alano di Piave,current_name,,2021-12-31,ISTAT geometry 2021
025003,Alleghe,current_name,,2021-12-31,ISTAT geometry 2021
025004,Arsiè,current_name,,2021-12-31,ISTAT geometry 2021
025005,AURONZO,historical_name,1866-11-19,1961-03-08,ANPR historical archive
025005,Auronzo di Cadore,current_name,,2021-12-31,ISTAT geometry 2021
025006,Belluno,current_name,,2021-12-31,ISTAT geometry 2021
025007,Borca,historical_name,,1866-11-20,ISTAT SITUAS report 100
025007,Borca di Cadore,current_name,,2021-12-31,ISTAT geometry 2021
025008,CALALZO,historical_name,1866-11-19,1959-09-02,ANPR historical archive
025008,Calalzo di Cadore,current_name,,2021-12-31,ISTAT geometry 2021
025010,CENCENIGHE,historical_name,1866-11-19,1964-06-26,ANPR historical archive
025010,Cencenighe Agordino,current_name,,2021-12-31,ISTAT geometry 2021
025011,Cesio,historical_name,,1866-11-20,ISTAT SITUAS report 100
025011,Cesiomaggiore,current_name,,2021-12-31,ISTAT geometry 2021
025012,Chies d'Alpago,current_name,,2021-12-31,ISTAT geometry 2021
025013,CIBIANA,historical_name,1866-11-19,1966-02-09,ANPR historical archive
025013,Cibiana di Cadore,current_name,,2021-12-31,ISTAT geometry 2021
025014,Colle Santa Lucia,current_name,,2021-12-31,ISTAT geometry 2021
025015,Comelico Superiore,current_name,,2021-12-31,ISTAT geometry 2021
025016,Ampezzo,historical_name,,1920-10-16,ISTAT SITUAS report 100
025016,Cortina d'Amezzo,election_source_name,1999-06-13,1999-06-13,official election source label
025016,Cortina d'Ampezzo,current_name,,2021-12-31,ISTAT geometry 2021
025017,DANTA,historical_name,1866-11-19,1984-12-14,ANPR historical archive
025017,Danta di Cadore,current_name,,2021-12-31,ISTAT geometry 2021
025018,DOMEGGE,historical_name,1866-11-19,1957-09-02,ANPR historical archive
025018,Domegge di Cadore,current_name,,2021-12-31,ISTAT geometry 2021
025019,Falcade,current_name,,2021-12-31,ISTAT geometry 2021
025021,Feltre,current_name,,2021-12-31,ISTAT geometry 2021
025022,Fonzaso,current_name,,2021-12-31,ISTAT geometry 2021
025023,Canale d'Agordo,current_name,,2021-12-31,ISTAT geometry 2021
025023,FORNO DI CANALE,historical_name,1866-11-19,1964-05-13,ANPR historical archive
025025,Gosaldo,current_name,,2021-12-31,ISTAT geometry 2021
025026,Lamon,current_name,,2021-12-31,ISTAT geometry 2021
025027,LA VALLE,historical_name,1866-11-19,1964-10-01,ANPR historical archive
025027,La Valle Agordina,current_name,,2021-12-31,ISTAT geometry 2021
025029,Limana,current_name,,2021-12-31,ISTAT geometry 2021
025030,Livinallongo,historical_name,,1920-10-16,ISTAT SITUAS report 100
025030,Livinallongo del Col di Lana,current_name,,2021-12-31,ISTAT geometry 2021
025032,Lorenzago,historical_name,,1866-11-20,ISTAT SITUAS report 100
025032,Lorenzago di Cadore,current_name,,2021-12-31,ISTAT geometry 2021
025033,Lozzo,historical_name,,1866-11-20,ISTAT SITUAS report 100
025033,LOZZO CADORE,historical_name,1868-02-14,1957-06-26,ANPR historical archive
025033,Lozzo di Cadore,current_name,,2021-12-31,ISTAT geometry 2021
025035,OSPITALE,historical_name,1866-11-19,1949-09-08,ANPR historical archive
025035,Ospitale di Cadore,current_name,,2021-12-31,ISTAT geometry 2021
025036,Pedavena,current_name,,2021-12-31,ISTAT geometry 2021
025037,PERAROLO,historical_name,1866-11-19,1955-04-04,ANPR historical archive
025037,Perarolo di Cadore,current_name,,2021-12-31,ISTAT geometry 2021
025039,Pieve di Cadore,current_name,,2021-12-31,ISTAT geometry 2021
025040,Capodimonte,historical_name,,1866-11-20,ISTAT SITUAS report 100
025040,Ponte nelle Alpi,current_name,,2021-12-31,ISTAT geometry 2021
025043,Riva,historical_name,,1866-11-20,ISTAT SITUAS report 100
025043,RIVAMONTE,historical_name,1867-05-18,1964-06-26,ANPR historical archive
025043,Rivamonte Agordino,current_name,,2021-12-31,ISTAT geometry 2021
025044,Rocca,historical_name,,1866-11-20,ISTAT SITUAS report 100
025044,Rocca d'Agordo,historical_name,,1867-05-22,ISTAT SITUAS report 104
025044,Rocca Pietore,current_name,,2021-12-31,ISTAT geometry 2021
025045,San Gregorio,historical_name,,1866-11-20,ISTAT SITUAS report 100
025045,San Gregorio nelle Alpi,current_name,,2021-12-31,ISTAT geometry 2021
025046,San Nicolò,historical_name,,1866-11-20,ISTAT SITUAS report 100
025046,San Nicolò di Comelico,current_name,,2021-12-31,ISTAT geometry 2021
025047,San Pietro,historical_name,,1866-11-20,ISTAT SITUAS report 100
025047,SAN PIETRO CADORE,historical_name,1868-02-14,1957-02-13,ANPR historical archive
025047,San Pietro di Cadore,current_name,,2021-12-31,ISTAT geometry 2021
025048,Santa Giustina,current_name,,2021-12-31,ISTAT geometry 2021
025049,SAN TOMASO,historical_name,1866-11-19,1964-04-08,ANPR historical archive
025049,San Tomaso Agordino,current_name,,2021-12-31,ISTAT geometry 2021
025050,Comelico Inferiore,historical_name,,1866-11-20,ISTAT SITUAS report 100
025050,Santo Stefano di Cadore,current_name,,2021-12-31,ISTAT geometry 2021
025051,San Vito,historical_name,,1866-11-20,ISTAT SITUAS report 100
025051,San Vito di Cadore,current_name,,2021-12-31,ISTAT geometry 2021
025053,Sedico,current_name,,2021-12-31,ISTAT geometry 2021
025054,Selva Bellunese,historical_name,,1866-11-20,ISTAT SITUAS report 100
025054,Selva di Cadore,current_name,,2021-12-31,ISTAT geometry 2021
025055,Seren,historical_name,,1866-11-20,ISTAT SITUAS report 100
025055,Seren del Grappa,current_name,,2021-12-31,ISTAT geometry 2021
025056,Sospirolo,current_name,,2021-12-31,ISTAT geometry 2021
025057,Soverzene,current_name,,2021-12-31,ISTAT geometry 2021
025058,Servo,historical_name,,1866-11-20,ISTAT SITUAS report 100
025058,Sovramonte,current_name,,2021-12-31,ISTAT geometry 2021
025059,TAIBON,historical_name,1866-11-19,1964-05-13,ANPR historical archive
025059,Taibon Agordino,current_name,,2021-12-31,ISTAT geometry 2021
025060,Tambre,current_name,,2021-12-31,ISTAT geometry 2021
025062,VALLADA,historical_name,1866-11-19,1964-06-26,ANPR historical archive
025062,Vallada Agordina,current_name,,2021-12-31,ISTAT geometry 2021
025063,Valle,historical_name,,1866-11-20,ISTAT SITUAS report 100
025063,Valle di Cadore,current_name,,2021-12-31,ISTAT geometry 2021
025065,Vigo,historical_name,,1866-11-20,ISTAT SITUAS report 100
025065,Vigo di Cadore,current_name,,2021-12-31,ISTAT geometry 2021
025066,Vodo Cadore,current_name,,2021-12-31,ISTAT geometry 2021
025067,VOLTAGO,historical_name,1866-11-19,1964-06-26,ANPR historical archive
025067,Voltago Agordino,current_name,,2021-12-31,ISTAT geometry 2021
025069,ZOPPÈ,historical_name,1866-11-19,1955-06-07,ANPR historical archive
025069,Zoppè di Cadore,current_name,,2021-12-31,ISTAT geometry 2021
025070,QUERO,historical_name,1866-11-19,2013-12-27,ANPR historical archive
025070,Quero Vas,current_name,,2021-12-31,ISTAT geometry 2021
025070,VAS,historical_name,1866-11-19,2013-12-27,ANPR historical archive
025071,CASTELLAVAZZO,historical_name,1866-11-19,1986-05-26,ANPR historical archive
025071,Longarone,current_name,,2021-12-31,ISTAT geometry 2021
025072,Alpago,current_name,,2021-12-31,ISTAT geometry 2021
025072,FARRA D'ALPAGO,historical_name,1866-11-19,2016-02-22,ANPR historical archive
025072,PIEVE D'ALPAGO,historical_name,1866-11-19,2016-02-22,ANPR historical archive
025072,PUOS D'ALPAGO,historical_name,1866-11-19,2016-02-22,ANPR historical archive
025073,FORNO DI ZOLDO,historical_name,1866-11-19,2016-02-22,ANPR historical archive
025073,San Tiziano di Goimna,historical_name,,1866-11-20,ISTAT SITUAS report 100
025073,Val di Zoldo,current_name,,2021-12-31,ISTAT geometry 2021
025073,ZOLDO ALTO,historical_name,1890-03-31,2016-02-22,ANPR historical archive
025074,Borgo Valbelluna,current_name,,2021-12-31,ISTAT geometry 2021
025074,Cesana,historical_name,,1866-11-20,ISTAT SITUAS report 100
025074,LENTIAI,historical_name,1867-04-12,2019-01-29,ANPR historical archive
025074,MEL,historical_name,1866-11-19,2019-01-29,ANPR historical archive
025074,TRICHIANA,historical_name,1866-11-19,2019-01-29,ANPR historical archive
026001,Altivole,current_name,,2021-12-31,ISTAT geometry 2021
026002,Arcade,current_name,,2021-12-31,ISTAT geometry 2021
026003,Asolo,current_name,,2021-12-31,ISTAT geometry 2021
026003,Castelcucco,historical_name,,1866-11-20,ISTAT SITUAS report 100
026003,Monfumo,historical_name,,1866-11-20,ISTAT SITUAS report 100
026004,Borso,historical_name,,1866-11-20,ISTAT SITUAS report 100
026004,Borso del Grappa,current_name,,2021-12-31,ISTAT geometry 2021
026005,Breda,historical_name,,1866-11-20,ISTAT SITUAS report 100
026005,Breda di Piave,current_name,,2021-12-31,ISTAT geometry 2021
026006,Caerano di San Marco,current_name,,2021-12-31,ISTAT geometry 2021
026007,Cappella,historical_name,,1866-11-20,ISTAT SITUAS report 100
026007,Cappella Maggiore,current_name,,2021-12-31,ISTAT geometry 2021
026008,Carbonera,current_name,,2021-12-31,ISTAT geometry 2021
026009,Casale,historical_name,,1866-11-20,ISTAT SITUAS report 100
026009,Casale sul Sile,current_name,,2021-12-31,ISTAT geometry 2021
026010,Casier,current_name,,2021-12-31,ISTAT geometry 2021
026011,Castelcucco,current_name,,2021-12-31,ISTAT geometry 2021
026012,Castelfranco,historical_name,,1866-11-20,ISTAT SITUAS report 100
026012,Castelfranco Veneto,current_name,,2021-12-31,ISTAT geometry 2021
026013,Castello di Godego,current_name,,2021-12-31,ISTAT geometry 2021
026013,Godego,historical_name,,1866-11-20,ISTAT SITUAS report 100
026014,Cavaso,historical_name,,1866-11-20,ISTAT SITUAS report 100
026014,Cavaso del Tomba,current_name,,2021-12-31,ISTAT geometry 2021
026015,Cessalto,current_name,,2021-12-31,ISTAT geometry 2021
026016,Chiarano,current_name,,2021-12-31,ISTAT geometry 2021
026017,Cimadolmo,current_name,,2021-12-31,ISTAT geometry 2021
026018,Cison,historical_name,,1866-11-20,ISTAT SITUAS report 100
026018,Cison di Valmarino,current_name,,2021-12-31,ISTAT geometry 2021
026019,Codognè,current_name,,2021-12-31,ISTAT geometry 2021
026020,Colle,historical_name,,1866-11-20,ISTAT SITUAS report 100
026020,Colle Umberto,current_name,,2021-12-31,ISTAT geometry 2021
026021,Conegliano,current_name,,2021-12-31,ISTAT geometry 2021
026022,Cordignano,current_name,,2021-12-31,ISTAT geometry 2021
026023,Cornuda,current_name,,2021-12-31,ISTAT geometry 2021
026025,Crocetta del Montello,current_name,,2021-12-31,ISTAT geometry 2021
026025,Crocetta Trevigiana,historical_name,,1902-06-01,ISTAT SITUAS report 103
026026,Farra,historical_name,,1866-11-20,ISTAT SITUAS report 100
026026,Farra di Soligo,current_name,,2021-12-31,ISTAT geometry 2021
026027,Follina,current_name,,2021-12-31,ISTAT geometry 2021
026028,Fontanelle,current_name,,2021-12-31,ISTAT geometry 2021
026029,Fonte,current_name,,2021-12-31,ISTAT geometry 2021
026030,Fregona,current_name,,2021-12-31,ISTAT geometry 2021
026031,Gaiarine,current_name,,2021-12-31,ISTAT geometry 2021
026032,Giavera del Montello,current_name,,2021-12-31,ISTAT geometry 2021
026033,Godega,historical_name,,1866-11-20,ISTAT SITUAS report 100
026033,Godega di Sant'Urbano,current_name,,2021-12-31,ISTAT geometry 2021
026034,Gorgo,historical_name,,1866-11-20,ISTAT SITUAS report 100
026034,Gorgo al Monticano,current_name,,2021-12-31,ISTAT geometry 2021
026035,Istrana,current_name,,2021-12-31,ISTAT geometry 2021
026036,Loria,current_name,,2021-12-31,ISTAT geometry 2021
026037,Mansuè,current_name,,2021-12-31,ISTAT geometry 2021
026038,Mareno,historical_name,,1866-11-20,ISTAT SITUAS report 100
026038,Mareno di Iave,election_source_name,1999-06-13,1999-06-13,official election source label
026038,Mareno di Piave,current_name,,2021-12-31,ISTAT geometry 2021
026039,Maser,current_name,,2021-12-31,ISTAT geometry 2021
026040,Maserada,historical_name,,1866-11-20,ISTAT SITUAS report 100
026040,Maserada sul Piave,current_name,,2021-12-31,ISTAT geometry 2021
026041,Meduna,historical_name,,1866-11-20,ISTAT SITUAS report 100
026041,Meduna di Livenza,current_name,,2021-12-31,ISTAT geometry 2021
026042,Miane,current_name,,2021-12-31,ISTAT geometry 2021
026043,Mogliano,historical_name,,1866-11-20,ISTAT SITUAS report 100
026043,Mogliano Veneto,current_name,,2021-12-31,ISTAT geometry 2021
026044,Monastier,historical_name,,1866-11-20,ISTAT SITUAS report 100
026044,Monastier di Treviso,current_name,,2021-12-31,ISTAT geometry 2021
026045,Monfumo,current_name,,2021-12-31,ISTAT geometry 2021
026046,Caerano,historical_name,,1866-11-20,ISTAT SITUAS report 100
026046,Caerano di San Marco,historical_name,,1872-04-19,ISTAT SITUAS report 104
026046,Montebelluna,current_name,,2021-12-31,ISTAT geometry 2021
026047,Morgano,current_name,,2021-12-31,ISTAT geometry 2021
026048,MORIAGO,historical_name,1866-11-19,1962-08-15,ANPR historical archive
026048,Moriago della Battaglia,current_name,,2021-12-31,ISTAT geometry 2021
026049,Motta,historical_name,,1866-11-20,ISTAT SITUAS report 100
026049,Motta di Livenza,current_name,,2021-12-31,ISTAT geometry 2021
026050,Nervesa,historical_name,,1866-11-20,ISTAT SITUAS report 100
026050,Nervesa della Battaglia,current_name,,2021-12-31,ISTAT geometry 2021
026051,Oderzo,current_name,,2021-12-31,ISTAT geometry 2021
026051,Piavon,historical_name,,1866-11-20,ISTAT SITUAS report 100
026052,Ormelle,current_name,,2021-12-31,ISTAT geometry 2021
026053,Orsago,current_name,,2021-12-31,ISTAT geometry 2021
026055,Paese,current_name,,2021-12-31,ISTAT geometry 2021
026056,Pederobba,current_name,,2021-12-31,ISTAT geometry 2021
026057,Pieve di Soligo,current_name,,2021-12-31,ISTAT geometry 2021
026057,Refrontolo,historical_name,,1866-11-20,ISTAT SITUAS report 100
026058,Ponte di Piave,current_name,,2021-12-31,ISTAT geometry 2021
026059,Ponzano,historical_name,,1866-11-20,ISTAT SITUAS report 100
026059,Ponzano Veneto,current_name,,2021-12-31,ISTAT geometry 2021
026060,Portobuffolè,current_name,,2021-12-31,ISTAT geometry 2021
026061,Possagno,current_name,,2021-12-31,ISTAT geometry 2021
026062,Povegliano,current_name,,2021-12-31,ISTAT geometry 2021
026063,Preganziol,current_name,,2021-12-31,ISTAT geometry 2021
026064,Quinto,historical_name,,1866-11-20,ISTAT SITUAS report 100
026064,Quinto di Treviso,current_name,,2021-12-31,ISTAT geometry 2021
026065,Refrontolo,current_name,,2021-12-31,ISTAT geometry 2021
026066,Resana,current_name,,2021-12-31,ISTAT geometry 2021
026067,Lago,historical_name,,1866-11-20,ISTAT SITUAS report 100
026067,Revine,historical_name,,1866-11-20,ISTAT SITUAS report 100
026067,Revine Lago,current_name,,2021-12-31,ISTAT geometry 2021
026067,San Giorgio di Lago,historical_name,,1868-01-11,ISTAT SITUAS report 104
026068,RIESE,historical_name,1866-11-19,1952-03-27,ANPR historical archive
026068,Riese Io X,election_source_name,1999-06-13,1999-06-13,official election source label
026068,Riese Pio X,current_name,,2021-12-31,ISTAT geometry 2021
026069,Roncade,current_name,,2021-12-31,ISTAT geometry 2021
026070,Salgareda,current_name,,2021-12-31,ISTAT geometry 2021
026071,San Biagio di Callalta,current_name,,2021-12-31,ISTAT geometry 2021
026072,San Fior,current_name,,2021-12-31,ISTAT geometry 2021
026073,San Pietro di Feletto,current_name,,2021-12-31,ISTAT geometry 2021
026074,San Polo,historical_name,,1866-11-20,ISTAT SITUAS report 100
026074,San Polo di Piave,current_name,,2021-12-31,ISTAT geometry 2021
026075,Santa Lucia,historical_name,,1866-11-20,ISTAT SITUAS report 100
026075,Santa Lucia di Iave,election_source_name,1999-06-13,1999-06-13,official election source label
026075,Santa Lucia di Piave,current_name,,2021-12-31,ISTAT geometry 2021
026076,San Vendemiano,current_name,,2021-12-31,ISTAT geometry 2021
026077,San Zenone,historical_name,,1866-11-20,ISTAT SITUAS report 100
026077,San Zenone degli Ezzelini,current_name,,2021-12-31,ISTAT geometry 2021
026078,Sarmede,current_name,,2021-12-31,ISTAT geometry 2021
026079,Segusino,current_name,,2021-12-31,ISTAT geometry 2021
026080,Sernaglia,historical_name,,1866-11-20,ISTAT SITUAS report 100
026080,Sernaglia della Battaglia,current_name,,2021-12-31,ISTAT geometry 2021
026081,Melma,historical_name,,1866-11-20,ISTAT SITUAS report 100
026081,Silea,current_name,,2021-12-31,ISTAT geometry 2021
026082,Spresiano,current_name,,2021-12-31,ISTAT geometry 2021
026082,Sresiano,election_source_name,1999-06-13,1999-06-13,official election source label
026083,Susegana,current_name,,2021-12-31,ISTAT geometry 2021
026084,Tarzo,current_name,,2021-12-31,ISTAT geometry 2021
026085,Trevignano,current_name,,2021-12-31,ISTAT geometry 2021
026086,Treviso,current_name,,2021-12-31,ISTAT geometry 2021
026087,San Pietro di Barbozza,historical_name,,1866-11-20,ISTAT SITUAS report 100
026087,Valdobbiadene,current_name,,2021-12-31,ISTAT geometry 2021
026088,Vazzola,current_name,,2021-12-31,ISTAT geometry 2021
026089,Albaredo,historical_name,,1866-11-20,ISTAT SITUAS report 100
026089,Sant'Andrea di Cavasagra,historical_name,,1867-10-24,ISTAT SITUAS report 104
026089,Vedelago,current_name,,2021-12-31,ISTAT geometry 2021
026090,Vidor,current_name,,2021-12-31,ISTAT geometry 2021
026091,Villorba,current_name,,2021-12-31,ISTAT geometry 2021
026092,Ceneda,historical_name,,1866-11-20,ISTAT SITUAS report 100
026092,Serravalle,historical_name,,1866-11-20,ISTAT SITUAS report 100
026092,Vittorio,historical_name,,1867-01-01,ISTAT SITUAS report 100
026092,Vittorio Veneto,current_name,,2021-12-31,ISTAT geometry 2021
026093,Volpago,historical_name,,1866-11-20,ISTAT SITUAS report 100
026093,Volpago del Montello,current_name,,2021-12-31,ISTAT geometry 2021
026094,Zenson di Piave,current_name,,2021-12-31,ISTAT geometry 2021
026095,Zero Branco,current_name,,2021-12-31,ISTAT geometry 2021
026096,Crespano,historical_name,,1866-11-20,ISTAT SITUAS report 100
026096,CRESPANO DEL GRAPPA,historical_name,1920-02-22,2019-01-29,ANPR historical archive
026096,Crespano Veneto,historical_name,,1868-01-11,ISTAT SITUAS report 104
026096,Paderno,historical_name,,1866-11-20,ISTAT SITUAS report 100
026096,Paderno d'Asolo,historical_name,,1868-01-11,ISTAT SITUAS report 104
026096,PADERNO DEL GRAPPA,historical_name,1920-03-15,2019-01-29,ANPR historical archive
026096,Pieve del Grappa,current_name,,2021-12-31,ISTAT geometry 2021
027001,Annone,historical_name,,1866-11-20,ISTAT SITUAS report 100
027001,Annone Veneto,current_name,,2021-12-31,ISTAT geometry 2021
027002,Campagna,historical_name,,1866-11-20,ISTAT SITUAS report 100
027002,Campagna Lupia,current_name,,2021-12-31,ISTAT geometry 2021
027003,Campolongo,historical_name,,1866-11-20,ISTAT SITUAS report 100
027003,Campolongo Maggiore,current_name,,2021-12-31,ISTAT geometry 2021
027004,Camonogara,election_source_name,1999-06-13,1999-06-13,official election source label
027004,Camponogara,current_name,,2021-12-31,ISTAT geometry 2021
027005,Caorle,current_name,,2021-12-31,ISTAT geometry 2021
027006,Cavarzere,current_name,,2021-12-31,ISTAT geometry 2021
027007,Ceggia,current_name,,2021-12-31,ISTAT geometry 2021
027008,Chioggia,current_name,,2021-12-31,ISTAT geometry 2021
027009,Cinto,historical_name,,1866-11-20,ISTAT SITUAS report 100
027009,Cinto Caomaggiore,current_name,,2021-12-31,ISTAT geometry 2021
027010,Cona,current_name,,2021-12-31,ISTAT geometry 2021
027011,Concordia,historical_name,,1866-11-20,ISTAT SITUAS report 100
027011,CONCORDIA SAGITARIA,historical_name,1868-12-31,1965-09-10,ANPR historical archive
027011,Concordia Sagittaria,current_name,,2021-12-31,ISTAT geometry 2021
027012,Dolo,current_name,,2021-12-31,ISTAT geometry 2021
027013,Eraclea,current_name,,2021-12-31,ISTAT geometry 2021
027013,GRISOLERA,historical_name,1866-11-19,1951-01-24,ANPR historical archive
027014,Fiesso,historical_name,,1866-11-20,ISTAT SITUAS report 100
027014,Fiesso d'Artico,current_name,,2021-12-31,ISTAT geometry 2021
027015,Fossalta,historical_name,,1866-11-20,ISTAT SITUAS report 100
027015,Fossalta di Piave,current_name,,2021-12-31,ISTAT geometry 2021
027016,Fossalta,historical_name,,1866-11-20,ISTAT SITUAS report 100
027016,Fossalta di Ortogruaro,election_source_name,1999-06-13,1999-06-13,official election source label
027016,Fossalta di Portogruaro,current_name,,2021-12-31,ISTAT geometry 2021
027017,Fossò,current_name,,2021-12-31,ISTAT geometry 2021
027018,Gruaro,current_name,,2021-12-31,ISTAT geometry 2021
027019,Cavazuccherina,historical_name,,1866-11-20,ISTAT SITUAS report 100
027019,Jesolo,current_name,,2021-12-31,ISTAT geometry 2021
027020,Marcon,current_name,,2021-12-31,ISTAT geometry 2021
027021,Martellago,current_name,,2021-12-31,ISTAT geometry 2021
027022,Meolo,current_name,,2021-12-31,ISTAT geometry 2021
027023,Gambarare,historical_name,,1866-11-20,ISTAT SITUAS report 100
027023,Mira,current_name,,2021-12-31,ISTAT geometry 2021
027023,Oriago,historical_name,,1866-11-20,ISTAT SITUAS report 100
027024,Mirano,current_name,,2021-12-31,ISTAT geometry 2021
027025,Musile,historical_name,,1866-11-20,ISTAT SITUAS report 100
027025,Musile di Iave,election_source_name,1999-06-13,1999-06-13,official election source label
027025,Musile di Piave,current_name,,2021-12-31,ISTAT geometry 2021
027026,Noale,current_name,,2021-12-31,ISTAT geometry 2021
027027,Noventa,historical_name,,1866-11-20,ISTAT SITUAS report 100
027027,Noventa di Piave,current_name,,2021-12-31,ISTAT geometry 2021
027028,Pianiga,current_name,,2021-12-31,ISTAT geometry 2021
027029,Portogruaro,current_name,,2021-12-31,ISTAT geometry 2021
027030,Pramaggiore,current_name,,2021-12-31,ISTAT geometry 2021
027031,Quarto d'Altino,current_name,,2021-12-31,ISTAT geometry 2021
027031,SAN MICHELE DEL QUARTO,historical_name,1866-11-19,1946-10-09,ANPR historical archive
027032,Salzano,current_name,,2021-12-31,ISTAT geometry 2021
027033,San Donà di Piave,current_name,,2021-12-31,ISTAT geometry 2021
027034,San Michele,historical_name,,1866-11-20,ISTAT SITUAS report 100
027034,San Michele al Tagliamento,current_name,,2021-12-31,ISTAT geometry 2021
027035,Santa Maria di Sala,current_name,,2021-12-31,ISTAT geometry 2021
027036,San Stino di Livenza,current_name,,2021-12-31,ISTAT geometry 2021
027036,Santo Stino di Livenza,election_source_name,1946-06-02,1946-06-02,official election source label
027037,Scorzè,current_name,,2021-12-31,ISTAT geometry 2021
027038,Spinea,current_name,,2021-12-31,ISTAT geometry 2021
027039,Stra,current_name,,2021-12-31,ISTAT geometry 2021
027040,Teglio,historical_name,,1866-11-20,ISTAT SITUAS report 100
027040,Teglio Veneto,current_name,,2021-12-31,ISTAT geometry 2021
027041,Torre di Mosto,current_name,,2021-12-31,ISTAT geometry 2021
027042,Burano,historical_name,,1866-11-20,ISTAT SITUAS report 100
027042,Chirignago,historical_name,,1866-11-20,ISTAT SITUAS report 100
027042,Favaro,historical_name,,1866-11-20,ISTAT SITUAS report 100
027042,Favaro Veneto,historical_name,,1874-01-14,ISTAT SITUAS report 104
027042,Malamocco,historical_name,,1866-11-20,ISTAT SITUAS report 100
027042,Mestre,historical_name,,1866-11-20,ISTAT SITUAS report 100
027042,Murano,historical_name,,1866-11-20,ISTAT SITUAS report 100
027042,Pellestrina,historical_name,,1866-11-20,ISTAT SITUAS report 100
027042,Venezia,current_name,,2021-12-31,ISTAT geometry 2021
027042,Venezia - San Marco,election_source_name,1994-03-27,1994-03-27,official election source label
027042,Zelarino,historical_name,,1866-11-20,ISTAT SITUAS report 100
027043,Vigonovo,current_name,,2021-12-31,ISTAT geometry 2021
027044,Cavallino-Treporti,current_name,,2021-12-31,ISTAT geometry 2021
028001,Abano,historical_name,,1866-11-20,ISTAT SITUAS report 100
028001,Abano Terme,current_name,,2021-12-31,ISTAT geometry 2021
028002,Agna,current_name,,2021-12-31,ISTAT geometry 2021
028003,Albignasego,current_name,,2021-12-31,ISTAT geometry 2021
028004,Anguillara,historical_name,,1866-11-20,ISTAT SITUAS report 100
028004,Anguillara Veneta,current_name,,2021-12-31,ISTAT geometry 2021
028005,Arquà,historical_name,,1866-11-20,ISTAT SITUAS report 100
028005,Arquà Petrarca,current_name,,2021-12-31,ISTAT geometry 2021
028006,Arre,current_name,,2021-12-31,ISTAT geometry 2021
028007,Arzergrande,current_name,,2021-12-31,ISTAT geometry 2021
028008,Bagnoli,historical_name,,1866-11-20,ISTAT SITUAS report 100
028008,Bagnoli di Sopra,current_name,,2021-12-31,ISTAT geometry 2021
028009,Baone,current_name,,2021-12-31,ISTAT geometry 2021
028010,Barbona,current_name,,2021-12-31,ISTAT geometry 2021
028011,Battaglia,historical_name,,1866-11-20,ISTAT SITUAS report 100
028011,Battaglia Terme,current_name,,2021-12-31,ISTAT geometry 2021
028012,Boara,historical_name,,1866-11-20,ISTAT SITUAS report 100
028012,Boara Pisani,current_name,,2021-12-31,ISTAT geometry 2021
028013,Borgoricco,current_name,,2021-12-31,ISTAT geometry 2021
028013,San Michele delle Badesse,historical_name,,1866-11-20,ISTAT SITUAS report 100
028013,Sant'Eufemia,historical_name,,1866-11-20,ISTAT SITUAS report 100
028014,Bovolenta,current_name,,2021-12-31,ISTAT geometry 2021
028015,Brugine,current_name,,2021-12-31,ISTAT geometry 2021
028016,Cadoneghe,current_name,,2021-12-31,ISTAT geometry 2021
028017,Camodarsego,election_source_name,1999-06-13,1999-06-13,official election source label
028017,Campodarsego,current_name,,2021-12-31,ISTAT geometry 2021
028018,Campodoro,current_name,,2021-12-31,ISTAT geometry 2021
028018,Campolongo,historical_name,,1866-11-20,ISTAT SITUAS report 100
028019,Camosamiero,election_source_name,1999-06-13,1999-06-13,official election source label
028019,Camposampiero,current_name,,2021-12-31,ISTAT geometry 2021
028020,Campo San Martino,current_name,,2021-12-31,ISTAT geometry 2021
028021,Candiana,current_name,,2021-12-31,ISTAT geometry 2021
028021,Pontecasale,historical_name,,1866-11-20,ISTAT SITUAS report 100
028022,Carceri,current_name,,2021-12-31,ISTAT geometry 2021
028023,Carmignano,historical_name,,1866-11-20,ISTAT SITUAS report 100
028023,Carmignano di Brenta,current_name,,2021-12-31,ISTAT geometry 2021
028026,Cartura,current_name,,2021-12-31,ISTAT geometry 2021
028027,Casale,historical_name,,1866-11-20,ISTAT SITUAS report 100
028027,Casale di Scodosia,current_name,,2021-12-31,ISTAT geometry 2021
028028,Casal Serugo,historical_name,,1866-11-20,ISTAT SITUAS report 100
028028,Casalserugo,current_name,,2021-12-31,ISTAT geometry 2021
028029,Castelbaldo,current_name,,2021-12-31,ISTAT geometry 2021
028030,Cervarese Santa Croce,current_name,,2021-12-31,ISTAT geometry 2021
028031,Cinto,historical_name,,1866-11-20,ISTAT SITUAS report 100
028031,Cinto Euganeo,current_name,,2021-12-31,ISTAT geometry 2021
028032,Cittadella,current_name,,2021-12-31,ISTAT geometry 2021
028033,Codevigo,current_name,,2021-12-31,ISTAT geometry 2021
028034,Conselve,current_name,,2021-12-31,ISTAT geometry 2021
028035,Correzzola,current_name,,2021-12-31,ISTAT geometry 2021
028036,Curtarolo,current_name,,2021-12-31,ISTAT geometry 2021
028037,Este,current_name,,2021-12-31,ISTAT geometry 2021
028038,Fontaniva,current_name,,2021-12-31,ISTAT geometry 2021
028039,Galliera,historical_name,,1866-11-20,ISTAT SITUAS report 100
028039,Galliera Veneta,current_name,,2021-12-31,ISTAT geometry 2021
028040,GALZIGNANO,historical_name,1866-11-19,1979-08-27,ANPR historical archive
028040,Galzignano Terme,current_name,,2021-12-31,ISTAT geometry 2021
028041,Gazzo,current_name,,2021-12-31,ISTAT geometry 2021
028042,Grantorto,current_name,,2021-12-31,ISTAT geometry 2021
028043,Granze,current_name,,2021-12-31,ISTAT geometry 2021
028044,Legnaro,current_name,,2021-12-31,ISTAT geometry 2021
028045,Limena,current_name,,2021-12-31,ISTAT geometry 2021
028046,Loreggia,current_name,,2021-12-31,ISTAT geometry 2021
028047,Lozzo,historical_name,,1866-11-20,ISTAT SITUAS report 100
028047,Lozzo Atestino,current_name,,2021-12-31,ISTAT geometry 2021
028048,Maserà,historical_name,,1866-11-20,ISTAT SITUAS report 100
028048,Maserà di Padova,current_name,,2021-12-31,ISTAT geometry 2021
028049,Masi,current_name,,2021-12-31,ISTAT geometry 2021
028050,Massanzago,current_name,,2021-12-31,ISTAT geometry 2021
028052,Megliadino San Vitale,current_name,,2021-12-31,ISTAT geometry 2021
028053,Merlara,current_name,,2021-12-31,ISTAT geometry 2021
028054,Mestrino,current_name,,2021-12-31,ISTAT geometry 2021
028055,Monselice,current_name,,2021-12-31,ISTAT geometry 2021
028056,Montagnana,current_name,,2021-12-31,ISTAT geometry 2021
028057,Montegrotto Terme,current_name,,2021-12-31,ISTAT geometry 2021
028057,San Pietro Montagnon,historical_name,,1919-04-23,ISTAT SITUAS report 103
028058,Noventa,historical_name,,1866-11-20,ISTAT SITUAS report 100
028058,Noventa Padovana,current_name,,2021-12-31,ISTAT geometry 2021
028059,Osedaletto Euganeo,election_source_name,1999-06-13,1999-06-13,official election source label
028059,Ospedaletto,historical_name,,1866-11-20,ISTAT SITUAS report 100
028059,Ospedaletto Euganeo,current_name,,2021-12-31,ISTAT geometry 2021
028060,Padova,current_name,,2021-12-31,ISTAT geometry 2021
028061,Pernumia,current_name,,2021-12-31,ISTAT geometry 2021
028062,Piacenza,historical_name,,1866-11-20,ISTAT SITUAS report 100
028062,Piacenza d'Adige,current_name,,2021-12-31,ISTAT geometry 2021
028063,Piazzola sul Brenta,current_name,,2021-12-31,ISTAT geometry 2021
028063,Piazzolo,historical_name,,1866-11-20,ISTAT SITUAS report 100
028064,Piombino,historical_name,,1866-11-20,ISTAT SITUAS report 100
028064,Piombino Dese,current_name,,2021-12-31,ISTAT geometry 2021
028065,Piove di Sacco,current_name,,2021-12-31,ISTAT geometry 2021
028066,Polverara,current_name,,2021-12-31,ISTAT geometry 2021
028067,Ponso,current_name,,2021-12-31,ISTAT geometry 2021
028068,Pontelongo,current_name,,2021-12-31,ISTAT geometry 2021
028069,Ponte San Nicolò,current_name,,2021-12-31,ISTAT geometry 2021
028070,Pozzonovo,current_name,,2021-12-31,ISTAT geometry 2021
028071,Rovolon,current_name,,2021-12-31,ISTAT geometry 2021
028072,Rubano,current_name,,2021-12-31,ISTAT geometry 2021
028073,Saccolongo,current_name,,2021-12-31,ISTAT geometry 2021
028075,San Giorgio delle Ertiche,election_source_name,1999-06-13,1999-06-13,official election source label
028075,San Giorgio delle Pertiche,current_name,,2021-12-31,ISTAT geometry 2021
028076,San Giorgio in Bosco,current_name,,2021-12-31,ISTAT geometry 2021
028077,San Martino di Lupari,current_name,,2021-12-31,ISTAT geometry 2021
028078,San Pietro Engù,historical_name,,1866-11-20,ISTAT SITUAS report 100
028078,San Pietro in Gu,current_name,,2021-12-31,ISTAT geometry 2021
028079,San Pietro Viminario,current_name,,2021-12-31,ISTAT geometry 2021
028080,Santa Giustina in Colle,current_name,,2021-12-31,ISTAT geometry 2021
028082,Sant'Angelo,historical_name,,1866-11-20,ISTAT SITUAS report 100
028082,Sant'Angelo di Piove di Sacco,current_name,,2021-12-31,ISTAT geometry 2021
028083,Sant'Elena,current_name,,2021-12-31,ISTAT geometry 2021
028084,Sant'Urbano,current_name,,2021-12-31,ISTAT geometry 2021
028085,Saonara,current_name,,2021-12-31,ISTAT geometry 2021
028086,Selvazzano Dentro,current_name,,2021-12-31,ISTAT geometry 2021
028087,Solesino,current_name,,2021-12-31,ISTAT geometry 2021
028088,Stanghella,current_name,,2021-12-31,ISTAT geometry 2021
028089,Teolo,current_name,,2021-12-31,ISTAT geometry 2021
028090,Terrassa,historical_name,,1866-11-20,ISTAT SITUAS report 100
028090,Terrassa Padovana,current_name,,2021-12-31,ISTAT geometry 2021
028091,Tombolo,current_name,,2021-12-31,ISTAT geometry 2021
028092,Torreglia,current_name,,2021-12-31,ISTAT geometry 2021
028093,Trebaseleghe,current_name,,2021-12-31,ISTAT geometry 2021
028094,Tribano,current_name,,2021-12-31,ISTAT geometry 2021
028095,Urbana,current_name,,2021-12-31,ISTAT geometry 2021
028096,Veggiano,current_name,,2021-12-31,ISTAT geometry 2021
028097,Vescovana,current_name,,2021-12-31,ISTAT geometry 2021
028098,Vighizzolo,historical_name,,1866-11-20,ISTAT SITUAS report 100
028098,Vighizzolo d'Este,current_name,,2021-12-31,ISTAT geometry 2021
028099,Vigodarzere,current_name,,2021-12-31,ISTAT geometry 2021
028100,Vigonza,current_name,,2021-12-31,ISTAT geometry 2021
028101,Villa del Conte,current_name,,2021-12-31,ISTAT geometry 2021
028102,Villa di Villa,historical_name,,1866-11-20,ISTAT SITUAS report 100
028102,Villa Estense,current_name,,2021-12-31,ISTAT geometry 2021
028103,Villafranca,historical_name,,1866-11-20,ISTAT SITUAS report 100
028103,Villafranca Adovana,election_source_name,1999-06-13,1999-06-13,official election source label
028103,Villafranca Padovana,current_name,,2021-12-31,ISTAT geometry 2021
028104,Villanova,historical_name,,1866-11-20,ISTAT SITUAS report 100
028104,Villanova di Camposampiero,current_name,,2021-12-31,ISTAT geometry 2021
028105,Vo',current_name,,2021-12-31,ISTAT geometry 2021
028106,CARRARA SAN GIORGIO,historical_name,1866-11-19,1995-04-07,ANPR historical archive
028106,CARRARA SANTO STEFANO,historical_name,1866-11-19,1995-04-07,ANPR historical archive
028106,Due Carrare,current_name,,2021-12-31,ISTAT geometry 2021
028106,Duedue Carrare,election_source_name,1999-06-13,1999-06-13,official election source label
028107,Borgo Veneto,current_name,,2021-12-31,ISTAT geometry 2021
028107,MEGLIADINO SAN FIDENZIO,historical_name,1866-11-19,2018-02-16,ANPR historical archive
028107,SALETTO,historical_name,1866-11-19,2018-02-16,ANPR historical archive
028107,Santa Margherita,historical_name,,1866-11-20,ISTAT SITUAS report 100
028107,SANTA MARGHERITA D'ADIGE,historical_name,1867-08-26,2018-02-16,ANPR historical archive
029001,Adria,current_name,,2021-12-31,ISTAT geometry 2021
029001,Bottrighe,historical_name,,1866-11-20,ISTAT SITUAS report 100
029002,Ariano,historical_name,,1866-11-20,ISTAT SITUAS report 100
029002,Ariano Nel Olesine,election_source_name,1999-06-13,1999-06-13,official election source label
029002,Ariano nel Polesine,current_name,,2021-12-31,ISTAT geometry 2021
029003,Arquà,historical_name,,1866-11-20,ISTAT SITUAS report 100
029003,Arquà Polesine,current_name,,2021-12-31,ISTAT geometry 2021
029004,Badia,historical_name,,1866-11-20,ISTAT SITUAS report 100
029004,Badia Polesine,current_name,,2021-12-31,ISTAT geometry 2021
029004,Salvaterra,historical_name,,1866-11-20,ISTAT SITUAS report 100
029004,Villa d'Adige,historical_name,,1867-08-19,ISTAT SITUAS report 104
029004,Villabona,historical_name,,1866-11-20,ISTAT SITUAS report 100
029005,Bagnolo,historical_name,,1866-11-20,ISTAT SITUAS report 100
029005,Bagnolo di Po,current_name,,2021-12-31,ISTAT geometry 2021
029006,Bergantino,current_name,,2021-12-31,ISTAT geometry 2021
029007,Bosaro,current_name,,2021-12-31,ISTAT geometry 2021
029008,Calto,current_name,,2021-12-31,ISTAT geometry 2021
029009,Canaro,current_name,,2021-12-31,ISTAT geometry 2021
029010,Canda,current_name,,2021-12-31,ISTAT geometry 2021
029011,Castelguglielmo,current_name,,2021-12-31,ISTAT geometry 2021
029012,Castelmassa,current_name,,2021-12-31,ISTAT geometry 2021
029012,Castelnovo,historical_name,,1866-11-20,ISTAT SITUAS report 100
029012,Castelnovo Bariano,historical_name,,1867-08-19,ISTAT SITUAS report 104
029012,Massa Superiore,historical_name,,1866-11-20,ISTAT SITUAS report 100
029013,Castelnovo Bariano,current_name,,2021-12-31,ISTAT geometry 2021
029014,Ceneselli,current_name,,2021-12-31,ISTAT geometry 2021
029015,Ceregnano,current_name,,2021-12-31,ISTAT geometry 2021
029017,Corbola,current_name,,2021-12-31,ISTAT geometry 2021
029018,Costa,historical_name,,1866-11-20,ISTAT SITUAS report 100
029018,Costa di Rovigo,current_name,,2021-12-31,ISTAT geometry 2021
029019,Crespino,current_name,,2021-12-31,ISTAT geometry 2021
029021,Ficarolo,current_name,,2021-12-31,ISTAT geometry 2021
029022,Fiesso,historical_name,,1866-11-20,ISTAT SITUAS report 100
029022,Fiesso Umbertiano,current_name,,2021-12-31,ISTAT geometry 2021
029023,Frassinelle,historical_name,,1866-11-20,ISTAT SITUAS report 100
029023,Frassinelle Polesine,current_name,,2021-12-31,ISTAT geometry 2021
029024,Fratta,historical_name,,1866-11-20,ISTAT SITUAS report 100
029024,Fratta Polesine,current_name,,2021-12-31,ISTAT geometry 2021
029025,Gaiba,current_name,,2021-12-31,ISTAT geometry 2021
029026,Gavello,current_name,,2021-12-31,ISTAT geometry 2021
029027,Giacciano con Baruchella,current_name,,2021-12-31,ISTAT geometry 2021
029028,Guarda Veneta,current_name,,2021-12-31,ISTAT geometry 2021
029029,Lendinara,current_name,,2021-12-31,ISTAT geometry 2021
029029,Ramo di Palo,historical_name,,1866-11-20,ISTAT SITUAS report 100
029029,Saguedo,historical_name,,1866-11-20,ISTAT SITUAS report 100
029030,Loreo,current_name,,2021-12-31,ISTAT geometry 2021
029030,Rosolina,historical_name,,1866-11-20,ISTAT SITUAS report 100
029031,Lusia,current_name,,2021-12-31,ISTAT geometry 2021
029032,Melara,current_name,,2021-12-31,ISTAT geometry 2021
029033,Occhiobello,current_name,,2021-12-31,ISTAT geometry 2021
029034,Papozze,current_name,,2021-12-31,ISTAT geometry 2021
029035,Pettorazza Grimani,current_name,,2021-12-31,ISTAT geometry 2021
029036,Pincara,current_name,,2021-12-31,ISTAT geometry 2021
029037,Polesella,current_name,,2021-12-31,ISTAT geometry 2021
029038,Pontecchio,historical_name,,1866-11-20,ISTAT SITUAS report 100
029038,Pontecchio Polesine,current_name,,2021-12-31,ISTAT geometry 2021
029039,Porto Tolle,current_name,,2021-12-31,ISTAT geometry 2021
029039,San Niccolò,historical_name,,1866-11-20,ISTAT SITUAS report 100
029040,Rosolina,current_name,,2021-12-31,ISTAT geometry 2021
029041,Boara,historical_name,,1866-11-20,ISTAT SITUAS report 100
029041,Boara Polesine,historical_name,,1868-07-13,ISTAT SITUAS report 104
029041,Borsea,historical_name,,1866-11-20,ISTAT SITUAS report 100
029041,Buso,historical_name,,1866-11-20,ISTAT SITUAS report 100
029041,Buso Sarzano,historical_name,,1867-08-19,ISTAT SITUAS report 104
029041,Concadirame,historical_name,,1866-11-20,ISTAT SITUAS report 100
029041,Grignano,historical_name,,1866-11-20,ISTAT SITUAS report 100
029041,Grignano di Polesine,historical_name,,1867-08-19,ISTAT SITUAS report 104
029041,Rovigo,current_name,,2021-12-31,ISTAT geometry 2021
029041,Sant'Apollinare,historical_name,,1866-11-20,ISTAT SITUAS report 100
029041,Sant'Apollinare con Selva,historical_name,,1867-08-19,ISTAT SITUAS report 104
029042,Salara,current_name,,2021-12-31,ISTAT geometry 2021
029043,San Bellino,current_name,,2021-12-31,ISTAT geometry 2021
029044,San Martino,historical_name,,1866-11-20,ISTAT SITUAS report 100
029044,San Martino di Venezze,current_name,,2021-12-31,ISTAT geometry 2021
029045,Stienta,current_name,,2021-12-31,ISTAT geometry 2021
029046,Taglio di O,election_source_name,1999-06-13,1999-06-13,official election source label
029046,Taglio di Po,current_name,,2021-12-31,ISTAT geometry 2021
029047,Trecenta,current_name,,2021-12-31,ISTAT geometry 2021
029048,Villadose,current_name,,2021-12-31,ISTAT geometry 2021
029049,Villamarzana,current_name,,2021-12-31,ISTAT geometry 2021
029050,Villanova del Ghebbo,current_name,,2021-12-31,ISTAT geometry 2021
029051,Villanova Marchesana,current_name,,2021-12-31,ISTAT geometry 2021
029052,CONTARINA,historical_name,1938-02-10,1956-08-08,ANPR historical archive
029052,DONADA,historical_name,1938-02-10,1956-08-08,ANPR historical archive
029052,Porto Viro,current_name,,2021-12-31,ISTAT geometry 2021
029052,Taglio di Porto Viro,historical_name,,1929-01-13,ISTAT SITUAS report 98
030001,Aiello del Friuli,current_name,,2021-12-31,ISTAT geometry 2021
030001,Ioannis,historical_name,,1923-04-27,ISTAT SITUAS report 104
030001,Joanniz,historical_name,,1921-01-05,ISTAT SITUAS report 100
030002,Amaro,current_name,,2021-12-31,ISTAT geometry 2021
030003,Ampezzo,current_name,,2021-12-31,ISTAT geometry 2021
030004,Andreis,historical_name,,1968-04-06,ISTAT SITUAS report 105
030004,Aquileia,current_name,,2021-12-31,ISTAT geometry 2021
030004,Fiumicello,historical_name,,1921-01-05,ISTAT SITUAS report 100
030004,Terzo d'Aquileia,historical_name,,1921-01-05,ISTAT SITUAS report 100
030005,Aquileia,historical_name,,1968-04-06,ISTAT SITUAS report 105
030005,ARTA,historical_name,1932-09-25,1946-11-14,ANPR historical archive
030005,Arta Terme,current_name,,2021-12-31,ISTAT geometry 2021
030005,Zuglio,historical_name,,1866-11-20,ISTAT SITUAS report 100
030006,Arba,historical_name,,1968-04-06,ISTAT SITUAS report 105
030006,Artegna,current_name,,2021-12-31,ISTAT geometry 2021
030006,Montenars,historical_name,,1866-11-20,ISTAT SITUAS report 100
030007,Arta Terme,historical_name,,1968-04-06,ISTAT SITUAS report 105
030007,Attimis,current_name,,2021-12-31,ISTAT geometry 2021
030008,Artegna,historical_name,,1968-04-06,ISTAT SITUAS report 105
030008,Bagnaria,historical_name,,1866-11-20,ISTAT SITUAS report 100
030008,Bagnaria Arsa,current_name,,2021-12-31,ISTAT geometry 2021
030009,Arzene,historical_name,,1968-04-06,ISTAT SITUAS report 105
030009,Basiliano,current_name,,2021-12-31,ISTAT geometry 2021
030009,Pasian Schiavonesco,historical_name,,1866-11-20,ISTAT SITUAS report 100
030010,Attimis,historical_name,,1968-04-06,ISTAT SITUAS report 105
030010,Bertiolo,current_name,,2021-12-31,ISTAT geometry 2021
030011,Aviano,historical_name,,1968-04-06,ISTAT SITUAS report 105
030011,Bicinicco,current_name,,2021-12-31,ISTAT geometry 2021
030012,Azzano Decimo,historical_name,,1968-04-06,ISTAT SITUAS report 105
030012,Bordano,current_name,,2021-12-31,ISTAT geometry 2021
030013,Bagnaria Arsa,historical_name,,1968-04-06,ISTAT SITUAS report 105
030013,Buja,current_name,,2021-12-31,ISTAT geometry 2021
030014,Barcis,historical_name,,1968-04-06,ISTAT SITUAS report 105
030014,Buttrio,current_name,,2021-12-31,ISTAT geometry 2021
030015,Basiliano,historical_name,,1968-04-06,ISTAT SITUAS report 105
030015,Camino al Tagliamento,current_name,,2021-12-31,ISTAT geometry 2021
030015,CAMINO DI CODROIPO,historical_name,1947-01-09,1949-12-10,ANPR historical archive
030016,Bertiolo,historical_name,,1968-04-06,ISTAT SITUAS report 105
030016,Campoformido,current_name,,2021-12-31,ISTAT geometry 2021
030018,Bordano,historical_name,,1968-04-06,ISTAT SITUAS report 105
030018,Carlino,current_name,,2021-12-31,ISTAT geometry 2021
030019,Brugnera,historical_name,,1968-04-06,ISTAT SITUAS report 105
030019,Cassacco,current_name,,2021-12-31,ISTAT geometry 2021
030020,Budoia,historical_name,,1968-04-06,ISTAT SITUAS report 105
030020,Castions di Strada,current_name,,2021-12-31,ISTAT geometry 2021
030021,Buja,historical_name,,1968-04-06,ISTAT SITUAS report 105
030021,Cavazzo,historical_name,,1866-11-20,ISTAT SITUAS report 100
030021,Cavazzo Carnico,current_name,,2021-12-31,ISTAT geometry 2021
030021,Cesclans,historical_name,,1866-11-20,ISTAT SITUAS report 100
030022,Buttrio,historical_name,,1968-04-06,ISTAT SITUAS report 105
030022,Cercivento,current_name,,2021-12-31,ISTAT geometry 2021
030023,Camino al Tagliamento,historical_name,,1968-04-06,ISTAT SITUAS report 105
030023,Cervignano,historical_name,,1921-01-05,ISTAT SITUAS report 100
030023,Cervignano del Friuli,current_name,,2021-12-31,ISTAT geometry 2021
030023,Muscoli Strassoldo,historical_name,,1921-01-05,ISTAT SITUAS report 100
030023,Scodovacca,historical_name,,1921-01-05,ISTAT SITUAS report 100
030024,Campoformido,historical_name,,1968-04-06,ISTAT SITUAS report 105
030024,Chiopris-Viscone,current_name,,2021-12-31,ISTAT geometry 2021
030025,Campolongo al Torre,historical_name,,1968-04-06,ISTAT SITUAS report 105
030025,Chiusa,historical_name,,1866-11-20,ISTAT SITUAS report 100
030025,Chiusaforte,current_name,,2021-12-31,ISTAT geometry 2021
030025,Raccolana,historical_name,,1866-11-20,ISTAT SITUAS report 100
030026,Caneva,historical_name,,1968-04-06,ISTAT SITUAS report 105
030026,Cividale del Friuli,current_name,,2021-12-31,ISTAT geometry 2021
030027,Camino di Codroipo,historical_name,,1866-11-20,ISTAT SITUAS report 100
030027,Carlino,historical_name,,1968-04-06,ISTAT SITUAS report 105
030027,Codroipo,current_name,,2021-12-31,ISTAT geometry 2021
030027,Passariano,historical_name,,1866-11-20,ISTAT SITUAS report 100
030027,Rivolto,historical_name,,1867-10-08,ISTAT SITUAS report 104
030028,Casarsa della Delizia,historical_name,,1968-04-06,ISTAT SITUAS report 105
030028,Colloredo di Monte Albano,current_name,,2021-12-31,ISTAT geometry 2021
030029,Cassacco,historical_name,,1968-04-06,ISTAT SITUAS report 105
030029,Comeglians,current_name,,2021-12-31,ISTAT geometry 2021
030030,Castelnovo del Friuli,historical_name,,1968-04-06,ISTAT SITUAS report 105
030030,Corno di Rosazzo,current_name,,2021-12-31,ISTAT geometry 2021
030031,Castions di Strada,historical_name,,1968-04-06,ISTAT SITUAS report 105
030031,Coseano,current_name,,2021-12-31,ISTAT geometry 2021
030032,Cavasso Nuovo,historical_name,,1968-04-06,ISTAT SITUAS report 105
030032,Dignano,current_name,,2021-12-31,ISTAT geometry 2021
030033,Cavazzo Carnico,historical_name,,1968-04-06,ISTAT SITUAS report 105
030033,Dogna,current_name,,2021-12-31,ISTAT geometry 2021
030034,Cercivento,historical_name,,1968-04-06,ISTAT SITUAS report 105
030034,Drenchia,current_name,,2021-12-31,ISTAT geometry 2021
030035,Cervignano del Friuli,historical_name,,1968-04-06,ISTAT SITUAS report 105
030035,Enemonzo,current_name,,2021-12-31,ISTAT geometry 2021
030035,Preone,historical_name,,1866-11-20,ISTAT SITUAS report 100
030036,Chions,historical_name,,1968-04-06,ISTAT SITUAS report 105
030036,Faedis,current_name,,2021-12-31,ISTAT geometry 2021
030037,Chiopris-Viscone,historical_name,,1968-04-06,ISTAT SITUAS report 105
030037,Fagagna,current_name,,2021-12-31,ISTAT geometry 2021
030037,San Vito di Fagagna,historical_name,,1866-11-20,ISTAT SITUAS report 100
030039,Cimolais,historical_name,,1968-04-06,ISTAT SITUAS report 105
030039,Flaibano,current_name,,2021-12-31,ISTAT geometry 2021
030039,Sant'Odorico,historical_name,,1866-11-20,ISTAT SITUAS report 100
030040,Cividale del Friuli,historical_name,,1968-04-06,ISTAT SITUAS report 105
030040,Forni A Voltri,election_source_name,1979-06-10,1979-06-10,official election source label
030040,Forni Avoltri,current_name,,2021-12-31,ISTAT geometry 2021
030041,Claut,historical_name,,1968-04-06,ISTAT SITUAS report 105
030041,Forni di Sopra,current_name,,2021-12-31,ISTAT geometry 2021
030042,Clauzetto,historical_name,,1968-04-06,ISTAT SITUAS report 105
030042,Forni di Sotto,current_name,,2021-12-31,ISTAT geometry 2021
030043,Codroipo,historical_name,,1968-04-06,ISTAT SITUAS report 105
030043,Gemona,historical_name,,1866-11-20,ISTAT SITUAS report 100
030043,Gemona del Friuli,current_name,,2021-12-31,ISTAT geometry 2021
030044,Colloredo di Monte Albano,historical_name,,1968-04-06,ISTAT SITUAS report 105
030044,Gonars,current_name,,2021-12-31,ISTAT geometry 2021
030045,Comeglians,historical_name,,1968-04-06,ISTAT SITUAS report 105
030045,GARMAK,alternate_name,1968-04-06,9999-12-31,ANPR historical archive
030045,Grimacco,current_name,,2021-12-31,ISTAT geometry 2021
030046,Cordenons,historical_name,,1968-04-06,ISTAT SITUAS report 105
030046,Latisana,current_name,,2021-12-31,ISTAT geometry 2021
030047,Cordovado,historical_name,,1968-04-06,ISTAT SITUAS report 105
030047,Lauco,current_name,,2021-12-31,ISTAT geometry 2021
030048,Corno di Rosazzo,historical_name,,1968-04-06,ISTAT SITUAS report 105
030048,Lestizza,current_name,,2021-12-31,ISTAT geometry 2021
030049,Coseano,historical_name,,1968-04-06,ISTAT SITUAS report 105
030049,Lignano Sabbiadoro,current_name,,2021-12-31,ISTAT geometry 2021
030051,Dogna,historical_name,,1968-04-06,ISTAT SITUAS report 105
030051,Lusevera,current_name,,2021-12-31,ISTAT geometry 2021
030052,Drenchia,historical_name,,1968-04-06,ISTAT SITUAS report 105
030052,Magnano,historical_name,,1866-11-20,ISTAT SITUAS report 100
030052,Magnano in Riviera,current_name,,2021-12-31,ISTAT geometry 2021
030053,Enemonzo,historical_name,,1968-04-06,ISTAT SITUAS report 105
030053,Majano,current_name,,2021-12-31,ISTAT geometry 2021
030054,Erto e Casso,historical_name,,1968-04-06,ISTAT SITUAS report 105
030054,Malborghetto,historical_name,,1921-01-05,ISTAT SITUAS report 100
030054,Malborghetto Valbruna,current_name,,2021-12-31,ISTAT geometry 2021
030054,Ucovizza,historical_name,,1921-01-05,ISTAT SITUAS report 100
030054,Ugovizza Valbruna,historical_name,,1923-04-27,ISTAT SITUAS report 104
030055,Faedis,historical_name,,1968-04-06,ISTAT SITUAS report 105
030055,Manzano,current_name,,2021-12-31,ISTAT geometry 2021
030056,Fagagna,historical_name,,1968-04-06,ISTAT SITUAS report 105
030056,Marano,historical_name,,1866-11-20,ISTAT SITUAS report 100
030056,Marano Lacunare,historical_name,,1867-10-08,ISTAT SITUAS report 104
030056,Marano Lagunare,current_name,,2021-12-31,ISTAT geometry 2021
030057,Fanna,historical_name,,1968-04-06,ISTAT SITUAS report 105
030057,Martignacco,current_name,,2021-12-31,ISTAT geometry 2021
030058,Fiume Veneto,historical_name,,1968-04-06,ISTAT SITUAS report 105
030058,Mereto di Tomba,current_name,,2021-12-31,ISTAT geometry 2021
030058,Meretto di Tomba,historical_name,,1866-11-20,ISTAT SITUAS report 100
030059,Fiumicello,historical_name,,1968-04-06,ISTAT SITUAS report 105
030059,Moggio Udinese,current_name,,2021-12-31,ISTAT geometry 2021
030060,Flaibano,historical_name,,1968-04-06,ISTAT SITUAS report 105
030060,Moimacco,current_name,,2021-12-31,ISTAT geometry 2021
030061,Fontanafredda,historical_name,,1968-04-06,ISTAT SITUAS report 105
030061,Montenars,current_name,,2021-12-31,ISTAT geometry 2021
030062,Forgaria nel Friuli,historical_name,,1968-04-06,ISTAT SITUAS report 105
030062,Mortegliano,current_name,,2021-12-31,ISTAT geometry 2021
030063,Forni Avoltri,historical_name,,1968-04-06,ISTAT SITUAS report 105
030063,Moruzzo,current_name,,2021-12-31,ISTAT geometry 2021
030064,Forni di Sopra,historical_name,,1968-04-06,ISTAT SITUAS report 105
030064,Muzzana,historical_name,,1866-11-20,ISTAT SITUAS report 100
030064,Muzzana del Turgnano,current_name,,2021-12-31,ISTAT geometry 2021
030065,Forni di Sotto,historical_name,,1968-04-06,ISTAT SITUAS report 105
030065,Nimis,current_name,,2021-12-31,ISTAT geometry 2021
030066,Frisanco,historical_name,,1968-04-06,ISTAT SITUAS report 105
030066,Osoppo,current_name,,2021-12-31,ISTAT geometry 2021
030067,Gemona del Friuli,historical_name,,1968-04-06,ISTAT SITUAS report 105
030067,Mione,historical_name,,1866-11-20,ISTAT SITUAS report 100
030067,Ovaro,current_name,,2021-12-31,ISTAT geometry 2021
030068,Gonars,historical_name,,1968-04-06,ISTAT SITUAS report 105
030068,Pagnacco,current_name,,2021-12-31,ISTAT geometry 2021
030069,Grimacco,historical_name,,1968-04-06,ISTAT SITUAS report 105
030069,Palazzolo,historical_name,,1866-11-20,ISTAT SITUAS report 100
030069,Palazzolo dello Stella,current_name,,2021-12-31,ISTAT geometry 2021
030070,Latisana,historical_name,,1968-04-06,ISTAT SITUAS report 105
030070,Palmanova,current_name,,2021-12-31,ISTAT geometry 2021
030071,Lauco,historical_name,,1968-04-06,ISTAT SITUAS report 105
030071,Paluzza,current_name,,2021-12-31,ISTAT geometry 2021
030072,Lestizza,historical_name,,1968-04-06,ISTAT SITUAS report 105
030072,Pasian di Prato,current_name,,2021-12-31,ISTAT geometry 2021
030073,Lignano Sabbiadoro,historical_name,,1968-04-06,ISTAT SITUAS report 105
030073,Paularo,current_name,,2021-12-31,ISTAT geometry 2021
030074,Ligosullo,historical_name,,1968-04-06,ISTAT SITUAS report 105
030074,Pavia,historical_name,,1866-11-20,ISTAT SITUAS report 100
030074,Pavia di Udine,current_name,,2021-12-31,ISTAT geometry 2021
030075,Lusevera,historical_name,,1968-04-06,ISTAT SITUAS report 105
030075,Pocenia,current_name,,2021-12-31,ISTAT geometry 2021
030076,Laglesie San Leopoldo,historical_name,,1923-04-27,ISTAT SITUAS report 104
030076,Magnano in Riviera,historical_name,,1968-04-06,ISTAT SITUAS report 105
030076,Pontebba,current_name,,2021-12-31,ISTAT geometry 2021
030076,Pontebba Nova,historical_name,,1923-04-27,ISTAT SITUAS report 104
030076,Pontefella,historical_name,,1921-01-05,ISTAT SITUAS report 100
030076,San Leopoldo Alaglesie,historical_name,,1921-01-05,ISTAT SITUAS report 100
030077,Majano,historical_name,,1968-04-06,ISTAT SITUAS report 105
030077,Porpetto,current_name,,2021-12-31,ISTAT geometry 2021
030078,Malborghetto Valbruna,historical_name,,1968-04-06,ISTAT SITUAS report 105
030078,Povoletto,current_name,,2021-12-31,ISTAT geometry 2021
030078,Povoletto M,election_source_name,1999-06-13,1999-06-13,official election source label
030079,Maniago,historical_name,,1968-04-06,ISTAT SITUAS report 105
030079,Pozzuolo,historical_name,,1866-11-20,ISTAT SITUAS report 100
030079,Pozzuolo del Friuli,current_name,,2021-12-31,ISTAT geometry 2021
030080,Manzano,historical_name,,1968-04-06,ISTAT SITUAS report 105
030080,Pradamano,current_name,,2021-12-31,ISTAT geometry 2021
030081,Marano Lagunare,historical_name,,1968-04-06,ISTAT SITUAS report 105
030081,Prato,historical_name,,1866-11-20,ISTAT SITUAS report 100
030081,Prato Carnico,current_name,,2021-12-31,ISTAT geometry 2021
030082,Martignacco,historical_name,,1968-04-06,ISTAT SITUAS report 105
030082,Precenicco,current_name,,2021-12-31,ISTAT geometry 2021
030083,Ipplis,historical_name,,1866-11-20,ISTAT SITUAS report 100
030083,Meduno,historical_name,,1968-04-06,ISTAT SITUAS report 105
030083,Premariacco,current_name,,2021-12-31,ISTAT geometry 2021
030084,Mereto di Tomba,historical_name,,1968-04-06,ISTAT SITUAS report 105
030084,Preone,current_name,,2021-12-31,ISTAT geometry 2021
030085,Castel del Monte Udinese,historical_name,,1866-11-20,ISTAT SITUAS report 100
030085,Moggio Udinese,historical_name,,1968-04-06,ISTAT SITUAS report 105
030085,Prepotto,current_name,,2021-12-31,ISTAT geometry 2021
030086,Moimacco,historical_name,,1968-04-06,ISTAT SITUAS report 105
030086,Pulfero,current_name,,2021-12-31,ISTAT geometry 2021
030086,Rodda,historical_name,,1866-11-20,ISTAT SITUAS report 100
030086,Tarcetta,historical_name,,1866-11-20,ISTAT SITUAS report 100
030087,Montenars,historical_name,,1968-04-06,ISTAT SITUAS report 105
030087,Ragogna,current_name,,2021-12-31,ISTAT geometry 2021
030088,Montereale Valcellina,historical_name,,1968-04-06,ISTAT SITUAS report 105
030088,Ravascletto,current_name,,2021-12-31,ISTAT geometry 2021
030089,Morsano al Tagliamento,historical_name,,1968-04-06,ISTAT SITUAS report 105
030089,Raveo,current_name,,2021-12-31,ISTAT geometry 2021
030090,Mortegliano,historical_name,,1968-04-06,ISTAT SITUAS report 105
030090,Reana,historical_name,,1866-11-20,ISTAT SITUAS report 100
030090,Reana del Rojale,current_name,,2021-12-31,ISTAT geometry 2021
030091,Moruzzo,historical_name,,1968-04-06,ISTAT SITUAS report 105
030091,Remanzacco,current_name,,2021-12-31,ISTAT geometry 2021
030091,Remanzacco M,election_source_name,1999-06-13,1999-06-13,official election source label
030092,Muzzana del Turgnano,historical_name,,1968-04-06,ISTAT SITUAS report 105
030092,Resia,current_name,,2021-12-31,ISTAT geometry 2021
030093,Nimis,historical_name,,1968-04-06,ISTAT SITUAS report 105
030093,Resiutta,current_name,,2021-12-31,ISTAT geometry 2021
030094,Osoppo,historical_name,,1968-04-06,ISTAT SITUAS report 105
030094,Rigolato,current_name,,2021-12-31,ISTAT geometry 2021
030095,Ovaro,historical_name,,1968-04-06,ISTAT SITUAS report 105
030095,Rive d'Arcano,current_name,,2021-12-31,ISTAT geometry 2021
030097,Palazzolo dello Stella,historical_name,,1968-04-06,ISTAT SITUAS report 105
030097,Ronchis,current_name,,2021-12-31,ISTAT geometry 2021
030098,Palmanova,historical_name,,1968-04-06,ISTAT SITUAS report 105
030098,Perteole,historical_name,,1921-01-05,ISTAT SITUAS report 100
030098,Ruda,current_name,,2021-12-31,ISTAT geometry 2021
030098,Villa Vicentina,historical_name,,1921-01-05,ISTAT SITUAS report 100
030099,Paluzza,historical_name,,1968-04-06,ISTAT SITUAS report 105
030099,San Daniele,historical_name,,1866-11-20,ISTAT SITUAS report 100
030099,San Daniele del Friuli,current_name,,2021-12-31,ISTAT geometry 2021
030100,Carlino,historical_name,,1866-11-20,ISTAT SITUAS report 100
030100,Pasian di Prato,historical_name,,1968-04-06,ISTAT SITUAS report 105
030100,San Giorgio di Nogaro,current_name,,2021-12-31,ISTAT geometry 2021
030101,Corno di Rosazzo,historical_name,,1866-11-20,ISTAT SITUAS report 100
030101,Pasiano di Pordenone,historical_name,,1968-04-06,ISTAT SITUAS report 105
030101,San Giovanni al Natisone,current_name,,2021-12-31,ISTAT geometry 2021
030101,San Giovanni di Manzano,historical_name,,1866-11-20,ISTAT SITUAS report 100
030102,Paularo,historical_name,,1968-04-06,ISTAT SITUAS report 105
030102,San Leonardo,current_name,,2021-12-31,ISTAT geometry 2021
030103,Pavia di Udine,historical_name,,1968-04-06,ISTAT SITUAS report 105
030103,San Pietro al Natisone,current_name,,2021-12-31,ISTAT geometry 2021
030103,San Pietro degli Schiavi,historical_name,,1866-11-20,ISTAT SITUAS report 100
030104,Pinzano al Tagliamento,historical_name,,1968-04-06,ISTAT SITUAS report 105
030104,Santa Maria la Longa,current_name,,2021-12-31,ISTAT geometry 2021
030105,Pocenia,historical_name,,1968-04-06,ISTAT SITUAS report 105
030105,San Vito al Torre,current_name,,2021-12-31,ISTAT geometry 2021
030106,Polcenigo,historical_name,,1968-04-06,ISTAT SITUAS report 105
030106,San Vito di Fagagna,current_name,,2021-12-31,ISTAT geometry 2021
030107,Pontebba,historical_name,,1968-04-06,ISTAT SITUAS report 105
030107,Sauris,current_name,,2021-12-31,ISTAT geometry 2021
030108,Porcia,historical_name,,1968-04-06,ISTAT SITUAS report 105
030108,Savogna,current_name,,2021-12-31,ISTAT geometry 2021
030109,Pordenone,historical_name,,1968-04-06,ISTAT SITUAS report 105
030109,Sedegliano,current_name,,2021-12-31,ISTAT geometry 2021
030110,Porpetto,historical_name,,1968-04-06,ISTAT SITUAS report 105
030110,Socchieve,current_name,,2021-12-31,ISTAT geometry 2021
030111,Povoletto,historical_name,,1968-04-06,ISTAT SITUAS report 105
030111,Stregna,current_name,,2021-12-31,ISTAT geometry 2021
030112,Pozzuolo del Friuli,historical_name,,1968-04-06,ISTAT SITUAS report 105
030112,Sutrio,current_name,,2021-12-31,ISTAT geometry 2021
030113,Platischis,historical_name,,1866-11-20,ISTAT SITUAS report 100
030113,Pradamano,historical_name,,1968-04-06,ISTAT SITUAS report 105
030113,Taipana,current_name,,2021-12-31,ISTAT geometry 2021
030114,Prata di Pordenone,historical_name,,1968-04-06,ISTAT SITUAS report 105
030114,Talmassons,current_name,,2021-12-31,ISTAT geometry 2021
030116,Ciseriis,historical_name,,1866-11-20,ISTAT SITUAS report 100
030116,Collalto,historical_name,,1866-11-20,ISTAT SITUAS report 100
030116,Collalto della Soima,historical_name,,1867-10-08,ISTAT SITUAS report 104
030116,Pravisdomini,historical_name,,1968-04-06,ISTAT SITUAS report 105
030116,Segnacco,historical_name,,1878-08-31,ISTAT SITUAS report 104
030116,Tarcento,current_name,,2021-12-31,ISTAT geometry 2021
030117,Camporosso,historical_name,,1921-01-05,ISTAT SITUAS report 100
030117,Camporosso in Valcanale,historical_name,,1923-04-27,ISTAT SITUAS report 104
030117,Fusine in Valromana,historical_name,,1923-04-27,ISTAT SITUAS report 104
030117,Precenicco,historical_name,,1968-04-06,ISTAT SITUAS report 105
030117,Roccalba,historical_name,,1921-01-05,ISTAT SITUAS report 100
030117,Tarvisio,current_name,,2021-12-31,ISTAT geometry 2021
030117,TRBIZ,alternate_name,1968-04-06,9999-12-31,ANPR historical archive
030118,Feletto,historical_name,,1866-11-20,ISTAT SITUAS report 100
030118,Feletto Umberto,historical_name,,1867-10-08,ISTAT SITUAS report 104
030118,Pagnacco,historical_name,,1866-11-20,ISTAT SITUAS report 100
030118,Premariacco,historical_name,,1968-04-06,ISTAT SITUAS report 105
030118,Tavagnacco,current_name,,2021-12-31,ISTAT geometry 2021
030120,Prepotto,historical_name,,1968-04-06,ISTAT SITUAS report 105
030120,Terzo d'Aquileia,current_name,,2021-12-31,ISTAT geometry 2021
030121,Pulfero,historical_name,,1968-04-06,ISTAT SITUAS report 105
030121,Tolmezzo,current_name,,2021-12-31,ISTAT geometry 2021
030122,Ragogna,historical_name,,1968-04-06,ISTAT SITUAS report 105
030122,Torreano,current_name,,2021-12-31,ISTAT geometry 2021
030123,Ravascletto,historical_name,,1968-04-06,ISTAT SITUAS report 105
030123,Torviscosa,current_name,,2021-12-31,ISTAT geometry 2021
030124,Raveo,historical_name,,1968-04-06,ISTAT SITUAS report 105
030124,Trasaghis,current_name,,2021-12-31,ISTAT geometry 2021
030126,Remanzacco,historical_name,,1968-04-06,ISTAT SITUAS report 105
030126,Treppo Grande,current_name,,2021-12-31,ISTAT geometry 2021
030127,Resia,historical_name,,1968-04-06,ISTAT SITUAS report 105
030127,Tricesimo,current_name,,2021-12-31,ISTAT geometry 2021
030128,Resiutta,historical_name,,1968-04-06,ISTAT SITUAS report 105
030128,Trivignano Udinese,current_name,,2021-12-31,ISTAT geometry 2021
030129,Rigolato,historical_name,,1968-04-06,ISTAT SITUAS report 105
030129,Udine,current_name,,2021-12-31,ISTAT geometry 2021
030130,Rive d'Arcano,historical_name,,1968-04-06,ISTAT SITUAS report 105
030130,Varmo,current_name,,2021-12-31,ISTAT geometry 2021
030131,Rivignano,historical_name,,1968-04-06,ISTAT SITUAS report 105
030131,Venzone,current_name,,2021-12-31,ISTAT geometry 2021
030132,Ronchis,historical_name,,1968-04-06,ISTAT SITUAS report 105
030132,Verzegnis,current_name,,2021-12-31,ISTAT geometry 2021
030133,Roveredo in Piano,historical_name,,1968-04-06,ISTAT SITUAS report 105
030133,Villa,historical_name,,1866-11-20,ISTAT SITUAS report 100
030133,Villa Santina,current_name,,2021-12-31,ISTAT geometry 2021
030135,Sacile,historical_name,,1968-04-06,ISTAT SITUAS report 105
030135,Visco,current_name,,2021-12-31,ISTAT geometry 2021
030136,San Daniele del Friuli,historical_name,,1968-04-06,ISTAT SITUAS report 105
030136,Zuglio,current_name,,2021-12-31,ISTAT geometry 2021
030137,Forgaria,historical_name,,1866-11-20,ISTAT SITUAS report 100
030137,Forgaria nel Friuli,current_name,,2021-12-31,ISTAT geometry 2021
030137,San Giorgio della Richinvelda,historical_name,,1968-04-06,ISTAT SITUAS report 105
030138,Bicinicco,historical_name,,1968-04-06,ISTAT SITUAS report 105
030138,Campolongo,historical_name,,1921-01-05,ISTAT SITUAS report 100
030138,CAMPOLONGO AL TORRE,historical_name,1968-04-06,2006-02-08,ANPR historical archive
030138,Campolongo Tapogliano,current_name,,2021-12-31,ISTAT geometry 2021
030138,Prato Carnico,historical_name,,1968-04-06,ISTAT SITUAS report 105
030138,San Giorgio di Nogaro,historical_name,,1968-04-06,ISTAT SITUAS report 105
030138,TAPOGLIANO,historical_name,1968-04-06,2006-02-08,ANPR historical archive
030188,Pagnacco,historical_name,,1968-04-06,ISTAT SITUAS report 105
030188,Preone,historical_name,,1968-04-06,ISTAT SITUAS report 105
030188,RIVIGNANO,historical_name,1968-04-06,2013-12-31,ANPR historical archive
030188,Rivignano Teor,current_name,,2021-12-31,ISTAT geometry 2021
030188,TEOR,historical_name,1968-04-06,2013-12-31,ANPR historical archive
030189,Sappada,current_name,,2021-12-31,ISTAT geometry 2021
030190,Chiusaforte,historical_name,,1968-04-06,ISTAT SITUAS report 105
030190,FIUMICELLO,historical_name,1968-04-06,2018-01-31,ANPR historical archive
030190,Fiumicello Villa Vicentina,current_name,,2021-12-31,ISTAT geometry 2021
030190,Ruda,historical_name,,1968-04-06,ISTAT SITUAS report 105
030190,VILLA VICENTINA,historical_name,1968-04-06,2012-06-20,ANPR historical archive
030191,Dignano,historical_name,,1968-04-06,ISTAT SITUAS report 105
030191,LIGOSULLO,historical_name,1968-04-06,2018-01-31,ANPR historical archive
030191,Reana del Rojale,historical_name,,1968-04-06,ISTAT SITUAS report 105
030191,Treppo,historical_name,,1866-11-20,ISTAT SITUAS report 100
030191,TREPPO CARNICO,historical_name,1968-04-06,2018-01-31,ANPR historical archive
030191,Treppo Ligosullo,current_name,,2021-12-31,ISTAT geometry 2021
031001,Capriva,historical_name,,1921-01-05,ISTAT SITUAS report 100
031001,Capriva del Friuli,current_name,,2021-12-31,ISTAT geometry 2021
031001,CAPRIVA DI CORMONS,historical_name,1928-01-01,1947-09-15,ANPR historical archive
031001,Moraro,historical_name,,1921-01-05,ISTAT SITUAS report 100
031001,Mossa,historical_name,,1921-01-05,ISTAT SITUAS report 100
031001,San Lorenzo di Mossa,historical_name,,1921-01-05,ISTAT SITUAS report 100
031002,Brazzano,historical_name,,1921-01-05,ISTAT SITUAS report 100
031002,Cormons,current_name,,2021-12-31,ISTAT geometry 2021
031002,Medea,historical_name,,1921-01-05,ISTAT SITUAS report 100
031003,Doberdò,historical_name,,1921-01-05,ISTAT SITUAS report 100
031003,Doberdò del Lago,current_name,,2021-12-31,ISTAT geometry 2021
031003,DOBERDÒ DEL LAGO-DOBERDOB,historical_name,2009-01-29,9999-12-31,ANPR historical archive
031003,DOBERDOB,alternate_name,2009-01-29,9999-12-31,ANPR historical archive
031004,Cosbana,historical_name,,1921-01-05,ISTAT SITUAS report 100
031004,Cosbana del Collio,historical_name,,1923-04-27,ISTAT SITUAS report 104
031004,Dolegna,historical_name,,1921-01-05,ISTAT SITUAS report 100
031004,Dolegna del Collio,current_name,,2021-12-31,ISTAT geometry 2021
031005,Farra,historical_name,,1921-01-05,ISTAT SITUAS report 100
031005,Farra d'Isonzo,current_name,,2021-12-31,ISTAT geometry 2021
031006,Fogliano,historical_name,,1921-01-05,ISTAT SITUAS report 100
031006,Fogliano di Monfalcone,historical_name,,1923-04-27,ISTAT SITUAS report 104
031006,Fogliano Redipuglia,current_name,,2021-12-31,ISTAT geometry 2021
031007,GORICA,alternate_name,1947-09-16,9999-12-31,ANPR historical archive
031007,Gorizia,current_name,,2021-12-31,ISTAT geometry 2021
031007,Vertoiba,historical_name,,1921-01-05,ISTAT SITUAS report 100
031007,Vertoiba in Campi Santi,historical_name,,1923-04-27,ISTAT SITUAS report 104
031008,Gradisca,historical_name,,1921-01-05,ISTAT SITUAS report 100
031008,Gradisca d'Isonzo,current_name,,2021-12-31,ISTAT geometry 2021
031009,Grado,current_name,,2021-12-31,ISTAT geometry 2021
031010,Corona,historical_name,,1921-01-05,ISTAT SITUAS report 100
031010,Mariano,historical_name,,1921-01-05,ISTAT SITUAS report 100
031010,Mariano del Friuli,current_name,,2021-12-31,ISTAT geometry 2021
031011,Medea,current_name,,2021-12-31,ISTAT geometry 2021
031012,Monfalcone,current_name,,2021-12-31,ISTAT geometry 2021
031013,Moraro,current_name,,2021-12-31,ISTAT geometry 2021
031014,Mossa,current_name,,2021-12-31,ISTAT geometry 2021
031015,Romans,historical_name,,1921-01-05,ISTAT SITUAS report 100
031015,Romans d'Isonzo,current_name,,2021-12-31,ISTAT geometry 2021
031015,Versa,historical_name,,1921-01-05,ISTAT SITUAS report 100
031015,Villesse,historical_name,,1921-01-05,ISTAT SITUAS report 100
031016,Ronchi,historical_name,,1921-01-05,ISTAT SITUAS report 100
031016,Ronchi dei Legionari,current_name,,2021-12-31,ISTAT geometry 2021
031016,Ronchi di Monfalcone,historical_name,,1923-04-27,ISTAT SITUAS report 104
031017,Sagrado,current_name,,2021-12-31,ISTAT geometry 2021
031018,San Canzian d'Isonzo,current_name,,2021-12-31,ISTAT geometry 2021
031018,San Canziano,historical_name,,1921-01-05,ISTAT SITUAS report 100
031019,COMUNE DI SAN FLORIANO DEL COLLIO-OBČINA ŠTEVERJAN,alternate_name,2009-01-29,9999-12-31,ANPR historical archive
031019,San Floriano del Collio,current_name,,2021-12-31,ISTAT geometry 2021
031019,SAN FLORIANO DEL COLLIO-ŠTEVERJAN,historical_name,2009-01-29,9999-12-31,ANPR historical archive
031020,SAN LORENZO DI MOSSA,historical_name,1955-08-19,1968-11-11,ANPR historical archive
031020,San Lorenzo Isontino,current_name,,2021-12-31,ISTAT geometry 2021
031021,San Pier d'Isonzo,current_name,,2021-12-31,ISTAT geometry 2021
031021,San Pietro dell'Isonzo,historical_name,,1921-01-05,ISTAT SITUAS report 100
031022,COMUNE DI SAVOGNA D'ISONZO-OBČINA SOVODNJE OB SOČI,alternate_name,2009-01-29,9999-12-31,ANPR historical archive
031022,Savogna d'Isonzo,current_name,,2021-12-31,ISTAT geometry 2021
031022,SAVOGNA D'ISONZO-SOVODNJE OB SOČI,historical_name,2009-01-29,9999-12-31,ANPR historical archive
031023,Staranzano,current_name,,2021-12-31,ISTAT geometry 2021
031024,Turriaco,current_name,,2021-12-31,ISTAT geometry 2021
031025,Villesse,current_name,,2021-12-31,ISTAT geometry 2021
032001,Aurisina,historical_name,,1923-04-27,ISTAT SITUAS report 104
032001,COMUNE DI DUINO AURISINA-OBČINA DEVIN NABREŽINA,alternate_name,2009-01-29,9999-12-31,ANPR historical archive
032001,Duino,historical_name,,1921-01-05,ISTAT SITUAS report 100
032001,Duino Aurisina,current_name,,2021-12-31,ISTAT geometry 2021
032001,DUINO AURISINA-DEVIN NABREŽINA,historical_name,2009-01-29,9999-12-31,ANPR historical archive
032001,Malchina,historical_name,,1923-04-27,ISTAT SITUAS report 104
032001,Manchinie,historical_name,,1921-01-05,ISTAT SITUAS report 100
032001,Nabresina,historical_name,,1921-01-05,ISTAT SITUAS report 100
032001,San Pelagio,historical_name,,1921-01-05,ISTAT SITUAS report 100
032001,Slivia,historical_name,,1923-04-27,ISTAT SITUAS report 104
032001,Slivno,historical_name,,1921-01-05,ISTAT SITUAS report 100
032002,Monrupino,current_name,,2021-12-31,ISTAT geometry 2021
032002,MONRUPINO-REPENTABOR,historical_name,2009-01-29,9999-12-31,ANPR historical archive
032002,REPENTABOR,alternate_name,2009-01-29,9999-12-31,ANPR historical archive
032002,Repno,historical_name,,1921-01-05,ISTAT SITUAS report 100
032002,Rupin Grande,historical_name,,1923-04-27,ISTAT SITUAS report 104
032003,MILJE,alternate_name,1923-11-15,9999-12-31,ANPR historical archive
032003,Muggia,current_name,,2021-12-31,ISTAT geometry 2021
032004,COMUNE DI SAN DORLIGO DELLA VALLE-OBČINA DOLINA,alternate_name,1923-02-08,9999-12-31,ANPR historical archive
032004,San Dorligo della Valle,current_name,,2021-12-31,ISTAT geometry 2021
032004,SAN DORLIGO DELLA VALLE-DOLINA,historical_name,1923-02-08,9999-12-31,ANPR historical archive
032005,Sgonico,current_name,,2021-12-31,ISTAT geometry 2021
032005,SGONICO-ZGONIK,historical_name,2009-01-29,9999-12-31,ANPR historical archive
032005,ZGONIK,alternate_name,2009-01-29,9999-12-31,ANPR historical archive
032006,Trieste,current_name,,2021-12-31,ISTAT geometry 2021
032006,Trieste centro,election_source_name,1994-03-27,1994-03-27,official election source label
033001,Agazzano,current_name,,2021-12-31,ISTAT geometry 2021
033002,Alseno,current_name,,2021-12-31,ISTAT geometry 2021
033003,Besenzone,current_name,,2021-12-31,ISTAT geometry 2021
033004,Bettola,current_name,,2021-12-31,ISTAT geometry 2021
033004,Borgo San Bernardino,historical_name,,1868-01-01,ISTAT SITUAS report 100
033004,Borgonure,historical_name,,1881-10-29,ISTAT SITUAS report 104
033005,Bobbio,current_name,,2021-12-31,ISTAT geometry 2021
033006,Borgonovo Val Tidone,current_name,,2021-12-31,ISTAT geometry 2021
033007,Cadeo,current_name,,2021-12-31,ISTAT geometry 2021
033008,Calendasco,current_name,,2021-12-31,ISTAT geometry 2021
033010,Caorso,current_name,,2021-12-31,ISTAT geometry 2021
033011,Caraneto Iacentino,election_source_name,1999-06-13,1999-06-13,official election source label
033011,Carpaneto,historical_name,,1929-10-06,ISTAT SITUAS report 104
033011,Carpaneto Piacentino,current_name,,2021-12-31,ISTAT geometry 2021
033012,Castell'Arquato,current_name,,2021-12-31,ISTAT geometry 2021
033013,Castel San Giovanni,current_name,,2021-12-31,ISTAT geometry 2021
033014,Castelvetro,historical_name,,1862-12-20,ISTAT SITUAS report 104
033014,Castelvetro Piacentino,current_name,,2021-12-31,ISTAT geometry 2021
033015,Cerignale,current_name,,2021-12-31,ISTAT geometry 2021
033016,Coli,current_name,,2021-12-31,ISTAT geometry 2021
033017,Corte Brugnatella,current_name,,2021-12-31,ISTAT geometry 2021
033018,Cortemaggiore,current_name,,2021-12-31,ISTAT geometry 2021
033019,Farini,current_name,,2021-12-31,ISTAT geometry 2021
033019,FARINI D'OLMO,historical_name,1927-01-27,1980-06-09,ANPR historical archive
033020,Ferriere,current_name,,2021-12-31,ISTAT geometry 2021
033021,Fiorenzuola,historical_name,,1866-03-03,ISTAT SITUAS report 104
033021,Fiorenzuola d'Arda,current_name,,2021-12-31,ISTAT geometry 2021
033022,Gazzola,current_name,,2021-12-31,ISTAT geometry 2021
033022,Rivalta,historical_name,,1862-12-20,ISTAT SITUAS report 104
033022,Rivalta Trebbia,historical_name,,1862-12-20,ISTAT SITUAS report 104
033023,Gossolengo,current_name,,2021-12-31,ISTAT geometry 2021
033024,Gragnano,historical_name,,1862-12-20,ISTAT SITUAS report 104
033024,Gragnano Trebbiense,current_name,,2021-12-31,ISTAT geometry 2021
033025,Gropparello,current_name,,2021-12-31,ISTAT geometry 2021
033026,Lugagnano,historical_name,,1862-12-20,ISTAT SITUAS report 104
033026,Lugagnano Val d'Arda,current_name,,2021-12-31,ISTAT geometry 2021
033026,Lugagnano Val Darda,election_source_name,1979-06-10,1979-06-10,official election source label
033027,Monticelli,historical_name,,1863-02-21,ISTAT SITUAS report 104
033027,Monticelli d'Ongina,current_name,,2021-12-31,ISTAT geometry 2021
033028,Morfasso,current_name,,2021-12-31,ISTAT geometry 2021
033030,Ottone,current_name,,2021-12-31,ISTAT geometry 2021
033032,Piacenza,current_name,,2021-12-31,ISTAT geometry 2021
033032,San Lazzaro,historical_name,,1862-12-20,ISTAT SITUAS report 104
033032,San Lazzaro Alberoni,historical_name,,1862-12-20,ISTAT SITUAS report 104
033032,Sant'Antonio,historical_name,,1862-12-20,ISTAT SITUAS report 104
033032,Sant'Antonio a Trebbia,historical_name,,1862-12-20,ISTAT SITUAS report 104
033033,Pianello,historical_name,,1862-12-20,ISTAT SITUAS report 104
033033,Pianello Val Tidone,current_name,,2021-12-31,ISTAT geometry 2021
033034,Piozzano,current_name,,2021-12-31,ISTAT geometry 2021
033034,Pomaro,historical_name,,1862-12-21,ISTAT SITUAS report 104
033034,Pomaro Piacentino,historical_name,,1862-12-21,ISTAT SITUAS report 104
033035,Podenzano,current_name,,2021-12-31,ISTAT geometry 2021
033036,Ponte dell'Olio,current_name,,2021-12-31,ISTAT geometry 2021
033037,Pontenure,current_name,,2021-12-31,ISTAT geometry 2021
033038,Rivergaro,current_name,,2021-12-31,ISTAT geometry 2021
033039,Rottofreno,current_name,,2021-12-31,ISTAT geometry 2021
033040,San Giorgio,historical_name,,1862-12-20,ISTAT SITUAS report 104
033040,San Giorgio Piacentino,current_name,,2021-12-31,ISTAT geometry 2021
033041,Polignano,historical_name,,1862-12-21,ISTAT SITUAS report 104
033041,Polignano Piacentino,historical_name,,1862-12-21,ISTAT SITUAS report 104
033041,San Pietro in Cerro,current_name,,2021-12-31,ISTAT geometry 2021
033042,Sarmato,current_name,,2021-12-31,ISTAT geometry 2021
033043,Travo,current_name,,2021-12-31,ISTAT geometry 2021
033044,Vernasca,current_name,,2021-12-31,ISTAT geometry 2021
033045,Vigolzone,current_name,,2021-12-31,ISTAT geometry 2021
033046,Villanova,historical_name,,1862-12-20,ISTAT SITUAS report 104
033046,Villanova sull'Arda,current_name,,2021-12-31,ISTAT geometry 2021
033047,Zerba,current_name,,2021-12-31,ISTAT geometry 2021
033048,Vicomarino,historical_name,,1888-06-01,ISTAT SITUAS report 104
033048,Ziano,historical_name,,1888-06-01,ISTAT SITUAS report 104
033048,Ziano Piacentino,current_name,,2021-12-31,ISTAT geometry 2021
033049,Alta Val Tidone,current_name,,2021-12-31,ISTAT geometry 2021
033049,CAMINATA,historical_name,1950-02-19,2017-12-31,ANPR historical archive
033049,NIBBIANO,historical_name,1938-02-10,1950-02-18,ANPR historical archive
033049,PECORARA,historical_name,1861-03-17,2017-12-31,ANPR historical archive
033049,Trebecco,historical_name,,1923-09-01,ISTAT SITUAS report 105
034001,Albareto,current_name,,2021-12-31,ISTAT geometry 2021
034001,Albareto di Borgotaro,historical_name,,1928-06-28,ISTAT SITUAS report 98
034002,Bardi,current_name,,2021-12-31,ISTAT geometry 2021
034002,Pione,historical_name,,1927-01-27,ISTAT SITUAS report 98
034003,Bedonia,current_name,,2021-12-31,ISTAT geometry 2021
034004,Berceto,current_name,,2021-12-31,ISTAT geometry 2021
034005,Bore,current_name,,2021-12-31,ISTAT geometry 2021
034005,Metti e Pozzolo,historical_name,,1919-09-11,ISTAT SITUAS report 100
034006,Albareto,historical_name,,1862-11-08,ISTAT SITUAS report 104
034006,Albareto di Borgotaro,historical_name,,1862-11-08,ISTAT SITUAS report 104
034006,Borgo Taro,historical_name,,1884-07-01,ISTAT SITUAS report 103
034006,Borgo Val di Taro,current_name,,2021-12-31,ISTAT geometry 2021
034007,Busseto,current_name,,2021-12-31,ISTAT geometry 2021
034008,Calestano,current_name,,2021-12-31,ISTAT geometry 2021
034009,Collecchio,current_name,,2021-12-31,ISTAT geometry 2021
034010,Colorno,current_name,,2021-12-31,ISTAT geometry 2021
034011,Compiano,current_name,,2021-12-31,ISTAT geometry 2021
034012,Corniglio,current_name,,2021-12-31,ISTAT geometry 2021
034013,Felino,current_name,,2021-12-31,ISTAT geometry 2021
034014,Borgo San Donnino,historical_name,,1927-07-06,ISTAT SITUAS report 104
034014,Fidenza,current_name,,2021-12-31,ISTAT geometry 2021
034015,Fontanellato,current_name,,2021-12-31,ISTAT geometry 2021
034016,Fontevivo,current_name,,2021-12-31,ISTAT geometry 2021
034017,Fornovo,historical_name,,1862-12-20,ISTAT SITUAS report 104
034017,Fornovo di Taro,current_name,,2021-12-31,ISTAT geometry 2021
034017,Fornovodi Taro,election_source_name,1979-06-10,1979-06-10,official election source label
034018,Langhirano,current_name,,2021-12-31,ISTAT geometry 2021
034019,Lesignano de' Bagni,current_name,,2021-12-31,ISTAT geometry 2021
034020,Medesano,current_name,,2021-12-31,ISTAT geometry 2021
034022,Monchio,historical_name,,1935-06-26,ISTAT SITUAS report 104
034022,Monchio delle Corti,current_name,,2021-12-31,ISTAT geometry 2021
034023,Montechiarugolo,current_name,,2021-12-31,ISTAT geometry 2021
034024,Neviano degli Arduini,current_name,,2021-12-31,ISTAT geometry 2021
034025,Noceto,current_name,,2021-12-31,ISTAT geometry 2021
034026,Palanzano,current_name,,2021-12-31,ISTAT geometry 2021
034027,Cortile San Martino,historical_name,,1924-02-29,ISTAT SITUAS report 103
034027,Golese,historical_name,,1924-02-29,ISTAT SITUAS report 103
034027,Parma,current_name,,2021-12-31,ISTAT geometry 2021
034027,Parma centro,election_source_name,2001-05-13,2001-05-13,official election source label
034027,San Donato,historical_name,,1863-02-01,ISTAT SITUAS report 104
034027,San Donato d'Enza,historical_name,,1863-02-01,ISTAT SITUAS report 104
034027,San Lazzaro Parmense,historical_name,,1870-07-01,ISTAT SITUAS report 98
034027,San Pancrazio,historical_name,,1862-12-20,ISTAT SITUAS report 104
034027,San Pancrazio Parmense,historical_name,,1862-12-20,ISTAT SITUAS report 104
034027,VIGATTO,historical_name,1952-01-29,1962-02-02,ANPR historical archive
034028,Pellegrino,historical_name,,1862-11-08,ISTAT SITUAS report 104
034028,Pellegrino Parmense,current_name,,2021-12-31,ISTAT geometry 2021
034030,Roccabianca,current_name,,2021-12-31,ISTAT geometry 2021
034031,Sala,historical_name,,1862-11-08,ISTAT SITUAS report 104
034031,Sala Baganza,current_name,,2021-12-31,ISTAT geometry 2021
034032,SALSOMAGGIORE,historical_name,1861-03-17,1956-07-25,ANPR historical archive
034032,Salsomaggiore Terme,current_name,,2021-12-31,ISTAT geometry 2021
034033,San Secondo,historical_name,,1862-11-08,ISTAT SITUAS report 104
034033,San Secondo Parmense,current_name,,2021-12-31,ISTAT geometry 2021
034035,Solignano,current_name,,2021-12-31,ISTAT geometry 2021
034036,Soragna,current_name,,2021-12-31,ISTAT geometry 2021
034038,Lesignano di Palmia,historical_name,,1924-12-28,ISTAT SITUAS report 104
034038,Terenzo,current_name,,2021-12-31,ISTAT geometry 2021
034039,Tizzano,historical_name,,1863-09-20,ISTAT SITUAS report 104
034039,Tizzano Val Parma,current_name,,2021-12-31,ISTAT geometry 2021
034040,Tornolo,current_name,,2021-12-31,ISTAT geometry 2021
034041,Torrile,current_name,,2021-12-31,ISTAT geometry 2021
034042,Traversetolo,current_name,,2021-12-31,ISTAT geometry 2021
034044,Valmozzola,current_name,,2021-12-31,ISTAT geometry 2021
034045,Varano de' Melegari,current_name,,2021-12-31,ISTAT geometry 2021
034046,Varsi,current_name,,2021-12-31,ISTAT geometry 2021
034049,SISSA,historical_name,1867-06-03,2013-12-31,ANPR historical archive
034049,Sissa Trecasali,current_name,,2021-12-31,ISTAT geometry 2021
034049,TRECASALI,historical_name,1867-06-03,2013-12-31,ANPR historical archive
034050,Polesine,historical_name,,1869-03-19,ISTAT SITUAS report 104
034050,POLESINE PARMENSE,historical_name,1869-02-08,2015-12-31,ANPR historical archive
034050,Polesine Zibello,current_name,,2021-12-31,ISTAT geometry 2021
034050,ZIBELLO,historical_name,1861-03-17,2015-12-31,ANPR historical archive
034051,MEZZANI,historical_name,1861-03-17,1965-02-16,ANPR historical archive
034051,SORBOLO,historical_name,1861-03-17,1965-02-16,ANPR historical archive
034051,Sorbolo Mezzani,current_name,,2021-12-31,ISTAT geometry 2021
035001,Albinea,current_name,,2021-12-31,ISTAT geometry 2021
035002,Bagnolo,historical_name,,1862-11-08,ISTAT SITUAS report 104
035002,Bagnolo in Iano,election_source_name,1999-06-13,1999-06-13,official election source label
035002,Bagnolo in Piano,current_name,,2021-12-31,ISTAT geometry 2021
035003,Baiso,current_name,,2021-12-31,ISTAT geometry 2021
035004,Bibbiano,current_name,,2021-12-31,ISTAT geometry 2021
035005,Boretto,current_name,,2021-12-31,ISTAT geometry 2021
035006,Brescello,current_name,,2021-12-31,ISTAT geometry 2021
035008,Cadelbosco di Sopra,current_name,,2021-12-31,ISTAT geometry 2021
035008,Cadelbosco di Sora,election_source_name,1999-06-13,1999-06-13,official election source label
035009,Campagnola,historical_name,,1862-11-08,ISTAT SITUAS report 104
035009,Campagnola Emilia,current_name,,2021-12-31,ISTAT geometry 2021
035010,Campegine,current_name,,2021-12-31,ISTAT geometry 2021
035011,Carpineti,current_name,,2021-12-31,ISTAT geometry 2021
035012,Casalgrande,current_name,,2021-12-31,ISTAT geometry 2021
035013,Casina,current_name,,2021-12-31,ISTAT geometry 2021
035014,Castellarano,current_name,,2021-12-31,ISTAT geometry 2021
035015,Castelnovo di Sotto,current_name,,2021-12-31,ISTAT geometry 2021
035016,Castelnovo ne' Monti,current_name,,2021-12-31,ISTAT geometry 2021
035017,Cavriago,current_name,,2021-12-31,ISTAT geometry 2021
035018,Canossa,current_name,,2021-12-31,ISTAT geometry 2021
035018,Ciano,historical_name,,1871-05-01,ISTAT SITUAS report 103
035018,CIANO D'ENZA,historical_name,1873-12-26,1956-11-09,ANPR historical archive
035020,Correggio,current_name,,2021-12-31,ISTAT geometry 2021
035021,Fabbrico,current_name,,2021-12-31,ISTAT geometry 2021
035022,Gattatico,current_name,,2021-12-31,ISTAT geometry 2021
035023,Gualtieri,current_name,,2021-12-31,ISTAT geometry 2021
035024,Guastalla,current_name,,2021-12-31,ISTAT geometry 2021
035026,Luzzara,current_name,,2021-12-31,ISTAT geometry 2021
035027,Montecchio Emilia,current_name,,2021-12-31,ISTAT geometry 2021
035028,Novellara,current_name,,2021-12-31,ISTAT geometry 2021
035029,Poviglio,current_name,,2021-12-31,ISTAT geometry 2021
035030,Quattro Castella,current_name,,2021-12-31,ISTAT geometry 2021
035032,Reggiolo,current_name,,2021-12-31,ISTAT geometry 2021
035033,Reggio,historical_name,,1862-11-08,ISTAT SITUAS report 104
035033,Reggio nell'Emilia,current_name,,2021-12-31,ISTAT geometry 2021
035034,Rio,historical_name,,1864-03-11,ISTAT SITUAS report 104
035034,Rio Saliceto,current_name,,2021-12-31,ISTAT geometry 2021
035035,Rolo,current_name,,2021-12-31,ISTAT geometry 2021
035036,Rubiera,current_name,,2021-12-31,ISTAT geometry 2021
035037,San Martino in Rio,current_name,,2021-12-31,ISTAT geometry 2021
035038,San Polo,historical_name,,1862-11-08,ISTAT SITUAS report 104
035038,San Polo d'Enza,current_name,,2021-12-31,ISTAT geometry 2021
035038,SAN POLO D'ENZA IN CAVIANO,historical_name,1862-10-20,1955-09-27,ANPR historical archive
035039,Sant'Ilario,historical_name,,1862-11-08,ISTAT SITUAS report 104
035039,Sant'Ilario d'Enza,current_name,,2021-12-31,ISTAT geometry 2021
035040,Scandiano,current_name,,2021-12-31,ISTAT geometry 2021
035041,Toano,current_name,,2021-12-31,ISTAT geometry 2021
035042,Vetto,current_name,,2021-12-31,ISTAT geometry 2021
035043,Vezzano,historical_name,,1862-11-08,ISTAT SITUAS report 104
035043,Vezzano sul Crostolo,current_name,,2021-12-31,ISTAT geometry 2021
035044,Viano,current_name,,2021-12-31,ISTAT geometry 2021
035045,Villa Minozzo,current_name,,2021-12-31,ISTAT geometry 2021
035046,BUSANA,historical_name,1861-03-17,2015-12-31,ANPR historical archive
035046,COLLAGNA,historical_name,1872-03-11,2015-12-31,ANPR historical archive
035046,Culagna,historical_name,,1872-03-25,ISTAT SITUAS report 104
035046,LIGONCHIO,historical_name,1861-03-17,2015-12-31,ANPR historical archive
035046,Pieve San Vincenzo,historical_name,,1866-02-22,ISTAT SITUAS report 103
035046,RAMISETO,historical_name,1873-01-20,2015-12-31,ANPR historical archive
035046,Ventasso,current_name,,2021-12-31,ISTAT geometry 2021
036001,Bastiglia,current_name,,2021-12-31,ISTAT geometry 2021
036002,Bomorto,election_source_name,1999-06-13,1999-06-13,official election source label
036002,Bomporto,current_name,,2021-12-31,ISTAT geometry 2021
036003,Camogalliano,election_source_name,1999-06-13,1999-06-13,official election source label
036003,Campogalliano,current_name,,2021-12-31,ISTAT geometry 2021
036004,Camposanto,current_name,,2021-12-31,ISTAT geometry 2021
036005,Carpi,current_name,,2021-12-31,ISTAT geometry 2021
036006,Castelfranco,historical_name,,1862-11-30,ISTAT SITUAS report 104
036006,Castelfranco dell'Emilia,historical_name,,1862-11-30,ISTAT SITUAS report 104
036006,Castelfranco Emilia,current_name,,2021-12-31,ISTAT geometry 2021
036007,Castelnuovo Rangone,current_name,,2021-12-31,ISTAT geometry 2021
036008,Castelvetro,historical_name,,1863-01-24,ISTAT SITUAS report 104
036008,Castelvetro di Modena,current_name,,2021-12-31,ISTAT geometry 2021
036009,Cavezzo,current_name,,2021-12-31,ISTAT geometry 2021
036010,Concordia sulla Secchia,current_name,,2021-12-31,ISTAT geometry 2021
036011,Fanano,current_name,,2021-12-31,ISTAT geometry 2021
036012,Finale,historical_name,,1863-09-20,ISTAT SITUAS report 104
036012,Finale Emilia,current_name,,2021-12-31,ISTAT geometry 2021
036012,Finale nell'Emilia,historical_name,,1863-09-20,ISTAT SITUAS report 104
036013,Fiorano,historical_name,,1863-01-24,ISTAT SITUAS report 104
036013,Fiorano Modenese,current_name,,2021-12-31,ISTAT geometry 2021
036014,Fiumalbo,current_name,,2021-12-31,ISTAT geometry 2021
036015,Formigine,current_name,,2021-12-31,ISTAT geometry 2021
036016,Frassinoro,current_name,,2021-12-31,ISTAT geometry 2021
036017,Guiglia,current_name,,2021-12-31,ISTAT geometry 2021
036018,Lama Mocogno,current_name,,2021-12-31,ISTAT geometry 2021
036019,Maranello,current_name,,2021-12-31,ISTAT geometry 2021
036020,Marano,historical_name,,1863-01-24,ISTAT SITUAS report 104
036020,Marano sul Panaro,current_name,,2021-12-31,ISTAT geometry 2021
036021,Medolla,current_name,,2021-12-31,ISTAT geometry 2021
036022,Mirandola,current_name,,2021-12-31,ISTAT geometry 2021
036023,Modena,current_name,,2021-12-31,ISTAT geometry 2021
036023,Modena centro,election_source_name,1994-03-27,1994-03-27,official election source label
036024,Montecreto,current_name,,2021-12-31,ISTAT geometry 2021
036025,Montefiorino,current_name,,2021-12-31,ISTAT geometry 2021
036025,Palagano,historical_name,,1868-03-27,ISTAT SITUAS report 103
036026,Montese,current_name,,2021-12-31,ISTAT geometry 2021
036027,Nonantola,current_name,,2021-12-31,ISTAT geometry 2021
036028,Novi,historical_name,,1863-01-24,ISTAT SITUAS report 104
036028,Novi di Modena,current_name,,2021-12-31,ISTAT geometry 2021
036029,Palagano,current_name,,2021-12-31,ISTAT geometry 2021
036030,Pavullo,historical_name,,1863-06-14,ISTAT SITUAS report 104
036030,Pavullo nel Frignano,current_name,,2021-12-31,ISTAT geometry 2021
036031,Pievepelago,current_name,,2021-12-31,ISTAT geometry 2021
036032,Polinago,current_name,,2021-12-31,ISTAT geometry 2021
036033,Prignano,historical_name,,1863-01-24,ISTAT SITUAS report 104
036033,Prignano sulla Secchia,current_name,,2021-12-31,ISTAT geometry 2021
036034,Ravarino,current_name,,2021-12-31,ISTAT geometry 2021
036035,Riolunato,current_name,,2021-12-31,ISTAT geometry 2021
036036,San Cesario,historical_name,,1863-01-24,ISTAT SITUAS report 104
036036,San Cesario sul Panaro,current_name,,2021-12-31,ISTAT geometry 2021
036037,San Felice,historical_name,,1863-01-24,ISTAT SITUAS report 104
036037,San Felice sul Anaro,election_source_name,1999-06-13,1999-06-13,official election source label
036037,San Felice sul Panaro,current_name,,2021-12-31,ISTAT geometry 2021
036038,San Possidonio,current_name,,2021-12-31,ISTAT geometry 2021
036039,San Prospero,current_name,,2021-12-31,ISTAT geometry 2021
036040,Sassuolo,current_name,,2021-12-31,ISTAT geometry 2021
036041,Savignano,historical_name,,1863-01-24,ISTAT SITUAS report 104
036041,Savignano sul Anaro,election_source_name,1999-06-13,1999-06-13,official election source label
036041,Savignano sul Panaro,current_name,,2021-12-31,ISTAT geometry 2021
036042,MONFESTINO IN SERRAMAZZONI,historical_name,1861-03-17,1948-03-14,ANPR historical archive
036042,Serramazzoni,current_name,,2021-12-31,ISTAT geometry 2021
036043,Sestola,current_name,,2021-12-31,ISTAT geometry 2021
036044,Soliera,current_name,,2021-12-31,ISTAT geometry 2021
036045,Silamberto,election_source_name,1999-06-13,1999-06-13,official election source label
036045,Spilamberto,current_name,,2021-12-31,ISTAT geometry 2021
036046,Vignola,current_name,,2021-12-31,ISTAT geometry 2021
036047,Zocca,current_name,,2021-12-31,ISTAT geometry 2021
037001,Anzola,historical_name,,1864-06-23,ISTAT SITUAS report 104
037001,Anzola dell'Emilia,current_name,,2021-12-31,ISTAT geometry 2021
037002,Argelato,current_name,,2021-12-31,ISTAT geometry 2021
037003,Baricella,current_name,,2021-12-31,ISTAT geometry 2021
037005,Bentivoglio,current_name,,2021-12-31,ISTAT geometry 2021
037005,Santa Maria in Duno,historical_name,,1886-01-01,ISTAT SITUAS report 104
037006,Bologna,current_name,,2021-12-31,ISTAT geometry 2021
037006,Bologna - Mazzini,election_source_name,1994-03-27,1994-03-27,official election source label
037007,Borgo Tossignano,current_name,,2021-12-31,ISTAT geometry 2021
037007,TOSSIGNANO,historical_name,1884-06-18,1954-07-02,ANPR historical archive
037008,Budrio,current_name,,2021-12-31,ISTAT geometry 2021
037009,Calderara,historical_name,,1862-11-30,ISTAT SITUAS report 104
037009,Calderara di Reno,current_name,,2021-12-31,ISTAT geometry 2021
037010,Camugnano,current_name,,2021-12-31,ISTAT geometry 2021
037011,Casalecchio di Reno,current_name,,2021-12-31,ISTAT geometry 2021
037012,Casalfiumanese,current_name,,2021-12-31,ISTAT geometry 2021
037013,Castel d'Aiano,current_name,,2021-12-31,ISTAT geometry 2021
037014,Castel del Rio,current_name,,2021-12-31,ISTAT geometry 2021
037015,Casio e Casola,historical_name,,1896-07-01,ISTAT SITUAS report 104
037015,Castel di Casio,current_name,,2021-12-31,ISTAT geometry 2021
037016,Castel Guelfo,historical_name,,1876-12-16,ISTAT SITUAS report 104
037016,Castel Guelfo di Bologna,current_name,,2021-12-31,ISTAT geometry 2021
037017,Castello d'Argile,current_name,,2021-12-31,ISTAT geometry 2021
037019,Castel Maggiore,current_name,,2021-12-31,ISTAT geometry 2021
037020,Castel San Pietro,historical_name,,1862-11-30,ISTAT SITUAS report 104
037020,CASTEL SAN PIETRO DELL'EMILIA,historical_name,1862-10-31,1959-05-30,ANPR historical archive
037020,Castel San Pietro Terme,current_name,,2021-12-31,ISTAT geometry 2021
037021,Castenaso,current_name,,2021-12-31,ISTAT geometry 2021
037022,Castiglione,historical_name,,1863-06-14,ISTAT SITUAS report 104
037022,Castiglione dei Eoli,election_source_name,1999-06-13,1999-06-13,official election source label
037022,Castiglione dei Pepoli,current_name,,2021-12-31,ISTAT geometry 2021
037024,Crevalcore,current_name,,2021-12-31,ISTAT geometry 2021
037025,Dozza,current_name,,2021-12-31,ISTAT geometry 2021
037026,Fontana,historical_name,,1863-02-21,ISTAT SITUAS report 104
037026,Fontana Elice,historical_name,,1863-02-21,ISTAT SITUAS report 104
037026,Fontanelice,current_name,,2021-12-31,ISTAT geometry 2021
037027,Gaggio Montano,current_name,,2021-12-31,ISTAT geometry 2021
037028,Galliera,current_name,,2021-12-31,ISTAT geometry 2021
037030,Granarolo dell'Emilia,current_name,,2021-12-31,ISTAT geometry 2021
037030,Viadagola,historical_name,,1875-11-28,ISTAT SITUAS report 104
037031,GRIZZANA,historical_name,1882-12-25,1985-05-10,ANPR historical archive
037031,Grizzana Morandi,current_name,,2021-12-31,ISTAT geometry 2021
037031,Tavernola,historical_name,,1862-11-30,ISTAT SITUAS report 104
037031,Tavernola Reno,historical_name,,1862-11-30,ISTAT SITUAS report 104
037032,Imola,current_name,,2021-12-31,ISTAT geometry 2021
037033,Belvedere,historical_name,,1862-11-30,ISTAT SITUAS report 104
037033,Lizzano in Belvedere,current_name,,2021-12-31,ISTAT geometry 2021
037034,Loiano,current_name,,2021-12-31,ISTAT geometry 2021
037035,Malalbergo,current_name,,2021-12-31,ISTAT geometry 2021
037036,Caprara Sopra Panico,historical_name,,1882-08-01,ISTAT SITUAS report 104
037036,Marzabotto,current_name,,2021-12-31,ISTAT geometry 2021
037037,Medicina,current_name,,2021-12-31,ISTAT geometry 2021
037038,Minerbio,current_name,,2021-12-31,ISTAT geometry 2021
037039,Molinella,current_name,,2021-12-31,ISTAT geometry 2021
037040,Monghidoro,current_name,,2021-12-31,ISTAT geometry 2021
037041,Monterenzio,current_name,,2021-12-31,ISTAT geometry 2021
037042,Monte San Ietro,election_source_name,1999-06-13,1999-06-13,official election source label
037042,Monte San Pietro,current_name,,2021-12-31,ISTAT geometry 2021
037044,Monzuno,current_name,,2021-12-31,ISTAT geometry 2021
037045,Mordano,current_name,,2021-12-31,ISTAT geometry 2021
037046,Ozzano,historical_name,,1862-11-30,ISTAT SITUAS report 104
037046,Ozzano dell'Emilia,current_name,,2021-12-31,ISTAT geometry 2021
037047,Pianoro,current_name,,2021-12-31,ISTAT geometry 2021
037048,Pieve di Cento,current_name,,2021-12-31,ISTAT geometry 2021
037050,Sala,historical_name,,1862-11-30,ISTAT SITUAS report 104
037050,Sala Bolognese,current_name,,2021-12-31,ISTAT geometry 2021
037051,Pian del Voglio,historical_name,,1862-11-30,ISTAT SITUAS report 104
037051,Piano,historical_name,,1862-11-30,ISTAT SITUAS report 104
037051,San Benedetto Val di Sambro,current_name,,2021-12-31,ISTAT geometry 2021
037052,San Giorgio di Iano,election_source_name,1999-06-13,1999-06-13,official election source label
037052,San Giorgio di Piano,current_name,,2021-12-31,ISTAT geometry 2021
037053,Persiceto,historical_name,,1912-08-24,ISTAT SITUAS report 104
037053,San Giovanni in Persiceto,current_name,,2021-12-31,ISTAT geometry 2021
037054,San Lazzaro,historical_name,,1862-11-30,ISTAT SITUAS report 104
037054,San Lazzaro di Savena,current_name,,2021-12-31,ISTAT geometry 2021
037055,San Ietro in Casale,election_source_name,1999-06-13,1999-06-13,official election source label
037055,San Pietro in Casale,current_name,,2021-12-31,ISTAT geometry 2021
037056,Sant'Agata,historical_name,,1862-11-30,ISTAT SITUAS report 104
037056,Sant'Agata Bolognese,current_name,,2021-12-31,ISTAT geometry 2021
037057,Praduro e Sasso,historical_name,,1935-08-16,ISTAT SITUAS report 104
037057,Sasso Bolognese,historical_name,,1935-08-16,ISTAT SITUAS report 104
037057,Sasso Marconi,current_name,,2021-12-31,ISTAT geometry 2021
037059,Vergato,current_name,,2021-12-31,ISTAT geometry 2021
037060,Zola Predosa,current_name,,2021-12-31,ISTAT geometry 2021
037061,BAZZANO,historical_name,1861-03-17,2013-12-31,ANPR historical archive
037061,CASTELLO DI SERRAVALLE,historical_name,1862-12-19,2013-12-31,ANPR historical archive
037061,Cresellano,election_source_name,1999-06-13,1999-06-13,official election source label
037061,CRESPELLANO,historical_name,1861-03-17,1981-12-19,ANPR historical archive
037061,MONTEVEGLIO,historical_name,1861-03-17,2013-12-31,ANPR historical archive
037061,SAVIGNO,historical_name,1910-05-20,2013-12-31,ANPR historical archive
037061,Serravalle,historical_name,,1863-01-10,ISTAT SITUAS report 104
037061,Valsamoggia,current_name,,2021-12-31,ISTAT geometry 2021
037062,Alto Reno Terme,current_name,,2021-12-31,ISTAT geometry 2021
037062,Bagni della Porretta,historical_name,,1882-12-01,ISTAT SITUAS report 104
037062,GRANAGLIONE,historical_name,1926-01-22,2015-12-31,ANPR historical archive
037062,Porretta,historical_name,,1882-12-01,ISTAT SITUAS report 104
037062,PORRETTA TERME,historical_name,1931-09-27,2015-12-31,ANPR historical archive
038001,Argenta,current_name,,2021-12-31,ISTAT geometry 2021
038003,Bondeno,current_name,,2021-12-31,ISTAT geometry 2021
038004,Cento,current_name,,2021-12-31,ISTAT geometry 2021
038005,Codigoro,current_name,,2021-12-31,ISTAT geometry 2021
038006,Comacchio,current_name,,2021-12-31,ISTAT geometry 2021
038007,Copparo,current_name,,2021-12-31,ISTAT geometry 2021
038008,Ferrara,current_name,,2021-12-31,ISTAT geometry 2021
038008,Ferrara - Via Bologna,election_source_name,1994-03-27,1994-03-27,official election source label
038010,Jolanda di Savoia,current_name,,2021-12-31,ISTAT geometry 2021
038010,Le Venezie,historical_name,,1909-01-23,ISTAT SITUAS report 103
038011,Lagosanto,current_name,,2021-12-31,ISTAT geometry 2021
038012,Masi Torello,current_name,,2021-12-31,ISTAT geometry 2021
038014,Mesola,current_name,,2021-12-31,ISTAT geometry 2021
038017,Ostellato,current_name,,2021-12-31,ISTAT geometry 2021
038018,Poggio Renatico,current_name,,2021-12-31,ISTAT geometry 2021
038019,Porto Maggiore,election_source_name,1979-06-10,1979-06-10,official election source label
038019,Portomaggiore,current_name,,2021-12-31,ISTAT geometry 2021
038022,Vigarano Mainarda,current_name,,2021-12-31,ISTAT geometry 2021
038023,Voghiera,current_name,,2021-12-31,ISTAT geometry 2021
038025,Goro,current_name,,2021-12-31,ISTAT geometry 2021
038027,Fiscaglia,current_name,,2021-12-31,ISTAT geometry 2021
038027,MASSA FISCAGLIA,historical_name,1861-03-17,2013-12-31,ANPR historical archive
038027,Massafiscaglia,election_source_name,1946-06-02,1946-06-02,official election source label
038027,MIGLIARINO,historical_name,1883-12-17,1963-07-30,ANPR historical archive
038027,MIGLIARO,historical_name,1963-07-31,2013-12-31,ANPR historical archive
038028,MIRABELLO,historical_name,1959-10-03,2016-12-31,ANPR historical archive
038028,SANT'AGOSTINO,historical_name,1928-06-27,1959-10-02,ANPR historical archive
038028,Terre del Reno,current_name,,2021-12-31,ISTAT geometry 2021
038029,BERRA,historical_name,1909-01-23,2018-12-31,ANPR historical archive
038029,Riva del Po,current_name,,2021-12-31,ISTAT geometry 2021
038029,RO,historical_name,1909-01-23,2018-12-31,ANPR historical archive
038029,Ro Ferrarese,election_source_name,1953-06-07,1953-06-07,official election source label
038030,FORMIGNANA,historical_name,1909-01-23,1961-12-25,ANPR historical archive
038030,TRESIGALLO,historical_name,1961-12-26,2018-12-31,ANPR historical archive
038030,Tresignana,current_name,,2021-12-31,ISTAT geometry 2021
039001,Alfonsine,current_name,,2021-12-31,ISTAT geometry 2021
039002,Bagnacavallo,current_name,,2021-12-31,ISTAT geometry 2021
039003,Bagnara,historical_name,,1863-02-21,ISTAT SITUAS report 104
039003,Bagnara di Romagna,current_name,,2021-12-31,ISTAT geometry 2021
039004,Brisighella,current_name,,2021-12-31,ISTAT geometry 2021
039005,Casola Valsenio,current_name,,2021-12-31,ISTAT geometry 2021
039006,Castel Bolognese,current_name,,2021-12-31,ISTAT geometry 2021
039007,Cervia,current_name,,2021-12-31,ISTAT geometry 2021
039008,Conselice,current_name,,2021-12-31,ISTAT geometry 2021
039009,Cotignola,current_name,,2021-12-31,ISTAT geometry 2021
039010,Faenza,current_name,,2021-12-31,ISTAT geometry 2021
039011,Fusignano,current_name,,2021-12-31,ISTAT geometry 2021
039012,Lugo,current_name,,2021-12-31,ISTAT geometry 2021
039013,Massa Lombarda,current_name,,2021-12-31,ISTAT geometry 2021
039014,Ravenna,current_name,,2021-12-31,ISTAT geometry 2021
039015,Riolo,historical_name,,1915-03-02,ISTAT SITUAS report 104
039015,RIOLO DEI BAGNI,historical_name,1915-02-05,1957-04-23,ANPR historical archive
039015,Riolo Terme,current_name,,2021-12-31,ISTAT geometry 2021
039016,Russi,current_name,,2021-12-31,ISTAT geometry 2021
039017,Sant'Agata,historical_name,,1863-06-14,ISTAT SITUAS report 104
039017,Sant'Agata sul Santerno,current_name,,2021-12-31,ISTAT geometry 2021
039018,Solarolo,current_name,,2021-12-31,ISTAT geometry 2021
040001,Bagno di Romagna,current_name,,2021-12-31,ISTAT geometry 2021
040003,Bertinoro,current_name,,2021-12-31,ISTAT geometry 2021
040004,Borghi,current_name,,2021-12-31,ISTAT geometry 2021
040005,CASTROCARO E TERRA DEL SOLE,historical_name,1925-11-01,1962-05-25,ANPR historical archive
040005,Castrocaro Terme e Terra del Sole,current_name,,2021-12-31,ISTAT geometry 2021
040005,Terra del Sole,historical_name,,1871-12-29,ISTAT SITUAS report 104
040005,Terra del Sole e Castrocaro,historical_name,,1871-12-29,ISTAT SITUAS report 104
040007,Cesena,current_name,,2021-12-31,ISTAT geometry 2021
040008,Cesenatico,current_name,,2021-12-31,ISTAT geometry 2021
040009,Civitella,historical_name,,1862-09-30,ISTAT SITUAS report 104
040009,Civitella di Romagna,current_name,,2021-12-31,ISTAT geometry 2021
040011,Dovadola,current_name,,2021-12-31,ISTAT geometry 2021
040012,Forlì,current_name,,2021-12-31,ISTAT geometry 2021
040013,Forlimooli,election_source_name,1999-06-13,1999-06-13,official election source label
040013,Forlimpopoli,current_name,,2021-12-31,ISTAT geometry 2021
040014,Galeata,current_name,,2021-12-31,ISTAT geometry 2021
040015,Gambettola,current_name,,2021-12-31,ISTAT geometry 2021
040016,Gatteo,current_name,,2021-12-31,ISTAT geometry 2021
040018,Longiano,current_name,,2021-12-31,ISTAT geometry 2021
040019,Meldola,current_name,,2021-12-31,ISTAT geometry 2021
040020,Mercato Saraceno,current_name,,2021-12-31,ISTAT geometry 2021
040022,Modigliana,current_name,,2021-12-31,ISTAT geometry 2021
040028,Montiano,current_name,,2021-12-31,ISTAT geometry 2021
040031,Portico,historical_name,,1863-06-01,ISTAT SITUAS report 104
040031,Portico di Romagna,historical_name,,1863-06-01,ISTAT SITUAS report 104
040031,Portico e San Benedetto,current_name,,2021-12-31,ISTAT geometry 2021
040032,Predappio,current_name,,2021-12-31,ISTAT geometry 2021
040032,Predappio Nuova,historical_name,,1927-03-16,ISTAT SITUAS report 103
040033,Premilcuore,current_name,,2021-12-31,ISTAT geometry 2021
040036,Rocca San Casciano,current_name,,2021-12-31,ISTAT geometry 2021
040037,Roncofreddo,current_name,,2021-12-31,ISTAT geometry 2021
040041,San Mauro,historical_name,,1862-12-18,ISTAT SITUAS report 104
040041,San Mauro Ascoli,election_source_name,1999-06-13,1999-06-13,official election source label
040041,San Mauro di Roma,historical_name,,1862-12-18,ISTAT SITUAS report 104
040041,San Mauro di Romagna,historical_name,,1863-02-06,ISTAT SITUAS report 104
040041,San Mauro Pascoli,current_name,,2021-12-31,ISTAT geometry 2021
040043,Santa Sofia,current_name,,2021-12-31,ISTAT geometry 2021
040044,Sarsina,current_name,,2021-12-31,ISTAT geometry 2021
040044,SORBANO,historical_name,1923-03-19,1965-01-16,ANPR historical archive
040045,Savignano,historical_name,,1862-12-18,ISTAT SITUAS report 104
040045,Savignano di Romagna,historical_name,,1862-12-18,ISTAT SITUAS report 104
040045,Savignano sul Rubicone,current_name,,2021-12-31,ISTAT geometry 2021
040046,Sogliano,historical_name,,1862-12-18,ISTAT SITUAS report 104
040046,Sogliano al Rubicone,current_name,,2021-12-31,ISTAT geometry 2021
040049,Tredozio,current_name,,2021-12-31,ISTAT geometry 2021
040050,Verghereto,current_name,,2021-12-31,ISTAT geometry 2021
041001,Acqualagna,current_name,,2021-12-31,ISTAT geometry 2021
041002,Apecchio,current_name,,2021-12-31,ISTAT geometry 2021
041005,Belforte,historical_name,,1862-12-18,ISTAT SITUAS report 104
041005,Belforte all'Isauro,current_name,,2021-12-31,ISTAT geometry 2021
041006,Borgo Pace,current_name,,2021-12-31,ISTAT geometry 2021
041007,Cagli,current_name,,2021-12-31,ISTAT geometry 2021
041008,Cantiano,current_name,,2021-12-31,ISTAT geometry 2021
041009,Carpegna,current_name,,2021-12-31,ISTAT geometry 2021
041010,Cartoceto,current_name,,2021-12-31,ISTAT geometry 2021
041013,Fano,current_name,,2021-12-31,ISTAT geometry 2021
041014,Fermignano,current_name,,2021-12-31,ISTAT geometry 2021
041015,Fossombrone,current_name,,2021-12-31,ISTAT geometry 2021
041015,Montalto,historical_name,,1862-12-18,ISTAT SITUAS report 104
041015,Montalto Tarugo,historical_name,,1862-12-18,ISTAT SITUAS report 104
041016,Fratte Rosa,current_name,,2021-12-31,ISTAT geometry 2021
041017,Frontino,current_name,,2021-12-31,ISTAT geometry 2021
041018,Frontone,current_name,,2021-12-31,ISTAT geometry 2021
041019,GABICCE,historical_name,1861-03-17,1949-09-08,ANPR historical archive
041019,Gabicce Mare,current_name,,2021-12-31,ISTAT geometry 2021
041020,Gradara,current_name,,2021-12-31,ISTAT geometry 2021
041021,Isola del Piano,current_name,,2021-12-31,ISTAT geometry 2021
041022,Lunano,current_name,,2021-12-31,ISTAT geometry 2021
041023,Macerata Feltria,current_name,,2021-12-31,ISTAT geometry 2021
041025,MERCATELLO,historical_name,1929-06-15,1951-07-16,ANPR historical archive
041025,Mercatello sul Metauro,current_name,,2021-12-31,ISTAT geometry 2021
041026,Mercatino Conca,current_name,,2021-12-31,ISTAT geometry 2021
041026,Piandicastello,historical_name,,1926-03-04,ISTAT SITUAS report 103
041027,Mombaroccio,current_name,,2021-12-31,ISTAT geometry 2021
041028,Mondavio,current_name,,2021-12-31,ISTAT geometry 2021
041028,Sant'Andrea,historical_name,,1862-12-18,ISTAT SITUAS report 104
041028,Sant'Andrea di Suasa,historical_name,,1862-12-18,ISTAT SITUAS report 104
041029,Mondolfo,current_name,,2021-12-31,ISTAT geometry 2021
041030,Montecalvo,historical_name,,1862-12-18,ISTAT SITUAS report 104
041030,Montecalvo in Foglia,current_name,,2021-12-31,ISTAT geometry 2021
041031,Monte Cerignone,current_name,,2021-12-31,ISTAT geometry 2021
041034,Montefelcino,current_name,,2021-12-31,ISTAT geometry 2021
041035,MONTE GRIMANO,historical_name,1929-05-14,1947-11-24,ANPR historical archive
041035,Monte Grimano Terme,current_name,,2021-12-31,ISTAT geometry 2021
041035,Montegrimano,election_source_name,2006-04-09,2006-04-09,official election source label
041036,Montelabbate,current_name,,2021-12-31,ISTAT geometry 2021
041038,Monte Porzio,current_name,,2021-12-31,ISTAT geometry 2021
041041,Peglio,current_name,,2021-12-31,ISTAT geometry 2021
041043,Montesecco,historical_name,,1862-12-18,ISTAT SITUAS report 104
041043,Montesecco Antico,historical_name,,1862-12-18,ISTAT SITUAS report 104
041043,Pergola,current_name,,2021-12-31,ISTAT geometry 2021
041044,Fiorenzuola,historical_name,,1869-12-01,ISTAT SITUAS report 98
041044,Fiorenzuola di Focara,historical_name,,1889-01-01,ISTAT SITUAS report 104
041044,MONTECICCARDO,historical_name,1861-03-17,1998-09-03,ANPR historical archive
041044,Pesaro,current_name,,2021-12-31,ISTAT geometry 2021
041044,Pozzo,historical_name,,1862-12-18,ISTAT SITUAS report 104
041044,Pozzo Alto,historical_name,,1862-12-18,ISTAT SITUAS report 104
041045,Petriano,current_name,,2021-12-31,ISTAT geometry 2021
041047,Piandimeleto,current_name,,2021-12-31,ISTAT geometry 2021
041048,Pietrarubbia,current_name,,2021-12-31,ISTAT geometry 2021
041049,Piobbico,current_name,,2021-12-31,ISTAT geometry 2021
041051,San Costanzo,current_name,,2021-12-31,ISTAT geometry 2021
041054,Fratte,historical_name,,1862-12-18,ISTAT SITUAS report 104
041054,Fratte Rosa,historical_name,,1862-12-18,ISTAT SITUAS report 104
041054,San Lorenzo in Campo,current_name,,2021-12-31,ISTAT geometry 2021
041054,San Vito,historical_name,,1862-12-18,ISTAT SITUAS report 104
041054,San Vito sul Cesano,historical_name,,1862-12-18,ISTAT SITUAS report 104
041054,Torre,historical_name,,1862-12-18,ISTAT SITUAS report 104
041054,Torre San Marco,historical_name,,1862-12-18,ISTAT SITUAS report 104
041057,Sant'Angelo in Vado,current_name,,2021-12-31,ISTAT geometry 2021
041058,Sant'Ippolito,current_name,,2021-12-31,ISTAT geometry 2021
041061,Serra S. Abbondio,election_source_name,2006-04-09,2006-04-09,official election source label
041061,Serra Sant'Abbondio,current_name,,2021-12-31,ISTAT geometry 2021
041064,Tavoleto,current_name,,2021-12-31,ISTAT geometry 2021
041065,Tavullia,current_name,,2021-12-31,ISTAT geometry 2021
041065,Tomba di Pesaro,historical_name,,1940-07-23,ISTAT SITUAS report 104
041066,Urbania,current_name,,2021-12-31,ISTAT geometry 2021
041067,Urbino,current_name,,2021-12-31,ISTAT geometry 2021
041068,COLBORDOLO,historical_name,1928-02-21,1947-01-18,ANPR historical archive
041068,SANT'ANGELO IN LIZZOLA,historical_name,1861-03-17,1998-09-03,ANPR historical archive
041068,Vallefoglia,current_name,,2021-12-31,ISTAT geometry 2021
041069,Colli al Metauro,current_name,,2021-12-31,ISTAT geometry 2021
041069,Montemaggiore,historical_name,,1862-12-18,ISTAT SITUAS report 104
041069,MONTEMAGGIORE AL METAURO,historical_name,1940-08-15,1998-09-03,ANPR historical archive
041069,SALTARA,historical_name,1861-03-17,1998-09-03,ANPR historical archive
041069,SERRUNGARINA,historical_name,1940-08-15,1998-09-03,ANPR historical archive
041070,BARCHI,historical_name,1861-03-17,1998-09-03,ANPR historical archive
041070,Montebello,historical_name,,1862-12-18,ISTAT SITUAS report 104
041070,Montebello Metaurense,historical_name,,1862-12-18,ISTAT SITUAS report 104
041070,Orciano,historical_name,,1862-12-18,ISTAT SITUAS report 104
041070,ORCIANO DI PESARO,historical_name,1861-03-17,1998-09-03,ANPR historical archive
041070,PIAGGE,historical_name,1861-03-17,1998-09-03,ANPR historical archive
041070,San Giorgio,historical_name,,1862-12-18,ISTAT SITUAS report 104
041070,SAN GIORGIO DI PESARO,historical_name,1861-03-17,1998-09-03,ANPR historical archive
041070,Terre Roveresche,current_name,,2021-12-31,ISTAT geometry 2021
041071,AUDITORE,historical_name,1861-03-17,1998-09-03,ANPR historical archive
041071,SASSOCORVARO,historical_name,1861-03-17,1998-09-03,ANPR historical archive
041071,Sassocorvaro Auditore,current_name,,2021-12-31,ISTAT geometry 2021
042001,Agugliano,current_name,,2021-12-31,ISTAT geometry 2021
042002,Ancona,current_name,,2021-12-31,ISTAT geometry 2021
042002,Paterno,historical_name,,1863-05-09,ISTAT SITUAS report 104
042002,Paterno d'Ancona,historical_name,,1863-05-09,ISTAT SITUAS report 104
042003,Arcevia,current_name,,2021-12-31,ISTAT geometry 2021
042004,Barbara,current_name,,2021-12-31,ISTAT geometry 2021
042004,Barbarano Vicentino,election_source_name,2018-03-04,2018-03-04,official election source label
042005,Belvedere,historical_name,,1863-05-09,ISTAT SITUAS report 104
042005,Belvedere Ostrense,current_name,,2021-12-31,ISTAT geometry 2021
042006,Camerano,current_name,,2021-12-31,ISTAT geometry 2021
042007,Camerata Picena,current_name,,2021-12-31,ISTAT geometry 2021
042008,Castelbellino,current_name,,2021-12-31,ISTAT geometry 2021
042010,Castelfidardo,current_name,,2021-12-31,ISTAT geometry 2021
042011,Castelleone,historical_name,,1864-12-07,ISTAT SITUAS report 104
042011,Castelleone di Suasa,current_name,,2021-12-31,ISTAT geometry 2021
042012,Castelplanio,current_name,,2021-12-31,ISTAT geometry 2021
042013,Cerreto,historical_name,,1863-05-09,ISTAT SITUAS report 104
042013,Cerreto d'Esi,current_name,,2021-12-31,ISTAT geometry 2021
042014,Camerata,historical_name,,1863-05-09,ISTAT SITUAS report 104
042014,Camerata Picena,historical_name,,1863-05-09,ISTAT SITUAS report 104
042014,Chiaravalle,current_name,,2021-12-31,ISTAT geometry 2021
042015,Corinaldo,current_name,,2021-12-31,ISTAT geometry 2021
042016,Cupramontana,current_name,,2021-12-31,ISTAT geometry 2021
042016,Massaccio,historical_name,,1862-06-04,ISTAT SITUAS report 104
042017,Fabriano,current_name,,2021-12-31,ISTAT geometry 2021
042018,Falconara Marittima,current_name,,2021-12-31,ISTAT geometry 2021
042019,Filottrano,current_name,,2021-12-31,ISTAT geometry 2021
042020,Genga,current_name,,2021-12-31,ISTAT geometry 2021
042021,Jesi,current_name,,2021-12-31,ISTAT geometry 2021
042022,Loreto,current_name,,2021-12-31,ISTAT geometry 2021
042023,Maiolati,historical_name,,1939-04-22,ISTAT SITUAS report 104
042023,Maiolati Spontini,current_name,,2021-12-31,ISTAT geometry 2021
042024,Mergo,current_name,,2021-12-31,ISTAT geometry 2021
042025,Monsano,current_name,,2021-12-31,ISTAT geometry 2021
042025,Mosciano,historical_name,,1864-02-02,ISTAT SITUAS report 104
042026,Montecarotto,current_name,,2021-12-31,ISTAT geometry 2021
042027,Montemarciano,current_name,,2021-12-31,ISTAT geometry 2021
042029,Monte Roberto,current_name,,2021-12-31,ISTAT geometry 2021
042030,Monte San Vito,current_name,,2021-12-31,ISTAT geometry 2021
042031,Morro,historical_name,,1863-05-09,ISTAT SITUAS report 104
042031,Morro d'Alba,current_name,,2021-12-31,ISTAT geometry 2021
042032,Numana,current_name,,2021-12-31,ISTAT geometry 2021
042032,Umana,historical_name,,1870-01-26,ISTAT SITUAS report 104
042033,Offagna,current_name,,2021-12-31,ISTAT geometry 2021
042034,Osimo,current_name,,2021-12-31,ISTAT geometry 2021
042035,Montalboddo,historical_name,,1881-06-01,ISTAT SITUAS report 104
042035,Ostra,current_name,,2021-12-31,ISTAT geometry 2021
042036,Montenovo,historical_name,,1882-04-01,ISTAT SITUAS report 104
042036,Ostra Vetere,current_name,,2021-12-31,ISTAT geometry 2021
042037,Poggio San Marcello,current_name,,2021-12-31,ISTAT geometry 2021
042038,Polverigi,current_name,,2021-12-31,ISTAT geometry 2021
042040,Rosora,current_name,,2021-12-31,ISTAT geometry 2021
042041,San Marcello,current_name,,2021-12-31,ISTAT geometry 2021
042041,San Marcello Piteglio,election_source_name,1999-06-13,1999-06-13,official election source label
042042,San Paolo di Jesi,current_name,,2021-12-31,ISTAT geometry 2021
042043,Santa Maria Nuova,current_name,,2021-12-31,ISTAT geometry 2021
042044,Sassoferrato,current_name,,2021-12-31,ISTAT geometry 2021
042045,Senigallia,current_name,,2021-12-31,ISTAT geometry 2021
042046,Serra de' Conti,current_name,,2021-12-31,ISTAT geometry 2021
042047,Serra San Quirico,current_name,,2021-12-31,ISTAT geometry 2021
042048,Sirolo,current_name,,2021-12-31,ISTAT geometry 2021
042049,San Paolo,historical_name,,1863-05-09,ISTAT SITUAS report 104
042049,San Paolo di Jesi,historical_name,,1863-05-09,ISTAT SITUAS report 104
042049,Staffolo,current_name,,2021-12-31,ISTAT geometry 2021
042050,CASTEL COLONNA,historical_name,1921-11-23,2013-12-31,ANPR historical archive
042050,MONTERADO,historical_name,1861-03-17,2013-12-31,ANPR historical archive
042050,RIPE,historical_name,1861-03-17,2013-12-31,ANPR historical archive
042050,Tomba di Senigallia,historical_name,,1922-01-01,ISTAT SITUAS report 104
042050,Trecastelli,current_name,,2021-12-31,ISTAT geometry 2021
043002,Apiro,current_name,,2021-12-31,ISTAT geometry 2021
043002,Ficano,historical_name,,1927-03-10,ISTAT SITUAS report 104
043002,Poggio San Vicino,historical_name,,1927-03-10,ISTAT SITUAS report 104
043003,Appignano,current_name,,2021-12-31,ISTAT geometry 2021
043004,Belforte,historical_name,,1863-02-01,ISTAT SITUAS report 104
043004,Belforte del Chienti,current_name,,2021-12-31,ISTAT geometry 2021
043004,BELFORTE DEL CHIENTO,historical_name,1862-12-29,1955-07-09,ANPR historical archive
043005,Bolognola,current_name,,2021-12-31,ISTAT geometry 2021
043006,Caldarola,current_name,,2021-12-31,ISTAT geometry 2021
043007,Camerino,current_name,,2021-12-31,ISTAT geometry 2021
043008,Camporotondo,historical_name,,1863-05-09,ISTAT SITUAS report 104
043008,Camporotondo di Fiastrone,current_name,,2021-12-31,ISTAT geometry 2021
043009,Castelraimondo,current_name,,2021-12-31,ISTAT geometry 2021
043010,CASTELSANTANGELO,historical_name,1913-01-01,1961-12-25,ANPR historical archive
043010,Castelsantangelo sul Nera,current_name,,2021-12-31,ISTAT geometry 2021
043011,Cessapalombo,current_name,,2021-12-31,ISTAT geometry 2021
043012,Cingoli,current_name,,2021-12-31,ISTAT geometry 2021
043013,Civitanova,historical_name,,1864-03-11,ISTAT SITUAS report 104
043013,Civitanova Marche,current_name,,2021-12-31,ISTAT geometry 2021
043013,Porto Civitanova,historical_name,,1913-06-27,ISTAT SITUAS report 103
043014,Colmurano,current_name,,2021-12-31,ISTAT geometry 2021
043015,Corridonia,current_name,,2021-12-31,ISTAT geometry 2021
043015,Pausula,historical_name,,1931-10-24,ISTAT SITUAS report 104
043016,Esanatoglia,current_name,,2021-12-31,ISTAT geometry 2021
043016,Sant'Anatolia,historical_name,,1862-10-15,ISTAT SITUAS report 104
043017,ACQUACANINA,historical_name,1861-03-17,2016-12-31,ANPR historical archive
043017,Fiastra,current_name,,2021-12-31,ISTAT geometry 2021
043019,Fiuminata,current_name,,2021-12-31,ISTAT geometry 2021
043020,Gagliole,current_name,,2021-12-31,ISTAT geometry 2021
043021,Gualdo,current_name,,2021-12-31,ISTAT geometry 2021
043022,Loro,historical_name,,1863-01-22,ISTAT SITUAS report 104
043022,Loro Piceno,current_name,,2021-12-31,ISTAT geometry 2021
043023,Macerata,current_name,,2021-12-31,ISTAT geometry 2021
043024,Matelica,current_name,,2021-12-31,ISTAT geometry 2021
043025,Mogliano,current_name,,2021-12-31,ISTAT geometry 2021
043026,Montecassiano,current_name,,2021-12-31,ISTAT geometry 2021
043027,Monte Cavallo,current_name,,2021-12-31,ISTAT geometry 2021
043027,Monte San Polo,historical_name,,1863-02-21,ISTAT SITUAS report 104
043028,Montecosaro,current_name,,2021-12-31,ISTAT geometry 2021
043029,Montefano,current_name,,2021-12-31,ISTAT geometry 2021
043030,Montelupone,current_name,,2021-12-31,ISTAT geometry 2021
043031,Monte San Giusto,current_name,,2021-12-31,ISTAT geometry 2021
043031,San Giusto,historical_name,,1863-05-12,ISTAT SITUAS report 104
043032,Monte San Martino,current_name,,2021-12-31,ISTAT geometry 2021
043033,Morrovalle,current_name,,2021-12-31,ISTAT geometry 2021
043034,Muccia,current_name,,2021-12-31,ISTAT geometry 2021
043035,Penna San Giovanni,current_name,,2021-12-31,ISTAT geometry 2021
043036,Petriolo,current_name,,2021-12-31,ISTAT geometry 2021
043038,Pieve Torina,current_name,,2021-12-31,ISTAT geometry 2021
043039,Pioraco,current_name,,2021-12-31,ISTAT geometry 2021
043040,Poggio San Vicino,current_name,,2021-12-31,ISTAT geometry 2021
043041,Montemilone,historical_name,,1862-11-13,ISTAT SITUAS report 104
043041,Pollenza,current_name,,2021-12-31,ISTAT geometry 2021
043042,Porto Recanati,current_name,,2021-12-31,ISTAT geometry 2021
043043,Montesanto,historical_name,,1863-02-04,ISTAT SITUAS report 104
043043,Potenza Picena,current_name,,2021-12-31,ISTAT geometry 2021
043044,Recanati,current_name,,2021-12-31,ISTAT geometry 2021
043045,Ripe San Ginesio,current_name,,2021-12-31,ISTAT geometry 2021
043046,San Ginesio,current_name,,2021-12-31,ISTAT geometry 2021
043047,San Severino,historical_name,,1863-09-20,ISTAT SITUAS report 104
043047,San Severino Marche,current_name,,2021-12-31,ISTAT geometry 2021
043048,Sant'Angelo in Pontano,current_name,,2021-12-31,ISTAT geometry 2021
043049,Sarnano,current_name,,2021-12-31,ISTAT geometry 2021
043050,Sefro,current_name,,2021-12-31,ISTAT geometry 2021
043051,Serrapetrona,current_name,,2021-12-31,ISTAT geometry 2021
043052,Serravalle,historical_name,,1862-11-13,ISTAT SITUAS report 104
043052,Serravalle di Chienti,current_name,,2021-12-31,ISTAT geometry 2021
043053,Tolentino,current_name,,2021-12-31,ISTAT geometry 2021
043054,Treia,current_name,,2021-12-31,ISTAT geometry 2021
043055,Urbisaglia,current_name,,2021-12-31,ISTAT geometry 2021
043055,URBISAGLIA BONSERVIZI,historical_name,1936-10-30,1946-10-26,ANPR historical archive
043056,Ussita,current_name,,2021-12-31,ISTAT geometry 2021
043057,Visso,current_name,,2021-12-31,ISTAT geometry 2021
043058,FIORDIMONTE,historical_name,1861-03-17,2016-12-31,ANPR historical archive
043058,PIEVEBOVIGLIANA,historical_name,1861-03-17,2016-12-31,ANPR historical archive
043058,Valfornace,current_name,,2021-12-31,ISTAT geometry 2021
044001,ACQUASANTA,historical_name,1865-12-25,1957-12-14,ANPR historical archive
044001,Acquasanta Terme,current_name,,2021-12-31,ISTAT geometry 2021
044001,Montecalvo,historical_name,,1862-12-18,ISTAT SITUAS report 104
044001,Montecalvo del Castellano,historical_name,,1862-12-18,ISTAT SITUAS report 104
044001,Santa Maria,historical_name,,1862-12-18,ISTAT SITUAS report 104
044001,Santa Maria del Tronto,historical_name,,1862-12-18,ISTAT SITUAS report 104
044002,Acquaviva,historical_name,,1862-12-18,ISTAT SITUAS report 104
044002,Acquaviva Picena,current_name,,2021-12-31,ISTAT geometry 2021
044005,Appignano del Tronto,current_name,,2021-12-31,ISTAT geometry 2021
044005,Appignano di Offida,historical_name,,1879-04-26,ISTAT SITUAS report 104
044006,Arquata,historical_name,,1862-12-18,ISTAT SITUAS report 104
044006,Arquata del Tronto,current_name,,2021-12-31,ISTAT geometry 2021
044007,Ascoli,historical_name,,1862-12-18,ISTAT SITUAS report 104
044007,Ascoli Piceno,current_name,,2021-12-31,ISTAT geometry 2021
044007,Lisciano,historical_name,,1864-12-07,ISTAT SITUAS report 104
044007,Lisciano del Tronto,historical_name,,1864-12-07,ISTAT SITUAS report 104
044007,Porchiano Ascoli,historical_name,,1862-12-18,ISTAT SITUAS report 104
044007,Porchiano dell'Ascensione,historical_name,,1862-12-18,ISTAT SITUAS report 104
044010,Carassai,current_name,,2021-12-31,ISTAT geometry 2021
044011,Castel di Lama,current_name,,2021-12-31,ISTAT geometry 2021
044011,Lama,historical_name,,1862-12-18,ISTAT SITUAS report 104
044012,Castignano,current_name,,2021-12-31,ISTAT geometry 2021
044013,Castorano,current_name,,2021-12-31,ISTAT geometry 2021
044014,Colli,historical_name,,1862-12-18,ISTAT SITUAS report 104
044014,Colli del Tronto,current_name,,2021-12-31,ISTAT geometry 2021
044015,Comunanza,current_name,,2021-12-31,ISTAT geometry 2021
044015,Comunanza del Littorio,historical_name,,1932-04-12,ISTAT SITUAS report 104
044016,Cossignano,current_name,,2021-12-31,ISTAT geometry 2021
044017,Cupra Marittima,current_name,,2021-12-31,ISTAT geometry 2021
044017,Marano,historical_name,,1862-12-18,ISTAT SITUAS report 104
044020,Folignano,current_name,,2021-12-31,ISTAT geometry 2021
044021,Force,current_name,,2021-12-31,ISTAT geometry 2021
044023,Grottammare,current_name,,2021-12-31,ISTAT geometry 2021
044027,Maltignano,current_name,,2021-12-31,ISTAT geometry 2021
044029,Massignano,current_name,,2021-12-31,ISTAT geometry 2021
044031,Monsampolo,historical_name,,1862-12-18,ISTAT SITUAS report 104
044031,Monsampolo del Tronto,current_name,,2021-12-31,ISTAT geometry 2021
044032,Montalto,historical_name,,1863-02-21,ISTAT SITUAS report 104
044032,Montalto delle Marche,current_name,,2021-12-31,ISTAT geometry 2021
044034,Montedinove,current_name,,2021-12-31,ISTAT geometry 2021
044036,Monte Fiore,historical_name,,1862-12-18,ISTAT SITUAS report 104
044036,Montefiore dell'Aso,current_name,,2021-12-31,ISTAT geometry 2021
044038,Montegallo,current_name,,2021-12-31,ISTAT geometry 2021
044044,Montemonaco,current_name,,2021-12-31,ISTAT geometry 2021
044045,Monteprandone,current_name,,2021-12-31,ISTAT geometry 2021
044045,Monterandone,election_source_name,1999-06-13,1999-06-13,official election source label
044054,Offida,current_name,,2021-12-31,ISTAT geometry 2021
044056,Palmiano,current_name,,2021-12-31,ISTAT geometry 2021
044063,Ripatransone,current_name,,2021-12-31,ISTAT geometry 2021
044064,Roccafluvione,current_name,,2021-12-31,ISTAT geometry 2021
044064,Roccasaregnana,historical_name,,1863-09-20,ISTAT SITUAS report 104
044065,Rotella,current_name,,2021-12-31,ISTAT geometry 2021
044066,San Benedetto,historical_name,,1862-12-18,ISTAT SITUAS report 104
044066,San Benedetto del Tronto,current_name,,2021-12-31,ISTAT geometry 2021
044071,Spinetoli,current_name,,2021-12-31,ISTAT geometry 2021
044073,Venarotta,current_name,,2021-12-31,ISTAT geometry 2021
045001,Aulla,current_name,,2021-12-31,ISTAT geometry 2021
045002,Bagnone,current_name,,2021-12-31,ISTAT geometry 2021
045003,Carrara,current_name,,2021-12-31,ISTAT geometry 2021
045004,Casola,historical_name,,1863-05-12,ISTAT SITUAS report 104
045004,Casola in Lunigiana,current_name,,2021-12-31,ISTAT geometry 2021
045005,Comano,current_name,,2021-12-31,ISTAT geometry 2021
045006,Filattiera,current_name,,2021-12-31,ISTAT geometry 2021
045007,Fivizzano,current_name,,2021-12-31,ISTAT geometry 2021
045008,Fosdinovo,current_name,,2021-12-31,ISTAT geometry 2021
045009,Licciana,historical_name,,1869-04-01,ISTAT SITUAS report 103
045009,Licciana Nardi,current_name,,2021-12-31,ISTAT geometry 2021
045010,Massa,current_name,,2021-12-31,ISTAT geometry 2021
045011,Montignoso,current_name,,2021-12-31,ISTAT geometry 2021
045012,Mulazzo,current_name,,2021-12-31,ISTAT geometry 2021
045013,Podenzana,current_name,,2021-12-31,ISTAT geometry 2021
045014,Pontremoli,current_name,,2021-12-31,ISTAT geometry 2021
045015,Tresana,current_name,,2021-12-31,ISTAT geometry 2021
045016,Villafranca,historical_name,,1863-05-12,ISTAT SITUAS report 104
045016,Villafranca in Lunigiana,current_name,,2021-12-31,ISTAT geometry 2021
045017,Zeri,current_name,,2021-12-31,ISTAT geometry 2021
046001,Altopascio,current_name,,2021-12-31,ISTAT geometry 2021
046002,Bagni di Lucca,current_name,,2021-12-31,ISTAT geometry 2021
046002,Bagno a Corsena,historical_name,,1862-04-27,ISTAT SITUAS report 104
046003,Barga,current_name,,2021-12-31,ISTAT geometry 2021
046004,Borgo a Mozzano,current_name,,2021-12-31,ISTAT geometry 2021
046004,Borgo a Mozzano e Cerreto di Sotto,historical_name,,1863-12-02,ISTAT SITUAS report 104
046005,Camaiore,current_name,,2021-12-31,ISTAT geometry 2021
046006,Camporgiano,current_name,,2021-12-31,ISTAT geometry 2021
046007,Capannori,current_name,,2021-12-31,ISTAT geometry 2021
046008,Careggine,current_name,,2021-12-31,ISTAT geometry 2021
046009,Castelnuovo di Garfagnana,current_name,,2021-12-31,ISTAT geometry 2021
046010,Castiglione,historical_name,,1863-05-12,ISTAT SITUAS report 104
046010,Castiglione di Garfagnana,current_name,,2021-12-31,ISTAT geometry 2021
046011,Coreglia,historical_name,,1863-02-04,ISTAT SITUAS report 104
046011,Coreglia Antelminelli,current_name,,2021-12-31,ISTAT geometry 2021
046013,Forte dei Marmi,current_name,,2021-12-31,ISTAT geometry 2021
046014,Fosciandora,current_name,,2021-12-31,ISTAT geometry 2021
046015,Gallicano,current_name,,2021-12-31,ISTAT geometry 2021
046017,Lucca,current_name,,2021-12-31,ISTAT geometry 2021
046018,Massarosa,current_name,,2021-12-31,ISTAT geometry 2021
046019,Minucciano,current_name,,2021-12-31,ISTAT geometry 2021
046020,Molazzana,current_name,,2021-12-31,ISTAT geometry 2021
046021,Montecarlo,current_name,,2021-12-31,ISTAT geometry 2021
046022,Pescaglia,current_name,,2021-12-31,ISTAT geometry 2021
046023,Piazza,historical_name,,1863-05-12,ISTAT SITUAS report 104
046023,Piazza al Serchio,current_name,,2021-12-31,ISTAT geometry 2021
046024,Pietrasanta,current_name,,2021-12-31,ISTAT geometry 2021
046025,Pieve Fosciana,current_name,,2021-12-31,ISTAT geometry 2021
046026,Porcari,current_name,,2021-12-31,ISTAT geometry 2021
046027,San Romano in Garfagnana,current_name,,2021-12-31,ISTAT geometry 2021
046028,Seravezza,current_name,,2021-12-31,ISTAT geometry 2021
046030,Stazzema,current_name,,2021-12-31,ISTAT geometry 2021
046031,Vagli Sotto,current_name,,2021-12-31,ISTAT geometry 2021
046033,Viareggio,current_name,,2021-12-31,ISTAT geometry 2021
046034,Villa Basilica,current_name,,2021-12-31,ISTAT geometry 2021
046035,Villa Collemandina,current_name,,2021-12-31,ISTAT geometry 2021
046036,FABBRICHE DI VALLICO,historical_name,1950-08-06,2013-12-31,ANPR historical archive
046036,Fabbriche di Vergemoli,current_name,,2021-12-31,ISTAT geometry 2021
046036,TRASSILICO,historical_name,1923-11-24,1948-12-09,ANPR historical archive
046036,VERGEMOLI,historical_name,1923-11-24,2013-12-31,ANPR historical archive
046037,GIUNCUGNANO,historical_name,1923-11-24,2014-12-31,ANPR historical archive
046037,SILLANO,historical_name,1923-11-24,2014-12-31,ANPR historical archive
046037,Sillano Giuncugnano,current_name,,2021-12-31,ISTAT geometry 2021
047002,Agliana,current_name,,2021-12-31,ISTAT geometry 2021
047003,Buggiano,current_name,,2021-12-31,ISTAT geometry 2021
047005,Lamorecchio,election_source_name,1999-06-13,1999-06-13,official election source label
047005,Lamporecchio,current_name,,2021-12-31,ISTAT geometry 2021
047006,Larciano,current_name,,2021-12-31,ISTAT geometry 2021
047007,Marliana,current_name,,2021-12-31,ISTAT geometry 2021
047008,Massa e Cozzile,current_name,,2021-12-31,ISTAT geometry 2021
047009,MONSUMMANO,historical_name,1928-01-26,1948-07-08,ANPR historical archive
047009,Monsummano Terme,current_name,,2021-12-31,ISTAT geometry 2021
047010,Montale,current_name,,2021-12-31,ISTAT geometry 2021
047011,Bagni di Montecatini,historical_name,,1905-07-30,ISTAT SITUAS report 103
047011,Monte Catini Terme,election_source_name,1979-06-10,1979-06-10,official election source label
047011,Montecatini di Val di Nievole,historical_name,,1905-07-30,ISTAT SITUAS report 103
047011,Montecatini-Terme,current_name,,2021-12-31,ISTAT geometry 2021
047012,Pescia,current_name,,2021-12-31,ISTAT geometry 2021
047012,Vellano,historical_name,,1883-10-01,ISTAT SITUAS report 103
047013,Pieve a Nievole,current_name,,2021-12-31,ISTAT geometry 2021
047014,Pistoia,current_name,,2021-12-31,ISTAT geometry 2021
047016,Ponte Buggianese,current_name,,2021-12-31,ISTAT geometry 2021
047017,Quarrata,current_name,,2021-12-31,ISTAT geometry 2021
047017,TIZZANA,historical_name,1927-01-12,1959-10-02,ANPR historical archive
047018,Sambuca,historical_name,,1864-04-01,ISTAT SITUAS report 104
047018,Sambuca Pistoiese,current_name,,2021-12-31,ISTAT geometry 2021
047020,Serravalle,historical_name,,1863-06-14,ISTAT SITUAS report 104
047020,Serravalle Pistoiese,current_name,,2021-12-31,ISTAT geometry 2021
047021,Uzzano,current_name,,2021-12-31,ISTAT geometry 2021
047022,Chiesina Uzzanese,current_name,,2021-12-31,ISTAT geometry 2021
047023,ABETONE,historical_name,1936-07-26,2016-12-31,ANPR historical archive
047023,Abetone Cutigliano,current_name,,2021-12-31,ISTAT geometry 2021
047023,CUTIGLIANO,historical_name,1936-07-26,1979-11-16,ANPR historical archive
047024,PITEGLIO,historical_name,1939-10-26,2016-12-31,ANPR historical archive
047024,San Marcello,historical_name,,1863-06-14,ISTAT SITUAS report 104
047024,SAN MARCELLO PISTOIESE,historical_name,1927-01-12,1979-11-16,ANPR historical archive
047024,San Marcello Piteglio,current_name,,2021-12-31,ISTAT geometry 2021
048001,Bagno a Ripoli,current_name,,2021-12-31,ISTAT geometry 2021
048002,Barberino di Mugello,current_name,,2021-12-31,ISTAT geometry 2021
048004,Borgo San Lorenzo,current_name,,2021-12-31,ISTAT geometry 2021
048005,Calenzano,current_name,,2021-12-31,ISTAT geometry 2021
048006,Campi,historical_name,,1864-06-23,ISTAT SITUAS report 104
048006,Campi Bisenzio,current_name,,2021-12-31,ISTAT geometry 2021
048008,Capraia,historical_name,,1863-06-14,ISTAT SITUAS report 104
048008,Capraia e Limite,current_name,,2021-12-31,ISTAT geometry 2021
048010,Castelfiorentino,current_name,,2021-12-31,ISTAT geometry 2021
048011,Cerreto Guidi,current_name,,2021-12-31,ISTAT geometry 2021
048012,Certaldo,current_name,,2021-12-31,ISTAT geometry 2021
048013,Dicomano,current_name,,2021-12-31,ISTAT geometry 2021
048014,Empoli,current_name,,2021-12-31,ISTAT geometry 2021
048015,Fiesole,current_name,,2021-12-31,ISTAT geometry 2021
048017,Firenze,current_name,,2021-12-31,ISTAT geometry 2021
048017,Firenze 1,election_source_name,1994-03-27,1994-03-27,official election source label
048018,Firenzuola,current_name,,2021-12-31,ISTAT geometry 2021
048019,Fucecchio,current_name,,2021-12-31,ISTAT geometry 2021
048020,GAMBASSI,historical_name,1917-06-11,1977-05-11,ANPR historical archive
048020,Gambassi Terme,current_name,,2021-12-31,ISTAT geometry 2021
048021,GREVE,historical_name,1861-03-17,1977-09-09,ANPR historical archive
048021,Greve in Chianti,current_name,,2021-12-31,ISTAT geometry 2021
048022,Impruneta,current_name,,2021-12-31,ISTAT geometry 2021
048024,Lastra a Signa,current_name,,2021-12-31,ISTAT geometry 2021
048025,Londa,current_name,,2021-12-31,ISTAT geometry 2021
048026,Marradi,current_name,,2021-12-31,ISTAT geometry 2021
048027,Montaione,current_name,,2021-12-31,ISTAT geometry 2021
048028,Monteluo Fiorentino,election_source_name,1999-06-13,1999-06-13,official election source label
048028,Montelupo,historical_name,,1863-06-14,ISTAT SITUAS report 104
048028,Montelupo Fiorentino,current_name,,2021-12-31,ISTAT geometry 2021
048030,Montespertoli,current_name,,2021-12-31,ISTAT geometry 2021
048031,PALAZZUOLO DI ROMAGNA,historical_name,1861-03-17,1951-09-26,ANPR historical archive
048031,Palazzuolo sul Senio,current_name,,2021-12-31,ISTAT geometry 2021
048032,Pelago,current_name,,2021-12-31,ISTAT geometry 2021
048033,Pontassieve,current_name,,2021-12-31,ISTAT geometry 2021
048035,Reggello,current_name,,2021-12-31,ISTAT geometry 2021
048036,Rignano,historical_name,,1863-06-14,ISTAT SITUAS report 104
048036,Rignano sull'Arno,current_name,,2021-12-31,ISTAT geometry 2021
048037,Rufina,current_name,,2021-12-31,ISTAT geometry 2021
048038,San Casciano in Val di Pesa,current_name,,2021-12-31,ISTAT geometry 2021
048039,San Godenzo,current_name,,2021-12-31,ISTAT geometry 2021
048041,Casellina e Torri,historical_name,,1865-08-13,ISTAT SITUAS report 103
048041,Scandicci,current_name,,2021-12-31,ISTAT geometry 2021
048043,Sesto,historical_name,,1865-08-13,ISTAT SITUAS report 103
048043,Sesto Fiorentino,current_name,,2021-12-31,ISTAT geometry 2021
048044,Signa,current_name,,2021-12-31,ISTAT geometry 2021
048046,Vaglia,current_name,,2021-12-31,ISTAT geometry 2021
048049,Vicchio,current_name,,2021-12-31,ISTAT geometry 2021
048050,Vinci,current_name,,2021-12-31,ISTAT geometry 2021
048052,Figline,historical_name,,1864-01-29,ISTAT SITUAS report 104
048052,Figline e Incisa Valdarno,current_name,,2021-12-31,ISTAT geometry 2021
048052,FIGLINE VALDARNO,historical_name,1864-01-29,2013-12-31,ANPR historical archive
048052,Incisa,historical_name,,1863-06-14,ISTAT SITUAS report 104
048052,INCISA IN VAL D'ARNO,historical_name,1863-04-13,2013-12-31,ANPR historical archive
048053,SAN PIERO A SIEVE,historical_name,1861-03-17,2013-12-31,ANPR historical archive
048053,Scareria,election_source_name,1999-06-13,1999-06-13,official election source label
048053,SCARPERIA,historical_name,1861-03-17,2013-12-31,ANPR historical archive
048053,Scarperia e San Piero,current_name,,2021-12-31,ISTAT geometry 2021
048054,Barberino Tavarnelle,current_name,,2021-12-31,ISTAT geometry 2021
048054,BARBERINO VAL D'ELSA,historical_name,1893-01-02,2018-12-31,ANPR historical archive
048054,Tavarnelle,historical_name,,1893-05-01,ISTAT SITUAS report 103
048054,Tavarnelle Val di Esa,election_source_name,1999-06-13,1999-06-13,official election source label
048054,TAVARNELLE VAL DI PESA,historical_name,1909-04-14,2018-12-31,ANPR historical archive
049001,Bibbona,current_name,,2021-12-31,ISTAT geometry 2021
049002,Camiglia Marittima,election_source_name,1999-06-13,1999-06-13,official election source label
049002,Campiglia,historical_name,,1862-11-08,ISTAT SITUAS report 104
049002,Campiglia Marittima,current_name,,2021-12-31,ISTAT geometry 2021
049003,Campo Dell'Elba,election_source_name,1989-06-18,1989-06-18,official election source label
049003,Campo nell'Elba,current_name,,2021-12-31,ISTAT geometry 2021
049004,Capoliveri,current_name,,2021-12-31,ISTAT geometry 2021
049005,Capraia Isola,current_name,,2021-12-31,ISTAT geometry 2021
049006,Castagneto,historical_name,,1900-03-25,ISTAT SITUAS report 104
049006,Castagneto Carducci,current_name,,2021-12-31,ISTAT geometry 2021
049006,Castagneto Marittimo,historical_name,,1900-03-25,ISTAT SITUAS report 104
049007,Bibbona,historical_name,,1873-07-08,ISTAT SITUAS report 104
049007,Cecina,current_name,,2021-12-31,ISTAT geometry 2021
049007,Fitto di Cecina,historical_name,,1873-07-08,ISTAT SITUAS report 104
049008,Collesalvetti,current_name,,2021-12-31,ISTAT geometry 2021
049009,Livorno,current_name,,2021-12-31,ISTAT geometry 2021
049010,Marciana,current_name,,2021-12-31,ISTAT geometry 2021
049011,Marciana Marina,current_name,,2021-12-31,ISTAT geometry 2021
049012,Piombino,current_name,,2021-12-31,ISTAT geometry 2021
049013,Longone,historical_name,,1873-07-14,ISTAT SITUAS report 104
049013,Porto Azzurro,current_name,,2021-12-31,ISTAT geometry 2021
049013,PORTO LONGONE,historical_name,1906-04-18,1947-07-05,ANPR historical archive
049014,Portoferraio,current_name,,2021-12-31,ISTAT geometry 2021
049017,Rosignano,historical_name,,1862-11-08,ISTAT SITUAS report 104
049017,Rosignano Marittimo,current_name,,2021-12-31,ISTAT geometry 2021
049018,San Vincenzo,current_name,,2021-12-31,ISTAT geometry 2021
049019,Sassetta,current_name,,2021-12-31,ISTAT geometry 2021
049020,Suvereto,current_name,,2021-12-31,ISTAT geometry 2021
049021,Rio,current_name,,2021-12-31,ISTAT geometry 2021
049021,RIO MARINA,historical_name,1882-06-05,2017-12-31,ANPR historical archive
049021,RIO NELL'ELBA,historical_name,1882-06-05,2017-12-31,ANPR historical archive
050001,Bientina,current_name,,2021-12-31,ISTAT geometry 2021
050002,Buti,current_name,,2021-12-31,ISTAT geometry 2021
050003,Calci,current_name,,2021-12-31,ISTAT geometry 2021
050004,Calcinaia,current_name,,2021-12-31,ISTAT geometry 2021
050005,Capannoli,current_name,,2021-12-31,ISTAT geometry 2021
050006,Casale,historical_name,,1862-11-08,ISTAT SITUAS report 104
050006,Casale di Val di Cecina,historical_name,,1862-11-08,ISTAT SITUAS report 104
050006,Casale Marittimo,current_name,,2021-12-31,ISTAT geometry 2021
050008,Cascina,current_name,,2021-12-31,ISTAT geometry 2021
050009,Castelfranco di Sotto,current_name,,2021-12-31,ISTAT geometry 2021
050010,Castellina Marittima,current_name,,2021-12-31,ISTAT geometry 2021
050011,Castelnuovo di Val di Cecina,current_name,,2021-12-31,ISTAT geometry 2021
050012,Chianni,current_name,,2021-12-31,ISTAT geometry 2021
050014,Fauglia,current_name,,2021-12-31,ISTAT geometry 2021
050015,Guardistallo,current_name,,2021-12-31,ISTAT geometry 2021
050016,Lajatico,current_name,,2021-12-31,ISTAT geometry 2021
050019,Montecatini Val di Cecina,current_name,,2021-12-31,ISTAT geometry 2021
050020,Montescudaio,current_name,,2021-12-31,ISTAT geometry 2021
050021,Monteverdi,historical_name,,1920-07-31,ISTAT SITUAS report 104
050021,Monteverdi Marittimo,current_name,,2021-12-31,ISTAT geometry 2021
050022,Montooli in Val d'Arno,election_source_name,1999-06-13,1999-06-13,official election source label
050022,Montopoli,historical_name,,1863-06-14,ISTAT SITUAS report 104
050022,Montopoli in Val d'Arno,current_name,,2021-12-31,ISTAT geometry 2021
050023,Orciano Pisano,current_name,,2021-12-31,ISTAT geometry 2021
050024,Palaia,current_name,,2021-12-31,ISTAT geometry 2021
050025,Peccioli,current_name,,2021-12-31,ISTAT geometry 2021
050026,Pisa,current_name,,2021-12-31,ISTAT geometry 2021
050027,Pomarance,current_name,,2021-12-31,ISTAT geometry 2021
050028,Ponsacco,current_name,,2021-12-31,ISTAT geometry 2021
050029,Pontedera,current_name,,2021-12-31,ISTAT geometry 2021
050030,Riparbella,current_name,,2021-12-31,ISTAT geometry 2021
050031,Bagni San Giuliano,historical_name,,1927-05-19,ISTAT SITUAS report 103
050031,San Giuliano Terme,current_name,,2021-12-31,ISTAT geometry 2021
050032,San Miniato,current_name,,2021-12-31,ISTAT geometry 2021
050033,Santa Croce,historical_name,,1863-06-14,ISTAT SITUAS report 104
050033,Santa Croce sull'Arno,current_name,,2021-12-31,ISTAT geometry 2021
050034,Santa Luce,current_name,,2021-12-31,ISTAT geometry 2021
050035,Santa Maria a Monte,current_name,,2021-12-31,ISTAT geometry 2021
050036,Terricciola,current_name,,2021-12-31,ISTAT geometry 2021
050037,Vecchiano,current_name,,2021-12-31,ISTAT geometry 2021
050038,Vicoisano,election_source_name,1999-06-13,1999-06-13,official election source label
050038,Vicopisano,current_name,,2021-12-31,ISTAT geometry 2021
050039,Volterra,current_name,,2021-12-31,ISTAT geometry 2021
050040,BAGNI DI CASCIANA,historical_name,1927-12-04,1956-08-14,ANPR historical archive
050040,CASCIANA TERME,historical_name,1956-08-15,2013-12-31,ANPR historical archive
050040,Casciana Terme Lari,current_name,,2021-12-31,ISTAT geometry 2021
050040,LARI,historical_name,1927-12-04,2013-12-31,ANPR historical archive
050041,CRESPINA,historical_name,1902-08-22,2013-12-31,ANPR historical archive
050041,Crespina Lorenzana,current_name,,2021-12-31,ISTAT geometry 2021
050041,LORENZANA,historical_name,1861-03-17,2013-12-31,ANPR historical archive
051001,Anghiari,current_name,,2021-12-31,ISTAT geometry 2021
051002,Arezzo,current_name,,2021-12-31,ISTAT geometry 2021
051003,Badia Tedalda,current_name,,2021-12-31,ISTAT geometry 2021
051004,Bibbiena,current_name,,2021-12-31,ISTAT geometry 2021
051005,Bucine,current_name,,2021-12-31,ISTAT geometry 2021
051006,Capolona,current_name,,2021-12-31,ISTAT geometry 2021
051007,Caprese,historical_name,,1913-03-20,ISTAT SITUAS report 104
051007,Caprese Michelangelo,current_name,,2021-12-31,ISTAT geometry 2021
051008,Castel Focognano,current_name,,2021-12-31,ISTAT geometry 2021
051010,Castel San Niccolò,current_name,,2021-12-31,ISTAT geometry 2021
051011,Castiglion Fibocchi,current_name,,2021-12-31,ISTAT geometry 2021
051011,Due Comuni di Laterina,historical_name,,1863-09-27,ISTAT SITUAS report 104
051012,Castiglion Fiorentino,current_name,,2021-12-31,ISTAT geometry 2021
051013,Cavriglia,current_name,,2021-12-31,ISTAT geometry 2021
051014,Chitignano,current_name,,2021-12-31,ISTAT geometry 2021
051015,Chiusi della Verna,current_name,,2021-12-31,ISTAT geometry 2021
051015,Chiusi in Casentino,historical_name,,1928-05-19,ISTAT SITUAS report 104
051016,Civitella,historical_name,,1862-12-20,ISTAT SITUAS report 104
051016,Civitella in Val di Chiana,current_name,,2021-12-31,ISTAT geometry 2021
051017,Cortona,current_name,,2021-12-31,ISTAT geometry 2021
051018,Foiano,historical_name,,1862-12-20,ISTAT SITUAS report 104
051018,Foiano della Chiana,current_name,,2021-12-31,ISTAT geometry 2021
051020,Loro,historical_name,,1863-06-14,ISTAT SITUAS report 104
051020,Loro Ciuffenna,current_name,,2021-12-31,ISTAT geometry 2021
051021,Lucignano,current_name,,2021-12-31,ISTAT geometry 2021
051022,Marciano della Chiana,current_name,,2021-12-31,ISTAT geometry 2021
051023,Montemignaio,current_name,,2021-12-31,ISTAT geometry 2021
051024,Monterchi,current_name,,2021-12-31,ISTAT geometry 2021
051025,Monte San Savino,current_name,,2021-12-31,ISTAT geometry 2021
051026,Montevarchi,current_name,,2021-12-31,ISTAT geometry 2021
051027,Ortignano,historical_name,,1873-10-01,ISTAT SITUAS report 103
051027,Ortignano Raggiolo,current_name,,2021-12-31,ISTAT geometry 2021
051030,Pieve Santo Stefano,current_name,,2021-12-31,ISTAT geometry 2021
051031,Poppi,current_name,,2021-12-31,ISTAT geometry 2021
051033,San Giovanni,historical_name,,1863-06-14,ISTAT SITUAS report 104
051033,San Giovanni Valdarno,current_name,,2021-12-31,ISTAT geometry 2021
051034,Sansepolcro,current_name,,2021-12-31,ISTAT geometry 2021
051035,Sestino,current_name,,2021-12-31,ISTAT geometry 2021
051037,Subbiano,current_name,,2021-12-31,ISTAT geometry 2021
051038,Talla,current_name,,2021-12-31,ISTAT geometry 2021
051039,Terranova,historical_name,,1862-12-20,ISTAT SITUAS report 104
051039,Terranuova Bracciolini,current_name,,2021-12-31,ISTAT geometry 2021
051040,CASTELFRANCO DI SOPRA,historical_name,1861-03-17,2013-12-31,ANPR historical archive
051040,Castelfranco Piandiscò,current_name,,2021-12-31,ISTAT geometry 2021
051040,PIAN DI SCO,historical_name,1861-03-17,2013-12-31,ANPR historical archive
051041,PRATOVECCHIO,historical_name,1934-09-27,2013-12-31,ANPR historical archive
051041,Pratovecchio Stia,current_name,,2021-12-31,ISTAT geometry 2021
051041,STIA,historical_name,1934-09-27,2013-12-31,ANPR historical archive
051042,LATERINA,historical_name,1861-03-17,2017-12-31,ANPR historical archive
051042,Laterina Pergine Valdarno,current_name,,2021-12-31,ISTAT geometry 2021
051042,Pergine,historical_name,,1869-09-21,ISTAT SITUAS report 104
051042,PERGINE VALDARNO,historical_name,1928-02-16,2017-12-31,ANPR historical archive
051042,Val d'Ambra,historical_name,,1869-09-21,ISTAT SITUAS report 104
052001,Abbadia San Salvatore,current_name,,2021-12-31,ISTAT geometry 2021
052002,Asciano,current_name,,2021-12-31,ISTAT geometry 2021
052003,Buonconvento,current_name,,2021-12-31,ISTAT geometry 2021
052004,Casole,historical_name,,1862-10-29,ISTAT SITUAS report 104
052004,Casole d'Elsa,current_name,,2021-12-31,ISTAT geometry 2021
052005,Castellina in Chianti,current_name,,2021-12-31,ISTAT geometry 2021
052006,Castelnuovo Berardenga,current_name,,2021-12-31,ISTAT geometry 2021
052007,Castiglione d'Orcia,current_name,,2021-12-31,ISTAT geometry 2021
052008,Cetona,current_name,,2021-12-31,ISTAT geometry 2021
052009,CHIANCIANO,historical_name,1861-03-17,1957-12-05,ANPR historical archive
052009,Chianciano Terme,current_name,,2021-12-31,ISTAT geometry 2021
052010,Chiusdino,current_name,,2021-12-31,ISTAT geometry 2021
052011,Chiusi,current_name,,2021-12-31,ISTAT geometry 2021
052012,Colle,historical_name,,1862-10-29,ISTAT SITUAS report 104
052012,Colle di Val d'Elsa,current_name,,2021-12-31,ISTAT geometry 2021
052013,Gaiole,historical_name,,1911-06-14,ISTAT SITUAS report 104
052013,Gaiole in Chianti,current_name,,2021-12-31,ISTAT geometry 2021
052015,Montepulciano,current_name,,2021-12-31,ISTAT geometry 2021
052015,Monteulciano,election_source_name,1999-06-13,1999-06-13,official election source label
052016,Monteriggioni,current_name,,2021-12-31,ISTAT geometry 2021
052017,Monteroni,historical_name,,1862-10-29,ISTAT SITUAS report 104
052017,Monteroni d'Arbia,current_name,,2021-12-31,ISTAT geometry 2021
052018,Monticiano,current_name,,2021-12-31,ISTAT geometry 2021
052019,Murlo,current_name,,2021-12-31,ISTAT geometry 2021
052020,Piancastagnaio,current_name,,2021-12-31,ISTAT geometry 2021
052021,Pienza,current_name,,2021-12-31,ISTAT geometry 2021
052022,Poggibonsi,current_name,,2021-12-31,ISTAT geometry 2021
052023,Radda,historical_name,,1911-06-14,ISTAT SITUAS report 104
052023,Radda in Chianti,current_name,,2021-12-31,ISTAT geometry 2021
052024,Radicofani,current_name,,2021-12-31,ISTAT geometry 2021
052025,Radicondoli,current_name,,2021-12-31,ISTAT geometry 2021
052026,Raolano Terme,election_source_name,1999-06-13,1999-06-13,official election source label
052026,RAPOLANO,historical_name,1861-03-17,1949-09-08,ANPR historical archive
052026,Rapolano Terme,current_name,,2021-12-31,ISTAT geometry 2021
052027,San Casciano dei Bagni,current_name,,2021-12-31,ISTAT geometry 2021
052028,San Gimignano,current_name,,2021-12-31,ISTAT geometry 2021
052030,San Quirico,historical_name,,1862-10-29,ISTAT SITUAS report 104
052030,San Quirico d'Orcia,current_name,,2021-12-31,ISTAT geometry 2021
052031,Sarteano,current_name,,2021-12-31,ISTAT geometry 2021
052032,Masse di Siena,historical_name,,1869-05-01,ISTAT SITUAS report 98
052032,Siena,current_name,,2021-12-31,ISTAT geometry 2021
052033,Asinalunga,historical_name,,1864-12-07,ISTAT SITUAS report 104
052033,Sinalunga,current_name,,2021-12-31,ISTAT geometry 2021
052034,Sovicille,current_name,,2021-12-31,ISTAT geometry 2021
052035,Torrita,historical_name,,1928-03-14,ISTAT SITUAS report 104
052035,Torrita di Siena,current_name,,2021-12-31,ISTAT geometry 2021
052036,Trequanda,current_name,,2021-12-31,ISTAT geometry 2021
052037,Montalcino,current_name,,2021-12-31,ISTAT geometry 2021
052037,SAN GIOVANNI D'ASSO,historical_name,1877-07-16,2016-12-31,ANPR historical archive
052037,San Giovanni di Fassa,election_source_name,1999-06-13,1999-06-13,official election source label
053001,Arcidosso,current_name,,2021-12-31,ISTAT geometry 2021
053002,Campagnatico,current_name,,2021-12-31,ISTAT geometry 2021
053003,Capalbio,current_name,,2021-12-31,ISTAT geometry 2021
053004,Castel del Piano,current_name,,2021-12-31,ISTAT geometry 2021
053005,Castell'Azzara,current_name,,2021-12-31,ISTAT geometry 2021
053005,Castellazzara,election_source_name,1979-06-10,1979-06-10,official election source label
053006,Castiglione della Pescaia,current_name,,2021-12-31,ISTAT geometry 2021
053007,Cinigiano,current_name,,2021-12-31,ISTAT geometry 2021
053008,Civitella Paganico,current_name,,2021-12-31,ISTAT geometry 2021
053008,Paganico,historical_name,,1926-02-06,ISTAT SITUAS report 103
053008,Pari,historical_name,,1920-11-03,ISTAT SITUAS report 103
053009,Follonica,current_name,,2021-12-31,ISTAT geometry 2021
053010,Gavorrano,current_name,,2021-12-31,ISTAT geometry 2021
053011,Grosseto,current_name,,2021-12-31,ISTAT geometry 2021
053012,Isola del Giglio,current_name,,2021-12-31,ISTAT geometry 2021
053013,Magliano,historical_name,,1862-12-18,ISTAT SITUAS report 104
053013,Magliano in Toscana,current_name,,2021-12-31,ISTAT geometry 2021
053014,Manciano,current_name,,2021-12-31,ISTAT geometry 2021
053015,Massa Marittima,current_name,,2021-12-31,ISTAT geometry 2021
053016,Monte Argentario,current_name,,2021-12-31,ISTAT geometry 2021
053017,Montieri,current_name,,2021-12-31,ISTAT geometry 2021
053018,Orbetello,current_name,,2021-12-31,ISTAT geometry 2021
053019,Pitigliano,current_name,,2021-12-31,ISTAT geometry 2021
053020,Roccalbegna,current_name,,2021-12-31,ISTAT geometry 2021
053021,Roccastrada,current_name,,2021-12-31,ISTAT geometry 2021
053022,Santa Fiora,current_name,,2021-12-31,ISTAT geometry 2021
053023,Scansano,current_name,,2021-12-31,ISTAT geometry 2021
053024,Scarlino,current_name,,2021-12-31,ISTAT geometry 2021
053025,Seggiano,current_name,,2021-12-31,ISTAT geometry 2021
053026,Sorano,current_name,,2021-12-31,ISTAT geometry 2021
053027,Monterotondo Marittimo,current_name,,2021-12-31,ISTAT geometry 2021
053028,Semproniano,current_name,,2021-12-31,ISTAT geometry 2021
054001,Assisi,current_name,,2021-12-31,ISTAT geometry 2021
054002,Bastia,election_source_name,1948-04-18,1948-04-18,official election source label
054002,Bastia Umbra,current_name,,2021-12-31,ISTAT geometry 2021
054003,Bettona,current_name,,2021-12-31,ISTAT geometry 2021
054004,Bevagna,current_name,,2021-12-31,ISTAT geometry 2021
054005,Campello sul Clitunno,current_name,,2021-12-31,ISTAT geometry 2021
054006,Cannara,current_name,,2021-12-31,ISTAT geometry 2021
054007,Cascia,current_name,,2021-12-31,ISTAT geometry 2021
054008,Castel Ritaldi,current_name,,2021-12-31,ISTAT geometry 2021
054008,Castel Ritaldi e San Giovanni,historical_name,,1927-04-08,ISTAT SITUAS report 98
054009,Castiglione del Lago,current_name,,2021-12-31,ISTAT geometry 2021
054010,Cerreto,historical_name,,1863-06-14,ISTAT SITUAS report 104
054010,Cerreto di Spoleto,current_name,,2021-12-31,ISTAT geometry 2021
054011,Citerna,current_name,,2021-12-31,ISTAT geometry 2021
054012,Città della Pieve,current_name,,2021-12-31,ISTAT geometry 2021
054013,Città di Castello,current_name,,2021-12-31,ISTAT geometry 2021
054014,Collazzone,current_name,,2021-12-31,ISTAT geometry 2021
054015,Corciano,current_name,,2021-12-31,ISTAT geometry 2021
054016,Costacciaro,current_name,,2021-12-31,ISTAT geometry 2021
054017,Deruta,current_name,,2021-12-31,ISTAT geometry 2021
054018,Foligno,current_name,,2021-12-31,ISTAT geometry 2021
054019,Fossato,historical_name,,1863-06-14,ISTAT SITUAS report 104
054019,Fossato di Vico,current_name,,2021-12-31,ISTAT geometry 2021
054020,Fratta,historical_name,,1863-06-14,ISTAT SITUAS report 104
054020,Fratta Todina,current_name,,2021-12-31,ISTAT geometry 2021
054021,Giano dell'Umbria,current_name,,2021-12-31,ISTAT geometry 2021
054022,Gualdo Cattaneo,current_name,,2021-12-31,ISTAT geometry 2021
054023,Gualdo Tadino,current_name,,2021-12-31,ISTAT geometry 2021
054024,Gubbio,current_name,,2021-12-31,ISTAT geometry 2021
054025,Lisciano,historical_name,,1864-12-07,ISTAT SITUAS report 104
054025,Lisciano Niccone,current_name,,2021-12-31,ISTAT geometry 2021
054026,Magione,current_name,,2021-12-31,ISTAT geometry 2021
054027,Marsciano,current_name,,2021-12-31,ISTAT geometry 2021
054028,Massa,historical_name,,1863-06-14,ISTAT SITUAS report 104
054028,Massa Martana,current_name,,2021-12-31,ISTAT geometry 2021
054029,Monte Castello di Vibio,current_name,,2021-12-31,ISTAT geometry 2021
054029,Montecastello,historical_name,,1863-06-14,ISTAT SITUAS report 104
054030,Montefalco,current_name,,2021-12-31,ISTAT geometry 2021
054031,Monteleone,historical_name,,1863-06-14,ISTAT SITUAS report 104
054031,Monteleone di Spoleto,current_name,,2021-12-31,ISTAT geometry 2021
054032,Monte Santa Maria,historical_name,,1863-06-14,ISTAT SITUAS report 104
054032,Monte Santa Maria Tiberina,current_name,,2021-12-31,ISTAT geometry 2021
054033,Montone,current_name,,2021-12-31,ISTAT geometry 2021
054034,Nocera,historical_name,,1863-06-14,ISTAT SITUAS report 104
054034,Nocera Umbra,current_name,,2021-12-31,ISTAT geometry 2021
054035,Norcia,current_name,,2021-12-31,ISTAT geometry 2021
054036,Paciano,current_name,,2021-12-31,ISTAT geometry 2021
054037,Panicale,current_name,,2021-12-31,ISTAT geometry 2021
054038,Passignano,historical_name,,1918-06-29,ISTAT SITUAS report 104
054038,Passignano sul Trasimeno,current_name,,2021-12-31,ISTAT geometry 2021
054039,Perugia,current_name,,2021-12-31,ISTAT geometry 2021
054039,Perugia centro,election_source_name,1994-03-27,1994-03-27,official election source label
054040,Piegaro,current_name,,2021-12-31,ISTAT geometry 2021
054041,Pietralunga,current_name,,2021-12-31,ISTAT geometry 2021
054042,Poggiodomo,current_name,,2021-12-31,ISTAT geometry 2021
054043,Preci,current_name,,2021-12-31,ISTAT geometry 2021
054044,San Giustino,current_name,,2021-12-31,ISTAT geometry 2021
054045,Sant'Anatolia di Narco,current_name,,2021-12-31,ISTAT geometry 2021
054046,Scheggia,historical_name,,1879-01-01,ISTAT SITUAS report 104
054046,Scheggia e Pascelupo,current_name,,2021-12-31,ISTAT geometry 2021
054047,Scheggino,current_name,,2021-12-31,ISTAT geometry 2021
054048,Montesanto,historical_name,,1863-06-14,ISTAT SITUAS report 104
054048,Montesanto Viezi,historical_name,,1863-06-14,ISTAT SITUAS report 104
054048,Montesanto Vigi,historical_name,,1864-01-26,ISTAT SITUAS report 104
054048,Sellano,current_name,,2021-12-31,ISTAT geometry 2021
054049,Sigillo,current_name,,2021-12-31,ISTAT geometry 2021
054050,Spello,current_name,,2021-12-31,ISTAT geometry 2021
054051,Campello,historical_name,,1863-06-14,ISTAT SITUAS report 104
054051,Campello sul Clitunno,historical_name,,1863-06-14,ISTAT SITUAS report 104
054051,Castel Ritaldi,historical_name,,1875-09-01,ISTAT SITUAS report 104
054051,Castel Ritaldi e San Giovanni,historical_name,,1875-09-01,ISTAT SITUAS report 103
054051,Castel San Giovanni,historical_name,,1863-06-14,ISTAT SITUAS report 104
054051,Castel San Giovanni di Spoleto,historical_name,,1863-06-14,ISTAT SITUAS report 104
054051,Giano,historical_name,,1863-06-14,ISTAT SITUAS report 104
054051,Giano dell'Umbria,historical_name,,1863-06-14,ISTAT SITUAS report 104
054051,Meggiano,historical_name,,1880-10-01,ISTAT SITUAS report 104
054051,Piedipaterno sul Nera,historical_name,,1880-10-01,ISTAT SITUAS report 104
054051,Sant'Anatolia,historical_name,,1863-06-14,ISTAT SITUAS report 104
054051,Sant'Anatolia di Narco,historical_name,,1863-06-14,ISTAT SITUAS report 104
054051,Scheggino,historical_name,,1875-08-01,ISTAT SITUAS report 103
054051,Spoleto,current_name,,2021-12-31,ISTAT geometry 2021
054051,Vallo,historical_name,,1863-06-14,ISTAT SITUAS report 104
054051,Vallo di Nera,historical_name,,1863-06-14,ISTAT SITUAS report 104
054052,Todi,current_name,,2021-12-31,ISTAT geometry 2021
054053,Torgiano,current_name,,2021-12-31,ISTAT geometry 2021
054054,Trevi,current_name,,2021-12-31,ISTAT geometry 2021
054055,Tuoro,historical_name,,1875-07-01,ISTAT SITUAS report 103
054055,Tuoro sul Trasimeno,current_name,,2021-12-31,ISTAT geometry 2021
054056,Fratta,historical_name,,1863-06-14,ISTAT SITUAS report 104
054056,Umbertide,current_name,,2021-12-31,ISTAT geometry 2021
054057,Valfabbrica,current_name,,2021-12-31,ISTAT geometry 2021
054058,Vallo di Nera,current_name,,2021-12-31,ISTAT geometry 2021
054059,Valtopina,current_name,,2021-12-31,ISTAT geometry 2021
055001,Acquasparta,current_name,,2021-12-31,ISTAT geometry 2021
055002,Allerona,current_name,,2021-12-31,ISTAT geometry 2021
055003,Alviano,current_name,,2021-12-31,ISTAT geometry 2021
055004,Amelia,current_name,,2021-12-31,ISTAT geometry 2021
055004,Porchiano,historical_name,,1863-06-14,ISTAT SITUAS report 104
055004,Porchiano del Monte,historical_name,,1863-06-14,ISTAT SITUAS report 104
055005,Arrone,current_name,,2021-12-31,ISTAT geometry 2021
055006,Attigliano,current_name,,2021-12-31,ISTAT geometry 2021
055007,Baschi,current_name,,2021-12-31,ISTAT geometry 2021
055008,Calvi,historical_name,,1863-06-14,ISTAT SITUAS report 104
055008,Calvi dell'Umbria,current_name,,2021-12-31,ISTAT geometry 2021
055009,Castel Giorgio,current_name,,2021-12-31,ISTAT geometry 2021
055010,Castel Viscardo,current_name,,2021-12-31,ISTAT geometry 2021
055011,Fabro,current_name,,2021-12-31,ISTAT geometry 2021
055012,Ferentillo,current_name,,2021-12-31,ISTAT geometry 2021
055013,Ficulle,current_name,,2021-12-31,ISTAT geometry 2021
055014,Giove,current_name,,2021-12-31,ISTAT geometry 2021
055015,Guardea,current_name,,2021-12-31,ISTAT geometry 2021
055016,Lugnano,historical_name,,1863-06-14,ISTAT SITUAS report 104
055016,Lugnano in Teverina,current_name,,2021-12-31,ISTAT geometry 2021
055017,Montecastrilli,current_name,,2021-12-31,ISTAT geometry 2021
055018,Montecchio,current_name,,2021-12-31,ISTAT geometry 2021
055019,Montefranco,current_name,,2021-12-31,ISTAT geometry 2021
055020,Montegabbione,current_name,,2021-12-31,ISTAT geometry 2021
055021,Monteleone,historical_name,,1863-06-14,ISTAT SITUAS report 104
055021,Monteleone d'Orvieto,current_name,,2021-12-31,ISTAT geometry 2021
055022,Narni,current_name,,2021-12-31,ISTAT geometry 2021
055023,Orvieto,current_name,,2021-12-31,ISTAT geometry 2021
055024,Otricoli,current_name,,2021-12-31,ISTAT geometry 2021
055025,Parrano,current_name,,2021-12-31,ISTAT geometry 2021
055026,Penna,historical_name,,1863-06-14,ISTAT SITUAS report 104
055026,Penna in Teverina,current_name,,2021-12-31,ISTAT geometry 2021
055027,Polino,current_name,,2021-12-31,ISTAT geometry 2021
055028,Porano,current_name,,2021-12-31,ISTAT geometry 2021
055029,San Gemini,current_name,,2021-12-31,ISTAT geometry 2021
055030,San Venanzo,current_name,,2021-12-31,ISTAT geometry 2021
055030,San Vito,historical_name,,1863-06-14,ISTAT SITUAS report 104
055030,San Vito in Monte,historical_name,,1863-06-14,ISTAT SITUAS report 104
055031,Stroncone,current_name,,2021-12-31,ISTAT geometry 2021
055032,Terni,current_name,,2021-12-31,ISTAT geometry 2021
055033,Avigliano Umbro,current_name,,2021-12-31,ISTAT geometry 2021
056001,Acquapendente,current_name,,2021-12-31,ISTAT geometry 2021
056002,Arlena,historical_name,,1871-01-15,ISTAT SITUAS report 100
056002,Arlena di Castro,current_name,,2021-12-31,ISTAT geometry 2021
056003,Bagnorea,historical_name,,1871-01-15,ISTAT SITUAS report 100
056003,Bagnoregio,current_name,,2021-12-31,ISTAT geometry 2021
056003,Castel Cellesi,historical_name,,1871-01-15,ISTAT SITUAS report 100
056004,Barbarano,historical_name,,1871-01-15,ISTAT SITUAS report 100
056004,Barbarano Romano,current_name,,2021-12-31,ISTAT geometry 2021
056005,BASSANO DI SUTRI,historical_name,1927-01-12,1964-02-29,ANPR historical archive
056005,Bassano Romano,current_name,,2021-12-31,ISTAT geometry 2021
056005,Bassanodisutri,election_source_name,1948-04-18,1948-04-18,official election source label
056006,Bassano in Teverina,current_name,,2021-12-31,ISTAT geometry 2021
056007,BIEDA,historical_name,1945-09-15,1952-10-06,ANPR historical archive
056007,Blera,current_name,,2021-12-31,ISTAT geometry 2021
056007,San Giovanni di Bieda,historical_name,,1871-01-15,ISTAT SITUAS report 100
056008,Bolsena,current_name,,2021-12-31,ISTAT geometry 2021
056009,Bomarzo,current_name,,2021-12-31,ISTAT geometry 2021
056010,Calcata,current_name,,2021-12-31,ISTAT geometry 2021
056011,Canepina,current_name,,2021-12-31,ISTAT geometry 2021
056012,Canino,current_name,,2021-12-31,ISTAT geometry 2021
056013,Capodimonte,current_name,,2021-12-31,ISTAT geometry 2021
056014,Capranica,current_name,,2021-12-31,ISTAT geometry 2021
056015,Caprarola,current_name,,2021-12-31,ISTAT geometry 2021
056016,Carbognano,current_name,,2021-12-31,ISTAT geometry 2021
056017,Castel Sant'Elia,current_name,,2021-12-31,ISTAT geometry 2021
056018,Castiglione in Teverina,current_name,,2021-12-31,ISTAT geometry 2021
056019,Celleno,current_name,,2021-12-31,ISTAT geometry 2021
056020,Cellere,current_name,,2021-12-31,ISTAT geometry 2021
056021,Civita Castellana,current_name,,2021-12-31,ISTAT geometry 2021
056021,Civitacastellana,election_source_name,1953-06-07,1953-06-07,official election source label
056022,Civitella d'Agliano,current_name,,2021-12-31,ISTAT geometry 2021
056022,San Michele,historical_name,,1871-01-15,ISTAT SITUAS report 100
056022,San Michele in Teverina,historical_name,,1873-03-27,ISTAT SITUAS report 104
056023,Corchiano,current_name,,2021-12-31,ISTAT geometry 2021
056024,Fabbrica,historical_name,,1871-01-15,ISTAT SITUAS report 100
056024,Fabrica di Roma,current_name,,2021-12-31,ISTAT geometry 2021
056025,Faleria,current_name,,2021-12-31,ISTAT geometry 2021
056025,Stabia,historical_name,,1871-01-15,ISTAT SITUAS report 100
056026,Farnese,current_name,,2021-12-31,ISTAT geometry 2021
056027,Gallese,current_name,,2021-12-31,ISTAT geometry 2021
056028,Gradoli,current_name,,2021-12-31,ISTAT geometry 2021
056029,Graffignano,current_name,,2021-12-31,ISTAT geometry 2021
056030,Grotte di Castro,current_name,,2021-12-31,ISTAT geometry 2021
056031,Ischia,historical_name,,1871-01-15,ISTAT SITUAS report 100
056031,Ischia di Castro,current_name,,2021-12-31,ISTAT geometry 2021
056032,Latera,current_name,,2021-12-31,ISTAT geometry 2021
056033,Lubriano,current_name,,2021-12-31,ISTAT geometry 2021
056034,Marta,current_name,,2021-12-31,ISTAT geometry 2021
056035,Montalto,historical_name,,1871-01-15,ISTAT SITUAS report 100
056035,Montalto di Castro,current_name,,2021-12-31,ISTAT geometry 2021
056036,Montefiascone,current_name,,2021-12-31,ISTAT geometry 2021
056037,Monte Romano,current_name,,2021-12-31,ISTAT geometry 2021
056038,Monterosi,current_name,,2021-12-31,ISTAT geometry 2021
056039,Nepi,current_name,,2021-12-31,ISTAT geometry 2021
056040,Onano,current_name,,2021-12-31,ISTAT geometry 2021
056041,Oriolo,historical_name,,1871-01-15,ISTAT SITUAS report 100
056041,Oriolo Romano,current_name,,2021-12-31,ISTAT geometry 2021
056042,Bassano in Teverina,historical_name,,1871-01-15,ISTAT SITUAS report 100
056042,Orte,current_name,,2021-12-31,ISTAT geometry 2021
056043,Piansano,current_name,,2021-12-31,ISTAT geometry 2021
056044,Proceno,current_name,,2021-12-31,ISTAT geometry 2021
056045,Ronciglione,current_name,,2021-12-31,ISTAT geometry 2021
056046,SAN GIOVANNI DI BIEDA,historical_name,1945-09-15,1961-11-08,ANPR historical archive
056046,Villa San Giovanni in Tuscia,current_name,,2021-12-31,ISTAT geometry 2021
056047,San Lorenzo Nuovo,current_name,,2021-12-31,ISTAT geometry 2021
056048,Soriano,historical_name,,1871-01-15,ISTAT SITUAS report 100
056048,Soriano nel Cimino,current_name,,2021-12-31,ISTAT geometry 2021
056049,Sutri,current_name,,2021-12-31,ISTAT geometry 2021
056050,Corneto,historical_name,,1871-01-15,ISTAT SITUAS report 100
056050,Corneto Tarquinia,historical_name,,1872-10-18,ISTAT SITUAS report 104
056050,Tarquinia,current_name,,2021-12-31,ISTAT geometry 2021
056051,Tessennano,current_name,,2021-12-31,ISTAT geometry 2021
056052,Toscanella,historical_name,,1871-01-15,ISTAT SITUAS report 100
056052,Tuscania,current_name,,2021-12-31,ISTAT geometry 2021
056053,Valentano,current_name,,2021-12-31,ISTAT geometry 2021
056054,Vallerano,current_name,,2021-12-31,ISTAT geometry 2021
056055,BASSANELLO,historical_name,1927-01-12,1949-09-07,ANPR historical archive
056055,Vasanello,current_name,,2021-12-31,ISTAT geometry 2021
056056,Vejano,current_name,,2021-12-31,ISTAT geometry 2021
056056,Viano,historical_name,,1871-01-15,ISTAT SITUAS report 100
056057,Vetralla,current_name,,2021-12-31,ISTAT geometry 2021
056058,Vignanello,current_name,,2021-12-31,ISTAT geometry 2021
056059,Bagnaja,historical_name,,1871-01-15,ISTAT SITUAS report 100
056059,San Martino,historical_name,,1871-01-15,ISTAT SITUAS report 100
056059,San Martino al Cimino,historical_name,,1872-10-23,ISTAT SITUAS report 104
056059,Viterbo,current_name,,2021-12-31,ISTAT geometry 2021
056060,Vitorchiano,current_name,,2021-12-31,ISTAT geometry 2021
057001,Accumoli,current_name,,2021-12-31,ISTAT geometry 2021
057002,Amatrice,current_name,,2021-12-31,ISTAT geometry 2021
057003,Antrodoco,current_name,,2021-12-31,ISTAT geometry 2021
057003,Borghetto,historical_name,,1863-06-21,ISTAT SITUAS report 104
057003,Borgo Velino,historical_name,,1863-06-21,ISTAT SITUAS report 104
057003,Micigliano,historical_name,,1927-01-12,ISTAT SITUAS report 105
057004,Ascrea,current_name,,2021-12-31,ISTAT geometry 2021
057005,Belmonte,historical_name,,1863-06-14,ISTAT SITUAS report 104
057005,Belmonte in Sabina,current_name,,2021-12-31,ISTAT geometry 2021
057006,Borbona,current_name,,2021-12-31,ISTAT geometry 2021
057007,BORGOCOLLEFEGATO,historical_name,1927-01-12,1960-09-28,ANPR historical archive
057007,Borgorose,current_name,,2021-12-31,ISTAT geometry 2021
057008,Borgo Velino,current_name,,2021-12-31,ISTAT geometry 2021
057009,Cantalice,current_name,,2021-12-31,ISTAT geometry 2021
057010,Cantalupo in Sabina,current_name,,2021-12-31,ISTAT geometry 2021
057011,Casaprota,current_name,,2021-12-31,ISTAT geometry 2021
057012,ASPRA SABINA,historical_name,1939-12-12,1947-08-16,ANPR historical archive
057012,Cantalupo,historical_name,,1863-06-14,ISTAT SITUAS report 104
057012,Cantalupo in Sabina,historical_name,,1863-06-14,ISTAT SITUAS report 104
057012,Casperia,current_name,,2021-12-31,ISTAT geometry 2021
057012,Roccantica,historical_name,,1923-04-10,ISTAT SITUAS report 105
057013,Castel di Tora,current_name,,2021-12-31,ISTAT geometry 2021
057013,Castelvecchio,historical_name,,1864-03-11,ISTAT SITUAS report 104
057014,Castelnuovo,historical_name,,1863-06-14,ISTAT SITUAS report 104
057014,Castelnuovo di Farfa,current_name,,2021-12-31,ISTAT geometry 2021
057015,Castel Sant'Angelo,current_name,,2021-12-31,ISTAT geometry 2021
057016,Cittaducale,current_name,,2021-12-31,ISTAT geometry 2021
057017,Cittareale,current_name,,2021-12-31,ISTAT geometry 2021
057018,Collalto,historical_name,,1893-06-08,ISTAT SITUAS report 104
057018,Collalto Sabino,current_name,,2021-12-31,ISTAT geometry 2021
057019,Colle di Tora,current_name,,2021-12-31,ISTAT geometry 2021
057020,Collegiove,current_name,,2021-12-31,ISTAT geometry 2021
057021,Collevecchio,current_name,,2021-12-31,ISTAT geometry 2021
057022,COLLI DI LABRO,historical_name,1957-04-07,1962-09-08,ANPR historical archive
057022,Colli sul Velino,current_name,,2021-12-31,ISTAT geometry 2021
057023,Concerviano,current_name,,2021-12-31,ISTAT geometry 2021
057024,Configni,current_name,,2021-12-31,ISTAT geometry 2021
057025,Contigliano,current_name,,2021-12-31,ISTAT geometry 2021
057026,Cottanello,current_name,,2021-12-31,ISTAT geometry 2021
057026,Montasola,historical_name,,1923-04-10,ISTAT SITUAS report 105
057026,Vacone,historical_name,,1923-04-10,ISTAT SITUAS report 105
057027,Fara,historical_name,,1863-06-14,ISTAT SITUAS report 104
057027,Fara in Sabina,current_name,,2021-12-31,ISTAT geometry 2021
057028,Fiamignano,current_name,,2021-12-31,ISTAT geometry 2021
057029,Forano,current_name,,2021-12-31,ISTAT geometry 2021
057030,Frasso,historical_name,,1863-06-14,ISTAT SITUAS report 104
057030,Frasso Sabino,current_name,,2021-12-31,ISTAT geometry 2021
057031,Greccio,current_name,,2021-12-31,ISTAT geometry 2021
057032,Labro,current_name,,2021-12-31,ISTAT geometry 2021
057033,Leonessa,current_name,,2021-12-31,ISTAT geometry 2021
057034,Longone di San Salvatore Maggiore,historical_name,,1863-06-14,ISTAT SITUAS report 104
057034,Longone Sabino,current_name,,2021-12-31,ISTAT geometry 2021
057035,Magliano,historical_name,,1863-06-14,ISTAT SITUAS report 104
057035,Magliano Sabina,current_name,,2021-12-31,ISTAT geometry 2021
057036,Marcetelli,current_name,,2021-12-31,ISTAT geometry 2021
057037,Micigliano,current_name,,2021-12-31,ISTAT geometry 2021
057038,Mompeo,current_name,,2021-12-31,ISTAT geometry 2021
057039,Montasola,current_name,,2021-12-31,ISTAT geometry 2021
057040,Montebuono,current_name,,2021-12-31,ISTAT geometry 2021
057041,Monteleone,historical_name,,1863-06-14,ISTAT SITUAS report 104
057041,Monteleone Sabino,current_name,,2021-12-31,ISTAT geometry 2021
057042,Montenero Sabino,current_name,,2021-12-31,ISTAT geometry 2021
057043,Monte San Giovanni,historical_name,,1882-06-01,ISTAT SITUAS report 104
057043,Monte San Giovanni in Sabina,current_name,,2021-12-31,ISTAT geometry 2021
057044,Montopoli,historical_name,,1863-06-14,ISTAT SITUAS report 104
057044,Montopoli di Sabina,current_name,,2021-12-31,ISTAT geometry 2021
057045,Morro,historical_name,,1863-06-14,ISTAT SITUAS report 104
057045,Morro Reatino,current_name,,2021-12-31,ISTAT geometry 2021
057046,Nespolo,current_name,,2021-12-31,ISTAT geometry 2021
057047,Canemorto,historical_name,,1863-06-14,ISTAT SITUAS report 104
057047,Orvinio,current_name,,2021-12-31,ISTAT geometry 2021
057048,Paganico Sabino,current_name,,2021-12-31,ISTAT geometry 2021
057049,Pescorocchiano,current_name,,2021-12-31,ISTAT geometry 2021
057050,Petrella,historical_name,,1863-06-21,ISTAT SITUAS report 104
057050,Petrella Salto,current_name,,2021-12-31,ISTAT geometry 2021
057051,Poggio Bustone,current_name,,2021-12-31,ISTAT geometry 2021
057052,Poggio Catino,current_name,,2021-12-31,ISTAT geometry 2021
057053,Poggio Mirteto,current_name,,2021-12-31,ISTAT geometry 2021
057054,Poggio Moiano,current_name,,2021-12-31,ISTAT geometry 2021
057055,Poggio Nativo,current_name,,2021-12-31,ISTAT geometry 2021
057056,Poggio San Lorenzo,current_name,,2021-12-31,ISTAT geometry 2021
057057,Posta,current_name,,2021-12-31,ISTAT geometry 2021
057058,Pozzaglia Sabina,current_name,,2021-12-31,ISTAT geometry 2021
057058,POZZAGLIA SABINO,historical_name,1927-01-12,1990-12-14,ANPR historical archive
057059,Cantalice,historical_name,,1927-01-12,ISTAT SITUAS report 105
057059,Castel San Benedetto Reatino,historical_name,,1863-06-14,ISTAT SITUAS report 104
057059,Cerchiara,historical_name,,1863-06-14,ISTAT SITUAS report 104
057059,Cerchiara in Sabina,historical_name,,1863-06-14,ISTAT SITUAS report 104
057059,Contigliano,historical_name,,1880-06-01,ISTAT SITUAS report 103
057059,Lugnano,historical_name,,1863-06-21,ISTAT SITUAS report 104
057059,Lugnano di Villa Troiana,historical_name,,1863-06-21,ISTAT SITUAS report 104
057059,Poggio Fidoni,historical_name,,1875-11-01,ISTAT SITUAS report 103
057059,Rieti,current_name,,2021-12-31,ISTAT geometry 2021
057059,San Benedetto,historical_name,,1863-06-14,ISTAT SITUAS report 104
057059,Sant'Elia,historical_name,,1863-06-14,ISTAT SITUAS report 104
057059,Sant'Elia Reatino,historical_name,,1863-06-14,ISTAT SITUAS report 104
057059,Vazia,historical_name,,1927-10-19,ISTAT SITUAS report 104
057060,Rivodutri,current_name,,2021-12-31,ISTAT geometry 2021
057061,Roccantica,current_name,,2021-12-31,ISTAT geometry 2021
057062,Rocca Sinibalda,current_name,,2021-12-31,ISTAT geometry 2021
057063,Salisano,current_name,,2021-12-31,ISTAT geometry 2021
057064,Scandriglia,current_name,,2021-12-31,ISTAT geometry 2021
057065,Selci,current_name,,2021-12-31,ISTAT geometry 2021
057066,Stimigliano,current_name,,2021-12-31,ISTAT geometry 2021
057067,Tarano,current_name,,2021-12-31,ISTAT geometry 2021
057068,Monte Santa Maria,historical_name,,1863-06-14,ISTAT SITUAS report 104
057068,Monte Santa Maria in Sabina,historical_name,,1863-06-14,ISTAT SITUAS report 104
057068,Toffia,current_name,,2021-12-31,ISTAT geometry 2021
057069,Oliveto,historical_name,,1863-06-14,ISTAT SITUAS report 104
057069,Oliveto in Sabina,historical_name,,1863-06-14,ISTAT SITUAS report 104
057069,Torricella,historical_name,,1863-06-14,ISTAT SITUAS report 104
057069,Torricella in Sabina,current_name,,2021-12-31,ISTAT geometry 2021
057070,Torri,historical_name,,1863-06-14,ISTAT SITUAS report 104
057070,Torri in Sabina,current_name,,2021-12-31,ISTAT geometry 2021
057071,PETESCIA,historical_name,1927-01-12,1950-06-03,ANPR historical archive
057071,Turania,current_name,,2021-12-31,ISTAT geometry 2021
057072,Vacone,current_name,,2021-12-31,ISTAT geometry 2021
057073,Varco,historical_name,,1873-09-08,ISTAT SITUAS report 104
057073,Varco Sabino,current_name,,2021-12-31,ISTAT geometry 2021
058001,Affile,current_name,,2021-12-31,ISTAT geometry 2021
058002,Agosta,current_name,,2021-12-31,ISTAT geometry 2021
058003,Albano,historical_name,,1871-01-15,ISTAT SITUAS report 100
058003,Albano Laziale,current_name,,2021-12-31,ISTAT geometry 2021
058004,Allumiere,current_name,,2021-12-31,ISTAT geometry 2021
058005,Anguillara,historical_name,,1871-01-15,ISTAT SITUAS report 100
058005,Anguillara Sabazia,current_name,,2021-12-31,ISTAT geometry 2021
058006,Anticoli Corrado,current_name,,2021-12-31,ISTAT geometry 2021
058007,Anzio,current_name,,2021-12-31,ISTAT geometry 2021
058008,Arcinazzo Romano,current_name,,2021-12-31,ISTAT geometry 2021
058008,Ponza,historical_name,,1871-01-15,ISTAT SITUAS report 100
058008,Ponza d'Arcinazzo,historical_name,,1872-11-21,ISTAT SITUAS report 104
058009,Ariccia,current_name,,2021-12-31,ISTAT geometry 2021
058010,Arsoli,current_name,,2021-12-31,ISTAT geometry 2021
058011,Artena,current_name,,2021-12-31,ISTAT geometry 2021
058011,Montefortino,historical_name,,1871-01-15,ISTAT SITUAS report 100
058012,Bellegra,current_name,,2021-12-31,ISTAT geometry 2021
058012,Civitella,historical_name,,1871-01-15,ISTAT SITUAS report 100
058012,Civitella San Sisto,historical_name,,1872-10-28,ISTAT SITUAS report 104
058012,Rocca Santo Stefano,historical_name,,1871-01-15,ISTAT SITUAS report 100
058013,Bracciano,current_name,,2021-12-31,ISTAT geometry 2021
058014,Camerata,historical_name,,1871-01-15,ISTAT SITUAS report 100
058014,Camerata Nuova,current_name,,2021-12-31,ISTAT geometry 2021
058015,Campagnano,historical_name,,1871-01-15,ISTAT SITUAS report 100
058015,Campagnano di Roma,current_name,,2021-12-31,ISTAT geometry 2021
058016,Canale e Monte Virginio,historical_name,,1871-01-15,ISTAT SITUAS report 100
058016,Canale Monterano,current_name,,2021-12-31,ISTAT geometry 2021
058017,Canterano,current_name,,2021-12-31,ISTAT geometry 2021
058018,Capena,current_name,,2021-12-31,ISTAT geometry 2021
058018,Leprignano,historical_name,,1871-01-15,ISTAT SITUAS report 100
058019,Capranica,historical_name,,1871-01-15,ISTAT SITUAS report 100
058019,Capranica Prenestina,current_name,,2021-12-31,ISTAT geometry 2021
058020,Carpineto,historical_name,,1871-01-15,ISTAT SITUAS report 100
058020,Carpineto Romano,current_name,,2021-12-31,ISTAT geometry 2021
058021,Casape,current_name,,2021-12-31,ISTAT geometry 2021
058022,Castel Gandolfo,current_name,,2021-12-31,ISTAT geometry 2021
058023,Castel Madama,current_name,,2021-12-31,ISTAT geometry 2021
058024,Castelnuovo di Porto,current_name,,2021-12-31,ISTAT geometry 2021
058025,Castel San Pietro,historical_name,,1871-01-15,ISTAT SITUAS report 100
058025,Castel San Pietro Romano,current_name,,2021-12-31,ISTAT geometry 2021
058026,Cave,current_name,,2021-12-31,ISTAT geometry 2021
058026,Rocca di Cave,historical_name,,1871-01-15,ISTAT SITUAS report 100
058027,Cerneto,historical_name,,1872-12-17,ISTAT SITUAS report 104
058027,Cerreto,historical_name,,1871-01-15,ISTAT SITUAS report 100
058027,Cerreto Laziale,current_name,,2021-12-31,ISTAT geometry 2021
058027,Monterufo,historical_name,,1886-01-01,ISTAT SITUAS report 104
058028,Cervara,historical_name,,1871-01-15,ISTAT SITUAS report 100
058028,Cervara di Roma,current_name,,2021-12-31,ISTAT geometry 2021
058029,Cerveteri,current_name,,2021-12-31,ISTAT geometry 2021
058030,Ciciliano,current_name,,2021-12-31,ISTAT geometry 2021
058031,Cineto Romano,current_name,,2021-12-31,ISTAT geometry 2021
058031,Scarpa,historical_name,,1871-01-15,ISTAT SITUAS report 100
058032,Civitavecchia,current_name,,2021-12-31,ISTAT geometry 2021
058033,Civitella San Paolo,current_name,,2021-12-31,ISTAT geometry 2021
058034,Colleferro,current_name,,2021-12-31,ISTAT geometry 2021
058035,Colonna,current_name,,2021-12-31,ISTAT geometry 2021
058036,Fiano,historical_name,,1871-01-15,ISTAT SITUAS report 100
058036,Fiano Romano,current_name,,2021-12-31,ISTAT geometry 2021
058037,Filacciano,current_name,,2021-12-31,ISTAT geometry 2021
058038,Formello,current_name,,2021-12-31,ISTAT geometry 2021
058039,Frascati,current_name,,2021-12-31,ISTAT geometry 2021
058040,Gallicano,historical_name,,1871-01-15,ISTAT SITUAS report 100
058040,Gallicano nel Lazio,current_name,,2021-12-31,ISTAT geometry 2021
058041,Gavignano,current_name,,2021-12-31,ISTAT geometry 2021
058042,Genazzano,current_name,,2021-12-31,ISTAT geometry 2021
058043,Genzano,historical_name,,1871-01-15,ISTAT SITUAS report 100
058043,Genzano di Roma,current_name,,2021-12-31,ISTAT geometry 2021
058044,Gerano,current_name,,2021-12-31,ISTAT geometry 2021
058045,Gorga,current_name,,2021-12-31,ISTAT geometry 2021
058046,Grottaferrata,current_name,,2021-12-31,ISTAT geometry 2021
058047,Guidonia Montecelio,current_name,,2021-12-31,ISTAT geometry 2021
058048,Jenne,current_name,,2021-12-31,ISTAT geometry 2021
058049,Labico,current_name,,2021-12-31,ISTAT geometry 2021
058049,Lugnano,historical_name,,1871-01-15,ISTAT SITUAS report 100
058049,Lugnano Labicano,historical_name,,1873-02-08,ISTAT SITUAS report 104
058050,Civita Lavinia,historical_name,,1871-01-15,ISTAT SITUAS report 100
058050,Lanuvio,current_name,,2021-12-31,ISTAT geometry 2021
058051,Licenza,current_name,,2021-12-31,ISTAT geometry 2021
058052,Magliano Romano,current_name,,2021-12-31,ISTAT geometry 2021
058053,Cantalupo Bardella,historical_name,,1871-01-15,ISTAT SITUAS report 100
058053,Mandela,current_name,,2021-12-31,ISTAT geometry 2021
058054,Manziana,current_name,,2021-12-31,ISTAT geometry 2021
058055,Marano,historical_name,,1871-01-15,ISTAT SITUAS report 100
058055,Marano Equo,current_name,,2021-12-31,ISTAT geometry 2021
058056,Marcellina,current_name,,2021-12-31,ISTAT geometry 2021
058057,BOVILLE,historical_name,1993-11-05,1995-09-20,ANPR historical archive
058057,Marino,current_name,,2021-12-31,ISTAT geometry 2021
058058,Mazzano,historical_name,,1871-01-15,ISTAT SITUAS report 100
058058,Mazzano Romano,current_name,,2021-12-31,ISTAT geometry 2021
058059,Mentana,current_name,,2021-12-31,ISTAT geometry 2021
058060,Monte Compatri,current_name,,2021-12-31,ISTAT geometry 2021
058060,Montecomatri,election_source_name,1999-06-13,1999-06-13,official election source label
058060,Montecompatri,election_source_name,1946-06-02,1946-06-02,official election source label
058061,Monteflavio,current_name,,2021-12-31,ISTAT geometry 2021
058062,Montelanico,current_name,,2021-12-31,ISTAT geometry 2021
058063,Montelibretti,current_name,,2021-12-31,ISTAT geometry 2021
058064,Monte Orzio Catone,election_source_name,1999-06-13,1999-06-13,official election source label
058064,Monte Porzio,historical_name,,1871-01-15,ISTAT SITUAS report 100
058064,Monte Porzio Catone,current_name,,2021-12-31,ISTAT geometry 2021
058065,Monterotondo,current_name,,2021-12-31,ISTAT geometry 2021
058066,Montorio Romano,current_name,,2021-12-31,ISTAT geometry 2021
058067,Moricone,current_name,,2021-12-31,ISTAT geometry 2021
058068,Morlupo,current_name,,2021-12-31,ISTAT geometry 2021
058069,Nazzano,current_name,,2021-12-31,ISTAT geometry 2021
058070,Nemi,current_name,,2021-12-31,ISTAT geometry 2021
058071,Nerola,current_name,,2021-12-31,ISTAT geometry 2021
058072,Nettuno,current_name,,2021-12-31,ISTAT geometry 2021
058073,Olevano,historical_name,,1871-01-15,ISTAT SITUAS report 100
058073,Olevano Romano,current_name,,2021-12-31,ISTAT geometry 2021
058074,Palestrina,current_name,,2021-12-31,ISTAT geometry 2021
058075,Palombara,historical_name,,1871-01-15,ISTAT SITUAS report 100
058075,Palombara Sabina,current_name,,2021-12-31,ISTAT geometry 2021
058076,Percile,current_name,,2021-12-31,ISTAT geometry 2021
058077,Pisciano,historical_name,,1871-01-15,ISTAT SITUAS report 100
058077,Pisoniano,current_name,,2021-12-31,ISTAT geometry 2021
058078,Poli,current_name,,2021-12-31,ISTAT geometry 2021
058079,Pomezia,current_name,,2021-12-31,ISTAT geometry 2021
058080,Ponzano,historical_name,,1871-01-15,ISTAT SITUAS report 100
058080,Ponzano Romano,current_name,,2021-12-31,ISTAT geometry 2021
058081,Riano,current_name,,2021-12-31,ISTAT geometry 2021
058082,Rignano,historical_name,,1871-01-15,ISTAT SITUAS report 100
058082,Rignano Flaminio,current_name,,2021-12-31,ISTAT geometry 2021
058083,Riofreddo,current_name,,2021-12-31,ISTAT geometry 2021
058084,Rocca Canterano,current_name,,2021-12-31,ISTAT geometry 2021
058085,Rocca di Cave,current_name,,2021-12-31,ISTAT geometry 2021
058086,Rocca di Papa,current_name,,2021-12-31,ISTAT geometry 2021
058087,Roccagiovine,current_name,,2021-12-31,ISTAT geometry 2021
058088,Rocca Priora,current_name,,2021-12-31,ISTAT geometry 2021
058088,Rocca Riora,election_source_name,1999-06-13,1999-06-13,official election source label
058089,Rocca Santo Stefano,current_name,,2021-12-31,ISTAT geometry 2021
058090,Roiate,current_name,,2021-12-31,ISTAT geometry 2021
058091,Roma,current_name,,2021-12-31,ISTAT geometry 2021
058091,Roma centro,election_source_name,1994-03-27,1994-03-27,official election source label
058092,Roviano,current_name,,2021-12-31,ISTAT geometry 2021
058093,Sacrofano,current_name,,2021-12-31,ISTAT geometry 2021
058093,Scrofano,historical_name,,1871-01-15,ISTAT SITUAS report 100
058094,Sambuci,current_name,,2021-12-31,ISTAT geometry 2021
058095,San Gregorio,historical_name,,1871-01-15,ISTAT SITUAS report 100
058095,San Gregorio da Sassola,current_name,,2021-12-31,ISTAT geometry 2021
058096,San Polo dei Cavalieri,current_name,,2021-12-31,ISTAT geometry 2021
058097,Santa Marinella,current_name,,2021-12-31,ISTAT geometry 2021
058098,Sant'Angelo in Capoccia,historical_name,,1871-01-15,ISTAT SITUAS report 100
058098,Sant'Angelo Romano,current_name,,2021-12-31,ISTAT geometry 2021
058099,Sant'Oreste,current_name,,2021-12-31,ISTAT geometry 2021
058100,San Vito,historical_name,,1871-01-15,ISTAT SITUAS report 100
058100,San Vito Romano,current_name,,2021-12-31,ISTAT geometry 2021
058101,Saracinesco,current_name,,2021-12-31,ISTAT geometry 2021
058102,Segni,current_name,,2021-12-31,ISTAT geometry 2021
058103,Subiaco,current_name,,2021-12-31,ISTAT geometry 2021
058104,Tivoli,current_name,,2021-12-31,ISTAT geometry 2021
058105,Tolfa,current_name,,2021-12-31,ISTAT geometry 2021
058106,Torrita,historical_name,,1871-01-15,ISTAT SITUAS report 100
058106,Torrita Tiberina,current_name,,2021-12-31,ISTAT geometry 2021
058107,Trevignano,historical_name,,1871-01-15,ISTAT SITUAS report 100
058107,Trevignano Romano,current_name,,2021-12-31,ISTAT geometry 2021
058108,Vallepietra,current_name,,2021-12-31,ISTAT geometry 2021
058109,Vallinfreda,current_name,,2021-12-31,ISTAT geometry 2021
058110,Valmontone,current_name,,2021-12-31,ISTAT geometry 2021
058111,Velletri,current_name,,2021-12-31,ISTAT geometry 2021
058112,Vicovaro,current_name,,2021-12-31,ISTAT geometry 2021
058113,Vivaro,historical_name,,1871-01-15,ISTAT SITUAS report 100
058113,Vivaro Romano,current_name,,2021-12-31,ISTAT geometry 2021
058114,Zagarolo,current_name,,2021-12-31,ISTAT geometry 2021
058115,Lariano,current_name,,2021-12-31,ISTAT geometry 2021
058116,Ladispoli,current_name,,2021-12-31,ISTAT geometry 2021
058117,Ardea,current_name,,2021-12-31,ISTAT geometry 2021
058118,Ciampino,current_name,,2021-12-31,ISTAT geometry 2021
058119,San Cesareo,current_name,,2021-12-31,ISTAT geometry 2021
058120,Fiumicino,current_name,,2021-12-31,ISTAT geometry 2021
058122,Fonte Nuova,current_name,,2021-12-31,ISTAT geometry 2021
059001,Aprilia,current_name,,2021-12-31,ISTAT geometry 2021
059002,Bassiano,current_name,,2021-12-31,ISTAT geometry 2021
059003,Campodimele,current_name,,2021-12-31,ISTAT geometry 2021
059004,Castelforte,current_name,,2021-12-31,ISTAT geometry 2021
059004,Santi Cosma e Damiano,historical_name,,1927-01-12,ISTAT SITUAS report 105
059005,Cisterna,historical_name,,1871-01-15,ISTAT SITUAS report 100
059005,Cisterna di Latina,current_name,,2021-12-31,ISTAT geometry 2021
059005,CISTERNA DI LITTORIA,historical_name,1945-04-09,1946-10-09,ANPR historical archive
059005,Cisterna di Roma,historical_name,,1873-02-03,ISTAT SITUAS report 104
059006,Cori,current_name,,2021-12-31,ISTAT geometry 2021
059007,Fondi,current_name,,2021-12-31,ISTAT geometry 2021
059008,Castellonorato,historical_name,,1927-01-12,ISTAT SITUAS report 105
059008,Formia,current_name,,2021-12-31,ISTAT geometry 2021
059008,Maranola,historical_name,,1927-01-12,ISTAT SITUAS report 105
059008,Mola e Castellone,historical_name,,1862-04-17,ISTAT SITUAS report 104
059009,Elena,historical_name,,1897-04-01,ISTAT SITUAS report 100
059009,Gaeta,current_name,,2021-12-31,ISTAT geometry 2021
059010,Itri,current_name,,2021-12-31,ISTAT geometry 2021
059011,Latina,current_name,,2021-12-31,ISTAT geometry 2021
059011,Littoria,historical_name,,1932-11-06,ISTAT SITUAS report 103
059012,Lenola,current_name,,2021-12-31,ISTAT geometry 2021
059013,Maenza,current_name,,2021-12-31,ISTAT geometry 2021
059014,Minturno,current_name,,2021-12-31,ISTAT geometry 2021
059014,Traetto,historical_name,,1879-09-10,ISTAT SITUAS report 104
059015,Monte San Biagio,current_name,,2021-12-31,ISTAT geometry 2021
059015,Monte San Vito,historical_name,,1862-10-15,ISTAT SITUAS report 104
059015,Monticello,historical_name,,1862-10-15,ISTAT SITUAS report 104
059016,Norma,current_name,,2021-12-31,ISTAT geometry 2021
059017,Pontinia,current_name,,2021-12-31,ISTAT geometry 2021
059018,Ponza,current_name,,2021-12-31,ISTAT geometry 2021
059019,Maenza,historical_name,,1871-01-15,ISTAT SITUAS report 100
059019,Piperno,historical_name,,1871-01-15,ISTAT SITUAS report 100
059019,Priverno,current_name,,2021-12-31,ISTAT geometry 2021
059019,Roccasecca,historical_name,,1871-01-15,ISTAT SITUAS report 100
059019,Roccasecca dei Volsci,historical_name,,1872-11-18,ISTAT SITUAS report 104
059020,Prossedi,current_name,,2021-12-31,ISTAT geometry 2021
059021,Roccagorga,current_name,,2021-12-31,ISTAT geometry 2021
059022,Rocca Massima,current_name,,2021-12-31,ISTAT geometry 2021
059023,Roccasecca dei Volsci,current_name,,2021-12-31,ISTAT geometry 2021
059024,Sabaudia,current_name,,2021-12-31,ISTAT geometry 2021
059025,San Felice,historical_name,,1871-01-15,ISTAT SITUAS report 100
059025,San Felice Circeo,current_name,,2021-12-31,ISTAT geometry 2021
059026,Santi Cosma e Damiano,current_name,,2021-12-31,ISTAT geometry 2021
059027,Sermoneta,current_name,,2021-12-31,ISTAT geometry 2021
059028,Sezze,current_name,,2021-12-31,ISTAT geometry 2021
059029,Sonnino,current_name,,2021-12-31,ISTAT geometry 2021
059030,Sperlonga,current_name,,2021-12-31,ISTAT geometry 2021
059031,Spigno,historical_name,,1863-04-10,ISTAT SITUAS report 104
059031,Spigno Saturnia,current_name,,2021-12-31,ISTAT geometry 2021
059032,Terracina,current_name,,2021-12-31,ISTAT geometry 2021
059033,Ventotene,current_name,,2021-12-31,ISTAT geometry 2021
060001,Acquafondata,current_name,,2021-12-31,ISTAT geometry 2021
060002,Acuto,current_name,,2021-12-31,ISTAT geometry 2021
060003,Alatri,current_name,,2021-12-31,ISTAT geometry 2021
060004,Alvito,current_name,,2021-12-31,ISTAT geometry 2021
060005,Amaseno,current_name,,2021-12-31,ISTAT geometry 2021
060005,San Lorenzo,historical_name,,1871-01-15,ISTAT SITUAS report 100
060006,Anagni,current_name,,2021-12-31,ISTAT geometry 2021
060007,Aquino,current_name,,2021-12-31,ISTAT geometry 2021
060008,Arce,current_name,,2021-12-31,ISTAT geometry 2021
060009,Arnara,current_name,,2021-12-31,ISTAT geometry 2021
060010,Arpino,current_name,,2021-12-31,ISTAT geometry 2021
060011,Atina,current_name,,2021-12-31,ISTAT geometry 2021
060012,Ausonia,current_name,,2021-12-31,ISTAT geometry 2021
060012,Fratte,historical_name,,1862-11-02,ISTAT SITUAS report 104
060013,Belmonte,historical_name,,1863-02-01,ISTAT SITUAS report 104
060013,Belmonte Castello,current_name,,2021-12-31,ISTAT geometry 2021
060014,Bauco,historical_name,,1871-01-15,ISTAT SITUAS report 100
060014,Boville Ernica,current_name,,2021-12-31,ISTAT geometry 2021
060015,BROCCO,historical_name,1927-01-12,1954-08-13,ANPR historical archive
060015,Broccostella,current_name,,2021-12-31,ISTAT geometry 2021
060016,Campoli,historical_name,,1863-09-20,ISTAT SITUAS report 104
060016,Campoli Appennino,current_name,,2021-12-31,ISTAT geometry 2021
060017,Casalattico,current_name,,2021-12-31,ISTAT geometry 2021
060018,Casalvieri,current_name,,2021-12-31,ISTAT geometry 2021
060019,Cassino,current_name,,2021-12-31,ISTAT geometry 2021
060019,San Germano,historical_name,,1863-09-20,ISTAT SITUAS report 104
060020,Castelliri,current_name,,2021-12-31,ISTAT geometry 2021
060020,Castelluccio,historical_name,,1863-02-01,ISTAT SITUAS report 104
060020,Castelluccio di Sora,historical_name,,1863-02-01,ISTAT SITUAS report 104
060021,Castelnuovo,historical_name,,1862-10-15,ISTAT SITUAS report 104
060021,Castelnuovo Parano,current_name,,2021-12-31,ISTAT geometry 2021
060022,Castrocielo,current_name,,2021-12-31,ISTAT geometry 2021
060022,Palazzolo,historical_name,,1863-05-27,ISTAT SITUAS report 104
060022,Palazzolo di Castrocielo,historical_name,,1863-05-27,ISTAT SITUAS report 104
060023,Castro,historical_name,,1871-01-15,ISTAT SITUAS report 100
060023,Castro dei Volsci,current_name,,2021-12-31,ISTAT geometry 2021
060024,Ceccano,current_name,,2021-12-31,ISTAT geometry 2021
060025,Ceprano,current_name,,2021-12-31,ISTAT geometry 2021
060026,Cervaro,current_name,,2021-12-31,ISTAT geometry 2021
060027,Colfelice,current_name,,2021-12-31,ISTAT geometry 2021
060028,Collepardo,current_name,,2021-12-31,ISTAT geometry 2021
060029,Colle San Magno,current_name,,2021-12-31,ISTAT geometry 2021
060030,Coreno,historical_name,,1863-02-01,ISTAT SITUAS report 104
060030,Coreno Ausonio,current_name,,2021-12-31,ISTAT geometry 2021
060031,Esperia,current_name,,2021-12-31,ISTAT geometry 2021
060032,Falvaterra,current_name,,2021-12-31,ISTAT geometry 2021
060033,Ferentino,current_name,,2021-12-31,ISTAT geometry 2021
060034,Filettino,current_name,,2021-12-31,ISTAT geometry 2021
060034,Filettino Graziani,historical_name,,1938-11-27,ISTAT SITUAS report 104
060035,Anticoli,historical_name,,1871-01-15,ISTAT SITUAS report 100
060035,Anticoli di Campagna,historical_name,,1872-11-18,ISTAT SITUAS report 104
060035,Fiuggi,current_name,,2021-12-31,ISTAT geometry 2021
060036,Fontana,historical_name,,1863-04-10,ISTAT SITUAS report 104
060036,Fontana Liri,current_name,,2021-12-31,ISTAT geometry 2021
060037,Fontechiari,current_name,,2021-12-31,ISTAT geometry 2021
060037,Schiavi,historical_name,,1862-11-19,ISTAT SITUAS report 104
060038,Frosinone,current_name,,2021-12-31,ISTAT geometry 2021
060039,Fumone,current_name,,2021-12-31,ISTAT geometry 2021
060040,Gallinaro,current_name,,2021-12-31,ISTAT geometry 2021
060041,Giuliano,historical_name,,1871-01-15,ISTAT SITUAS report 100
060041,Giuliano di Roma,current_name,,2021-12-31,ISTAT geometry 2021
060042,Guarcino,current_name,,2021-12-31,ISTAT geometry 2021
060043,Isola,historical_name,,1863-09-20,ISTAT SITUAS report 104
060043,Isola del Liri,current_name,,2021-12-31,ISTAT geometry 2021
060043,Isola presso Sora,historical_name,,1863-09-20,ISTAT SITUAS report 104
060044,Monte San Giovanni,historical_name,,1871-01-15,ISTAT SITUAS report 100
060044,Monte San Giovanni Camano,election_source_name,1999-06-13,1999-06-13,official election source label
060044,Monte San Giovanni Campano,current_name,,2021-12-31,ISTAT geometry 2021
060045,Morolo,current_name,,2021-12-31,ISTAT geometry 2021
060046,Paliano,current_name,,2021-12-31,ISTAT geometry 2021
060047,Pastena,current_name,,2021-12-31,ISTAT geometry 2021
060048,Patrica,current_name,,2021-12-31,ISTAT geometry 2021
060049,Pescosolido,current_name,,2021-12-31,ISTAT geometry 2021
060050,Picinisco,current_name,,2021-12-31,ISTAT geometry 2021
060051,Pico,current_name,,2021-12-31,ISTAT geometry 2021
060052,Piedimonte,historical_name,,1863-02-01,ISTAT SITUAS report 104
060052,Piedimonte San Germano,current_name,,2021-12-31,ISTAT geometry 2021
060053,Piglio,current_name,,2021-12-31,ISTAT geometry 2021
060054,Pignataro,historical_name,,1862-12-20,ISTAT SITUAS report 104
060054,Pignataro Interamna,current_name,,2021-12-31,ISTAT geometry 2021
060055,Pofi,current_name,,2021-12-31,ISTAT geometry 2021
060056,Pontecorvo,current_name,,2021-12-31,ISTAT geometry 2021
060057,Posta Fibreno,current_name,,2021-12-31,ISTAT geometry 2021
060058,Ripi,current_name,,2021-12-31,ISTAT geometry 2021
060059,Rocca d'Arce,current_name,,2021-12-31,ISTAT geometry 2021
060060,Roccasecca,current_name,,2021-12-31,ISTAT geometry 2021
060061,San Biagio,historical_name,,1864-12-07,ISTAT SITUAS report 104
060061,San Biagio Saracinisco,current_name,,2021-12-31,ISTAT geometry 2021
060062,San Donato,historical_name,,1863-02-01,ISTAT SITUAS report 104
060062,San Donato Val di Comino,current_name,,2021-12-31,ISTAT geometry 2021
060063,San Giorgio,historical_name,,1863-04-10,ISTAT SITUAS report 104
060063,San Giorgio a Liri,current_name,,2021-12-31,ISTAT geometry 2021
060064,San Giovanni Incarico,current_name,,2021-12-31,ISTAT geometry 2021
060065,Sant'Ambrogio,historical_name,,1863-04-10,ISTAT SITUAS report 104
060065,Sant'Ambrogio sul Garigliano,current_name,,2021-12-31,ISTAT geometry 2021
060066,SANT'ANDREA,historical_name,1927-01-12,1962-02-07,ANPR historical archive
060066,Sant'Andrea del Garigliano,current_name,,2021-12-31,ISTAT geometry 2021
060067,Sant'Apollinare,current_name,,2021-12-31,ISTAT geometry 2021
060068,Sant'Elia,historical_name,,1862-10-15,ISTAT SITUAS report 104
060068,Sant'Elia Fiumeraido,election_source_name,1999-06-13,1999-06-13,official election source label
060068,Sant'Elia Fiumerapido,current_name,,2021-12-31,ISTAT geometry 2021
060069,Santopadre,current_name,,2021-12-31,ISTAT geometry 2021
060070,San Vittore,historical_name,,1862-12-20,ISTAT SITUAS report 104
060070,San Vittore del Lazio,current_name,,2021-12-31,ISTAT geometry 2021
060071,Serrone,current_name,,2021-12-31,ISTAT geometry 2021
060072,Settefrati,current_name,,2021-12-31,ISTAT geometry 2021
060073,Sgurgola,current_name,,2021-12-31,ISTAT geometry 2021
060074,Sora,current_name,,2021-12-31,ISTAT geometry 2021
060075,Strangolagalli,current_name,,2021-12-31,ISTAT geometry 2021
060076,Supino,current_name,,2021-12-31,ISTAT geometry 2021
060077,Terelle,current_name,,2021-12-31,ISTAT geometry 2021
060077,Terrelle,election_source_name,1946-06-02,1946-06-02,official election source label
060078,Torre,historical_name,,1871-01-15,ISTAT SITUAS report 100
060078,Torre Cajetani,current_name,,2021-12-31,ISTAT geometry 2021
060079,Torrice,current_name,,2021-12-31,ISTAT geometry 2021
060080,Trevi,historical_name,,1871-01-15,ISTAT SITUAS report 100
060080,Trevi nel Lazio,current_name,,2021-12-31,ISTAT geometry 2021
060081,Trivigliano,current_name,,2021-12-31,ISTAT geometry 2021
060082,Vallecorsa,current_name,,2021-12-31,ISTAT geometry 2021
060083,Vallefredda,historical_name,,1907-07-02,ISTAT SITUAS report 98
060083,Vallemaio,current_name,,2021-12-31,ISTAT geometry 2021
060084,Vallerotonda,current_name,,2021-12-31,ISTAT geometry 2021
060085,Veroli,current_name,,2021-12-31,ISTAT geometry 2021
060086,Vicalvi,current_name,,2021-12-31,ISTAT geometry 2021
060087,Vico,historical_name,,1871-01-15,ISTAT SITUAS report 100
060087,Vico nel Lazio,current_name,,2021-12-31,ISTAT geometry 2021
060088,Agnone,historical_name,,1862-12-20,ISTAT SITUAS report 104
060088,Villa Latina,current_name,,2021-12-31,ISTAT geometry 2021
060089,Villa,historical_name,,1863-04-10,ISTAT SITUAS report 104
060089,Villa Santa Lucia,current_name,,2021-12-31,ISTAT geometry 2021
060090,Santo Stefano,historical_name,,1871-01-15,ISTAT SITUAS report 100
060090,Villa Santo Stefano,current_name,,2021-12-31,ISTAT geometry 2021
060091,Viticuso,current_name,,2021-12-31,ISTAT geometry 2021
061001,Ailano,current_name,,2021-12-31,ISTAT geometry 2021
061002,Alife,current_name,,2021-12-31,ISTAT geometry 2021
061003,Alvignano,current_name,,2021-12-31,ISTAT geometry 2021
061004,Arienzo,current_name,,2021-12-31,ISTAT geometry 2021
061005,Aversa,current_name,,2021-12-31,ISTAT geometry 2021
061005,Carinaro,historical_name,,1927-01-12,ISTAT SITUAS report 105
061005,Gricignano,historical_name,,1872-01-23,ISTAT SITUAS report 104
061005,Gricignano di Aversa,historical_name,,1872-01-23,ISTAT SITUAS report 104
061006,Baia e Latina,current_name,,2021-12-31,ISTAT geometry 2021
061007,Bellona,current_name,,2021-12-31,ISTAT geometry 2021
061008,Caianello,current_name,,2021-12-31,ISTAT geometry 2021
061009,Caiazzo,current_name,,2021-12-31,ISTAT geometry 2021
061010,Calvi,historical_name,,1863-02-01,ISTAT SITUAS report 104
061010,Calvi Risorta,current_name,,2021-12-31,ISTAT geometry 2021
061011,Camigliano,current_name,,2021-12-31,ISTAT geometry 2021
061011,Pastorano,historical_name,,1927-01-12,ISTAT SITUAS report 105
061012,Cancello ed Arnone,current_name,,2021-12-31,ISTAT geometry 2021
061013,Capodrise,current_name,,2021-12-31,ISTAT geometry 2021
061014,Capriati,historical_name,,1862-11-19,ISTAT SITUAS report 104
061014,Capriati a Volturno,current_name,,2021-12-31,ISTAT geometry 2021
061015,Capua,current_name,,2021-12-31,ISTAT geometry 2021
061016,Carinaro,current_name,,2021-12-31,ISTAT geometry 2021
061017,Carinola,current_name,,2021-12-31,ISTAT geometry 2021
061018,Casagiove,current_name,,2021-12-31,ISTAT geometry 2021
061019,Casal di Principe,current_name,,2021-12-31,ISTAT geometry 2021
061020,Casaluce,current_name,,2021-12-31,ISTAT geometry 2021
061021,Casapulla,current_name,,2021-12-31,ISTAT geometry 2021
061021,Casaulla,election_source_name,1999-06-13,1999-06-13,official election source label
061022,Casagiove,historical_name,,1872-03-25,ISTAT SITUAS report 104
061022,Casanova,historical_name,,1863-05-27,ISTAT SITUAS report 104
061022,Casanova e Coccagna,historical_name,,1863-05-27,ISTAT SITUAS report 104
061022,Caserta,current_name,,2021-12-31,ISTAT geometry 2021
061022,Masserie,historical_name,,1862-12-07,ISTAT SITUAS report 104
061022,San Leucio,historical_name,,1866-07-12,ISTAT SITUAS report 100
061022,San Marco Evangelista,historical_name,,1862-12-07,ISTAT SITUAS report 104
061022,San Nicola,historical_name,,1862-09-30,ISTAT SITUAS report 104
061022,San Nicola la Strada,historical_name,,1862-09-30,ISTAT SITUAS report 104
061023,Campagnano,historical_name,,1862-12-20,ISTAT SITUAS report 104
061023,Castel Campagnano,current_name,,2021-12-31,ISTAT geometry 2021
061023,Castello di Campagnano,historical_name,,1862-12-20,ISTAT SITUAS report 104
061024,Castel di Sasso,current_name,,2021-12-31,ISTAT geometry 2021
061024,Sasso,historical_name,,1863-09-27,ISTAT SITUAS report 104
061025,Castello,historical_name,,1862-12-07,ISTAT SITUAS report 104
061025,CASTELLO D'ALIFE,historical_name,1945-09-01,1970-10-27,ANPR historical archive
061025,Castello del Matese,current_name,,2021-12-31,ISTAT geometry 2021
061026,Castel Morrone,current_name,,2021-12-31,ISTAT geometry 2021
061026,Morrone,historical_name,,1862-12-07,ISTAT SITUAS report 104
061027,Castel Volturno,current_name,,2021-12-31,ISTAT geometry 2021
061028,Cervino,current_name,,2021-12-31,ISTAT geometry 2021
061029,Cesa,current_name,,2021-12-31,ISTAT geometry 2021
061030,Ciorlano,current_name,,2021-12-31,ISTAT geometry 2021
061031,Conca,historical_name,,1862-12-20,ISTAT SITUAS report 104
061031,Conca della Campania,current_name,,2021-12-31,ISTAT geometry 2021
061032,Curti,current_name,,2021-12-31,ISTAT geometry 2021
061033,Dragoni,current_name,,2021-12-31,ISTAT geometry 2021
061034,Fontegreca,current_name,,2021-12-31,ISTAT geometry 2021
061034,Fossaceca,historical_name,,1862-09-30,ISTAT SITUAS report 104
061035,Formicola,current_name,,2021-12-31,ISTAT geometry 2021
061036,Francolise,current_name,,2021-12-31,ISTAT geometry 2021
061037,Frignano,current_name,,2021-12-31,ISTAT geometry 2021
061037,FRIGNANO MAGGIORE,historical_name,1946-11-08,1952-02-29,ANPR historical archive
061038,GALLO,historical_name,1945-09-01,1986-03-05,ANPR historical archive
061038,Gallo Matese,current_name,,2021-12-31,ISTAT geometry 2021
061039,Galluccio,current_name,,2021-12-31,ISTAT geometry 2021
061040,Giano Vetusto,current_name,,2021-12-31,ISTAT geometry 2021
061041,Gioia,historical_name,,1862-11-19,ISTAT SITUAS report 104
061041,Gioia Sannitica,current_name,,2021-12-31,ISTAT geometry 2021
061042,Grazzanise,current_name,,2021-12-31,ISTAT geometry 2021
061043,Gricignano di Aversa,current_name,,2021-12-31,ISTAT geometry 2021
061044,Letino,current_name,,2021-12-31,ISTAT geometry 2021
061045,Liberi,current_name,,2021-12-31,ISTAT geometry 2021
061045,Schiavi di Formicola,historical_name,,1862-09-30,ISTAT SITUAS report 104
061046,Lusciano,current_name,,2021-12-31,ISTAT geometry 2021
061047,Macerata Campania,current_name,,2021-12-31,ISTAT geometry 2021
061048,Maddaloni,current_name,,2021-12-31,ISTAT geometry 2021
061049,Capodrise,historical_name,,1927-01-12,ISTAT SITUAS report 105
061049,Marcianise,current_name,,2021-12-31,ISTAT geometry 2021
061050,Marzano,historical_name,,1863-05-27,ISTAT SITUAS report 104
061050,Marzano Appio,current_name,,2021-12-31,ISTAT geometry 2021
061051,MIGNANO,historical_name,1945-09-01,1948-01-17,ANPR historical archive
061051,Mignano Monte Lungo,current_name,,2021-12-31,ISTAT geometry 2021
061052,Mondragone,current_name,,2021-12-31,ISTAT geometry 2021
061053,Orta di Atella,current_name,,2021-12-31,ISTAT geometry 2021
061054,Parete,current_name,,2021-12-31,ISTAT geometry 2021
061055,Pastorano,current_name,,2021-12-31,ISTAT geometry 2021
061056,Piana,historical_name,,1862-12-20,ISTAT SITUAS report 104
061056,PIANA DI CAIAZZO,historical_name,1945-09-01,1976-11-27,ANPR historical archive
061056,Piana di Monte Verna,current_name,,2021-12-31,ISTAT geometry 2021
061057,Piedimonte,historical_name,,1862-10-15,ISTAT SITUAS report 104
061057,PIEDIMONTE D'ALIFE,historical_name,1945-09-01,1970-10-26,ANPR historical archive
061057,Piedimonte Matese,current_name,,2021-12-31,ISTAT geometry 2021
061058,Pietramelara,current_name,,2021-12-31,ISTAT geometry 2021
061059,Pietravairano,current_name,,2021-12-31,ISTAT geometry 2021
061060,Giano,historical_name,,1863-04-10,ISTAT SITUAS report 104
061060,Giano Vetusto,historical_name,,1863-04-10,ISTAT SITUAS report 104
061060,Pignataro,historical_name,,1862-10-15,ISTAT SITUAS report 104
061060,Pignataro Maggiore,current_name,,2021-12-31,ISTAT geometry 2021
061061,Pontelatone,current_name,,2021-12-31,ISTAT geometry 2021
061062,Portico di Caserta,current_name,,2021-12-31,ISTAT geometry 2021
061063,Prata,historical_name,,1862-11-02,ISTAT SITUAS report 104
061063,Prata Sannita,current_name,,2021-12-31,ISTAT geometry 2021
061064,Pratella,current_name,,2021-12-31,ISTAT geometry 2021
061065,Presenzano,current_name,,2021-12-31,ISTAT geometry 2021
061066,Raviscanina,current_name,,2021-12-31,ISTAT geometry 2021
061067,Recale,current_name,,2021-12-31,ISTAT geometry 2021
061068,Riardo,current_name,,2021-12-31,ISTAT geometry 2021
061069,Rocca d'Evandro,current_name,,2021-12-31,ISTAT geometry 2021
061070,Roccamonfina,current_name,,2021-12-31,ISTAT geometry 2021
061071,Roccaromana,current_name,,2021-12-31,ISTAT geometry 2021
061072,Rocchetta,historical_name,,1863-02-01,ISTAT SITUAS report 104
061072,Rocchetta e Croce,current_name,,2021-12-31,ISTAT geometry 2021
061073,Raiano,historical_name,,1863-02-01,ISTAT SITUAS report 104
061073,Ruviano,current_name,,2021-12-31,ISTAT geometry 2021
061074,San Cipriano d'Aversa,current_name,,2021-12-31,ISTAT geometry 2021
061074,San Ciriano d'Aversa,election_source_name,1999-06-13,1999-06-13,official election source label
061075,San Felice a Cancello,current_name,,2021-12-31,ISTAT geometry 2021
061076,SAN GREGORIO,historical_name,1945-09-01,1954-06-24,ANPR historical archive
061076,San Gregorio Matese,current_name,,2021-12-31,ISTAT geometry 2021
061077,San Marcellino,current_name,,2021-12-31,ISTAT geometry 2021
061078,San Nicola la Strada,current_name,,2021-12-31,ISTAT geometry 2021
061079,San Pietro Infine,current_name,,2021-12-31,ISTAT geometry 2021
061080,San Potito,historical_name,,1862-12-20,ISTAT SITUAS report 104
061080,San Potito Sannitico,current_name,,2021-12-31,ISTAT geometry 2021
061081,San Prisco,current_name,,2021-12-31,ISTAT geometry 2021
061081,San Risco,election_source_name,1999-06-13,1999-06-13,official election source label
061082,Santa Maria a Vico,current_name,,2021-12-31,ISTAT geometry 2021
061083,Casapulla,historical_name,,1927-01-12,ISTAT SITUAS report 105
061083,Curti,historical_name,,1927-01-12,ISTAT SITUAS report 105
061083,San Prisco,historical_name,,1927-01-12,ISTAT SITUAS report 105
061083,Santa Maria Capua Vetere,current_name,,2021-12-31,ISTAT geometry 2021
061083,Santa Maria Maggiore,historical_name,,1862-09-30,ISTAT SITUAS report 104
061084,Santa Maria la Fossa,current_name,,2021-12-31,ISTAT geometry 2021
061085,San Tammaro,current_name,,2021-12-31,ISTAT geometry 2021
061086,Sant'Angelo,historical_name,,1863-04-10,ISTAT SITUAS report 104
061086,Sant'Angelo d'Alife,current_name,,2021-12-31,ISTAT geometry 2021
061087,Sant'Arino,election_source_name,1999-06-13,1999-06-13,official election source label
061087,Sant'Arpino,current_name,,2021-12-31,ISTAT geometry 2021
061088,Sessa,historical_name,,1864-12-07,ISTAT SITUAS report 104
061088,Sessa Aurunca,current_name,,2021-12-31,ISTAT geometry 2021
061089,Saranise,election_source_name,1999-06-13,1999-06-13,official election source label
061089,Sparanise,current_name,,2021-12-31,ISTAT geometry 2021
061090,Succivo,current_name,,2021-12-31,ISTAT geometry 2021
061091,Teano,current_name,,2021-12-31,ISTAT geometry 2021
061092,Teverola,current_name,,2021-12-31,ISTAT geometry 2021
061093,Tora e Piccilli,current_name,,2021-12-31,ISTAT geometry 2021
061094,TRENTOLA,historical_name,1945-09-01,1946-12-22,ANPR historical archive
061094,Trentola Ducenta,current_name,,2021-12-31,ISTAT geometry 2021
061095,Vairano,historical_name,,1863-02-01,ISTAT SITUAS report 104
061095,Vairano Atenora,election_source_name,1999-06-13,1999-06-13,official election source label
061095,Vairano Patenora,current_name,,2021-12-31,ISTAT geometry 2021
061096,Valle Agricola,current_name,,2021-12-31,ISTAT geometry 2021
061096,Valle di Prata,historical_name,,1863-09-20,ISTAT SITUAS report 104
061097,Valle,historical_name,,1862-12-07,ISTAT SITUAS report 104
061097,Valle di Maddaloni,current_name,,2021-12-31,ISTAT geometry 2021
061098,FRIGNANO PICCOLO,historical_name,1946-11-08,1950-12-01,ANPR historical archive
061098,Villa di Briano,current_name,,2021-12-31,ISTAT geometry 2021
061099,Vico di Pantano,historical_name,,1927-01-12,ISTAT SITUAS report 105
061099,Villa Literno,current_name,,2021-12-31,ISTAT geometry 2021
061100,Vitulazio,current_name,,2021-12-31,ISTAT geometry 2021
061101,Falciano del Massico,current_name,,2021-12-31,ISTAT geometry 2021
061102,Cellole,current_name,,2021-12-31,ISTAT geometry 2021
061103,Casapesenna,current_name,,2021-12-31,ISTAT geometry 2021
061104,San Marco Evangelista,current_name,,2021-12-31,ISTAT geometry 2021
062001,Airola,current_name,,2021-12-31,ISTAT geometry 2021
062002,Amorosi,current_name,,2021-12-31,ISTAT geometry 2021
062003,Apice,current_name,,2021-12-31,ISTAT geometry 2021
062004,Apollosa,current_name,,2021-12-31,ISTAT geometry 2021
062005,Arpaia,current_name,,2021-12-31,ISTAT geometry 2021
062006,Arpaise,current_name,,2021-12-31,ISTAT geometry 2021
062007,Baselice,current_name,,2021-12-31,ISTAT geometry 2021
062008,Benevento,current_name,,2021-12-31,ISTAT geometry 2021
062009,Bonea,current_name,,2021-12-31,ISTAT geometry 2021
062010,Bucciano,current_name,,2021-12-31,ISTAT geometry 2021
062011,Buonalbergo,current_name,,2021-12-31,ISTAT geometry 2021
062012,Calvi,current_name,,2021-12-31,ISTAT geometry 2021
062012,CALVI SAN NAZZARO,historical_name,1951-07-05,1958-05-27,ANPR historical archive
062012,San Nazzaro,historical_name,,1863-04-10,ISTAT SITUAS report 104
062012,SAN NAZZARO CALVI,historical_name,1863-02-06,1951-07-04,ANPR historical archive
062013,Campolattaro,current_name,,2021-12-31,ISTAT geometry 2021
062014,Campoli,historical_name,,1863-04-10,ISTAT SITUAS report 104
062014,Campoli del Monte Taburno,current_name,,2021-12-31,ISTAT geometry 2021
062015,Casalduni,current_name,,2021-12-31,ISTAT geometry 2021
062016,Castelfranco,historical_name,,1863-04-10,ISTAT SITUAS report 104
062016,Castelfranco in Miscano,current_name,,2021-12-31,ISTAT geometry 2021
062017,Castelpagano,current_name,,2021-12-31,ISTAT geometry 2021
062018,Castelpoto,current_name,,2021-12-31,ISTAT geometry 2021
062019,Castelvenere,current_name,,2021-12-31,ISTAT geometry 2021
062020,Castelvetere,historical_name,,1863-04-10,ISTAT SITUAS report 104
062020,Castelvetere in Val Fortore,current_name,,2021-12-31,ISTAT geometry 2021
062021,Cautano,current_name,,2021-12-31,ISTAT geometry 2021
062022,Ceppaloni,current_name,,2021-12-31,ISTAT geometry 2021
062023,Cerreto,historical_name,,1863-04-10,ISTAT SITUAS report 104
062023,Cerreto Sannita,current_name,,2021-12-31,ISTAT geometry 2021
062024,Circello,current_name,,2021-12-31,ISTAT geometry 2021
062025,Colle,historical_name,,1863-04-10,ISTAT SITUAS report 104
062025,Colle Sannita,current_name,,2021-12-31,ISTAT geometry 2021
062026,Civitella,historical_name,,1863-04-10,ISTAT SITUAS report 104
062026,Civitella Licinio,historical_name,,1863-04-10,ISTAT SITUAS report 104
062026,Cusano,historical_name,,1863-04-10,ISTAT SITUAS report 104
062026,Cusano Mutri,current_name,,2021-12-31,ISTAT geometry 2021
062027,Dugenta,current_name,,2021-12-31,ISTAT geometry 2021
062028,Durazzano,current_name,,2021-12-31,ISTAT geometry 2021
062029,Faicchio,current_name,,2021-12-31,ISTAT geometry 2021
062030,Foglianise,current_name,,2021-12-31,ISTAT geometry 2021
062031,Fojano,historical_name,,1863-04-10,ISTAT SITUAS report 104
062031,Foiano di Val Fortore,current_name,,2021-12-31,ISTAT geometry 2021
062032,Forchia,current_name,,2021-12-31,ISTAT geometry 2021
062033,Fragneto l'Abate,current_name,,2021-12-31,ISTAT geometry 2021
062034,Fragneto Monforte,current_name,,2021-12-31,ISTAT geometry 2021
062035,Frasso,historical_name,,1863-04-10,ISTAT SITUAS report 104
062035,Frasso Telesino,current_name,,2021-12-31,ISTAT geometry 2021
062036,Ginestra degli Schiavoni,current_name,,2021-12-31,ISTAT geometry 2021
062037,Guardia Sanframondi,current_name,,2021-12-31,ISTAT geometry 2021
062038,Limatola,current_name,,2021-12-31,ISTAT geometry 2021
062039,Melizzano,current_name,,2021-12-31,ISTAT geometry 2021
062040,Moiano,current_name,,2021-12-31,ISTAT geometry 2021
062041,Molinara,current_name,,2021-12-31,ISTAT geometry 2021
062042,Montefalcone,historical_name,,1863-04-10,ISTAT SITUAS report 104
062042,Montefalcone di Val Fortore,current_name,,2021-12-31,ISTAT geometry 2021
062043,Montesarchio,current_name,,2021-12-31,ISTAT geometry 2021
062044,Morcone,current_name,,2021-12-31,ISTAT geometry 2021
062045,Paduli,current_name,,2021-12-31,ISTAT geometry 2021
062046,Pago,historical_name,,1863-04-10,ISTAT SITUAS report 104
062046,Pago Veiano,current_name,,2021-12-31,ISTAT geometry 2021
062047,Pannarano,current_name,,2021-12-31,ISTAT geometry 2021
062048,Paolisi,current_name,,2021-12-31,ISTAT geometry 2021
062049,Paupisi,current_name,,2021-12-31,ISTAT geometry 2021
062050,Pesco Sannita,current_name,,2021-12-31,ISTAT geometry 2021
062050,PESCOLAMAZZA,historical_name,1861-03-17,1948-01-17,ANPR historical archive
062051,Pietraroja,current_name,,2021-12-31,ISTAT geometry 2021
062052,Pietrelcina,current_name,,2021-12-31,ISTAT geometry 2021
062053,Ponte,current_name,,2021-12-31,ISTAT geometry 2021
062054,Pontelandolfo,current_name,,2021-12-31,ISTAT geometry 2021
062055,Puglianello,current_name,,2021-12-31,ISTAT geometry 2021
062056,Reino,current_name,,2021-12-31,ISTAT geometry 2021
062057,San Bartolomeo in Galdo,current_name,,2021-12-31,ISTAT geometry 2021
062058,San Giorgio del Sannio,current_name,,2021-12-31,ISTAT geometry 2021
062058,San Giorgio la Montagna,historical_name,,1929-08-16,ISTAT SITUAS report 104
062059,San Giorgio La Molara,current_name,,2021-12-31,ISTAT geometry 2021
062060,San Leucio,historical_name,,1928-04-04,ISTAT SITUAS report 104
062060,San Leucio del Sannio,current_name,,2021-12-31,ISTAT geometry 2021
062061,San Lorenzello,current_name,,2021-12-31,ISTAT geometry 2021
062062,San Lorenzo Maggiore,current_name,,2021-12-31,ISTAT geometry 2021
062063,San Lupo,current_name,,2021-12-31,ISTAT geometry 2021
062064,San Marco dei Cavoti,current_name,,2021-12-31,ISTAT geometry 2021
062065,San Martino Ave Grazia Plena,historical_name,,1873-02-02,ISTAT SITUAS report 104
062065,San Martino Sannita,current_name,,2021-12-31,ISTAT geometry 2021
062066,San Nazzaro,current_name,,2021-12-31,ISTAT geometry 2021
062067,San Nicola Manfredi,current_name,,2021-12-31,ISTAT geometry 2021
062068,San Salvatore,historical_name,,1863-04-10,ISTAT SITUAS report 104
062068,San Salvatore Telesino,current_name,,2021-12-31,ISTAT geometry 2021
062069,Santa Croce del Sannio,current_name,,2021-12-31,ISTAT geometry 2021
062069,Santa Croce di Morcone,historical_name,,1883-03-01,ISTAT SITUAS report 104
062070,Sant'Agata de' Goti,current_name,,2021-12-31,ISTAT geometry 2021
062071,Bagnara,historical_name,,1863-04-10,ISTAT SITUAS report 104
062071,Bagnara di Benevento,historical_name,,1863-04-10,ISTAT SITUAS report 104
062071,Sant'Angelo a Cupolo,current_name,,2021-12-31,ISTAT geometry 2021
062072,Sassinoro,current_name,,2021-12-31,ISTAT geometry 2021
062073,Solopaca,current_name,,2021-12-31,ISTAT geometry 2021
062074,TELESE,historical_name,1934-02-13,1992-07-27,ANPR historical archive
062074,Telese Terme,current_name,,2021-12-31,ISTAT geometry 2021
062075,Tocco,historical_name,,1863-04-10,ISTAT SITUAS report 104
062075,Tocco Caudio,current_name,,2021-12-31,ISTAT geometry 2021
062076,Torrecuso,current_name,,2021-12-31,ISTAT geometry 2021
062077,Vitulano,current_name,,2021-12-31,ISTAT geometry 2021
062078,Montemale,historical_name,,1862-11-28,ISTAT SITUAS report 104
062078,Sant'Arcangelo,historical_name,,1862-11-28,ISTAT SITUAS report 104
062078,Sant'Arcangelo Trimonte,current_name,,2021-12-31,ISTAT geometry 2021
063001,Acerra,current_name,,2021-12-31,ISTAT geometry 2021
063002,Afragola,current_name,,2021-12-31,ISTAT geometry 2021
063003,Agerola,current_name,,2021-12-31,ISTAT geometry 2021
063004,Anacapri,current_name,,2021-12-31,ISTAT geometry 2021
063005,Arzano,current_name,,2021-12-31,ISTAT geometry 2021
063006,Bacoli,current_name,,2021-12-31,ISTAT geometry 2021
063007,Barano d'Ischia,current_name,,2021-12-31,ISTAT geometry 2021
063008,Boscoreale,current_name,,2021-12-31,ISTAT geometry 2021
063009,Boscotrecase,current_name,,2021-12-31,ISTAT geometry 2021
063010,Brusciano,current_name,,2021-12-31,ISTAT geometry 2021
063011,Caivano,current_name,,2021-12-31,ISTAT geometry 2021
063012,Calvizzano,current_name,,2021-12-31,ISTAT geometry 2021
063013,Camosano,election_source_name,1999-06-13,1999-06-13,official election source label
063013,Camposano,current_name,,2021-12-31,ISTAT geometry 2021
063014,Capri,current_name,,2021-12-31,ISTAT geometry 2021
063015,Carbonara,historical_name,,1863-02-01,ISTAT SITUAS report 104
063015,Carbonara di Nola,current_name,,2021-12-31,ISTAT geometry 2021
063016,Cardito,current_name,,2021-12-31,ISTAT geometry 2021
063017,Casalnuovo,historical_name,,1863-04-10,ISTAT SITUAS report 104
063017,Casalnuovo di Napoli,current_name,,2021-12-31,ISTAT geometry 2021
063017,Licignano,historical_name,,1886-02-01,ISTAT SITUAS report 104
063017,Licignano di Napoli,historical_name,,1886-02-01,ISTAT SITUAS report 104
063018,Casamarciano,current_name,,2021-12-31,ISTAT geometry 2021
063019,CASAMICCIOLA,historical_name,1945-09-22,1956-08-14,ANPR historical archive
063019,Casamicciola Terme,current_name,,2021-12-31,ISTAT geometry 2021
063020,Casandrino,current_name,,2021-12-31,ISTAT geometry 2021
063021,Casavatore,current_name,,2021-12-31,ISTAT geometry 2021
063022,Casola,historical_name,,1863-05-10,ISTAT SITUAS report 104
063022,Casola di Napoli,current_name,,2021-12-31,ISTAT geometry 2021
063023,Casoria,current_name,,2021-12-31,ISTAT geometry 2021
063024,Castellammare,historical_name,,1863-04-10,ISTAT SITUAS report 104
063024,Castellammare di Stabia,current_name,,2021-12-31,ISTAT geometry 2021
063025,Castello di Cisterna,current_name,,2021-12-31,ISTAT geometry 2021
063025,Cisterna,historical_name,,1862-11-02,ISTAT SITUAS report 104
063026,Cercola,current_name,,2021-12-31,ISTAT geometry 2021
063026,Massa di Somma,historical_name,,1877-05-01,ISTAT SITUAS report 103
063027,Cicciano,current_name,,2021-12-31,ISTAT geometry 2021
063028,Cimitile,current_name,,2021-12-31,ISTAT geometry 2021
063029,Comiziano,current_name,,2021-12-31,ISTAT geometry 2021
063029,Cumignano,historical_name,,1863-05-27,ISTAT SITUAS report 104
063029,Cumignano e Gallo di Nola,historical_name,,1863-05-27,ISTAT SITUAS report 104
063030,Crispano,current_name,,2021-12-31,ISTAT geometry 2021
063031,Forio,current_name,,2021-12-31,ISTAT geometry 2021
063032,Frattamaggiore,current_name,,2021-12-31,ISTAT geometry 2021
063033,Frattaminore,current_name,,2021-12-31,ISTAT geometry 2021
063033,Pomigliano d'Atella,historical_name,,1890-06-19,ISTAT SITUAS report 104
063034,Giugliano,historical_name,,1863-04-10,ISTAT SITUAS report 104
063034,Giugliano in Campania,current_name,,2021-12-31,ISTAT geometry 2021
063035,Gragnano,current_name,,2021-12-31,ISTAT geometry 2021
063036,Grumo,historical_name,,1864-02-02,ISTAT SITUAS report 104
063036,Grumo Nevano,current_name,,2021-12-31,ISTAT geometry 2021
063037,Barano,historical_name,,1863-04-10,ISTAT SITUAS report 104
063037,Barano d'Ischia,historical_name,,1863-04-10,ISTAT SITUAS report 104
063037,Ischia,current_name,,2021-12-31,ISTAT geometry 2021
063037,Lacco,historical_name,,1863-05-10,ISTAT SITUAS report 104
063037,Lacco Ameno,historical_name,,1863-05-10,ISTAT SITUAS report 104
063037,Testaccio,historical_name,,1863-04-10,ISTAT SITUAS report 104
063037,Testaccio d'Ischia,historical_name,,1863-04-10,ISTAT SITUAS report 104
063038,Lacco Ameno,current_name,,2021-12-31,ISTAT geometry 2021
063039,Lettere,current_name,,2021-12-31,ISTAT geometry 2021
063040,Liveri,current_name,,2021-12-31,ISTAT geometry 2021
063041,Marano,historical_name,,1863-04-10,ISTAT SITUAS report 104
063041,Marano di Napoli,current_name,,2021-12-31,ISTAT geometry 2021
063042,Mariglianella,current_name,,2021-12-31,ISTAT geometry 2021
063043,Marigliano,current_name,,2021-12-31,ISTAT geometry 2021
063044,Massa Lubrense,current_name,,2021-12-31,ISTAT geometry 2021
063044,Massalubrense,election_source_name,1946-06-02,1946-06-02,official election source label
063045,Melito,historical_name,,1863-05-10,ISTAT SITUAS report 104
063045,Melito di Napoli,current_name,,2021-12-31,ISTAT geometry 2021
063046,Meta,current_name,,2021-12-31,ISTAT geometry 2021
063047,Monte di Procida,current_name,,2021-12-31,ISTAT geometry 2021
063048,Mugnano,historical_name,,1863-04-10,ISTAT SITUAS report 104
063048,Mugnano di Napoli,current_name,,2021-12-31,ISTAT geometry 2021
063049,Chiaiano,historical_name,,1863-04-10,ISTAT SITUAS report 104
063049,Chiaiano ed Uniti,historical_name,,1863-04-10,ISTAT SITUAS report 104
063049,Napoli,current_name,,2021-12-31,ISTAT geometry 2021
063050,Nola,current_name,,2021-12-31,ISTAT geometry 2021
063051,Ottaiano,historical_name,,1893-07-01,ISTAT SITUAS report 103
063051,Ottaviano,current_name,,2021-12-31,ISTAT geometry 2021
063052,Palma,historical_name,,1863-09-20,ISTAT SITUAS report 104
063052,Palma Campania,current_name,,2021-12-31,ISTAT geometry 2021
063053,Piano di Sorrento,current_name,,2021-12-31,ISTAT geometry 2021
063054,Pimonte,current_name,,2021-12-31,ISTAT geometry 2021
063055,Poggiomarino,current_name,,2021-12-31,ISTAT geometry 2021
063056,Pollena Trocchia,current_name,,2021-12-31,ISTAT geometry 2021
063057,Pomigliano d'Arco,current_name,,2021-12-31,ISTAT geometry 2021
063058,Pompei,current_name,,2021-12-31,ISTAT geometry 2021
063059,Portici,current_name,,2021-12-31,ISTAT geometry 2021
063060,Pozzuoli,current_name,,2021-12-31,ISTAT geometry 2021
063061,Procida,current_name,,2021-12-31,ISTAT geometry 2021
063062,Qualiano,current_name,,2021-12-31,ISTAT geometry 2021
063063,Quarto,current_name,,2021-12-31,ISTAT geometry 2021
063064,Ercolano,current_name,,2021-12-31,ISTAT geometry 2021
063064,RESINA,historical_name,1936-10-28,1969-03-29,ANPR historical archive
063065,Roccarainola,current_name,,2021-12-31,ISTAT geometry 2021
063066,San Gennaro,historical_name,,1927-01-12,ISTAT SITUAS report 105
063066,San Gennaro Vesuviano,current_name,,2021-12-31,ISTAT geometry 2021
063067,San Giorgio a Cremano,current_name,,2021-12-31,ISTAT geometry 2021
063068,San Giuseppe,historical_name,,1893-07-01,ISTAT SITUAS report 103
063068,San Giuseppe Vesuviano,current_name,,2021-12-31,ISTAT geometry 2021
063069,San Paolo,historical_name,,1863-02-01,ISTAT SITUAS report 104
063069,San Paolo Bel Sito,current_name,,2021-12-31,ISTAT geometry 2021
063070,San Sebastiano,historical_name,,1863-05-10,ISTAT SITUAS report 104
063070,San Sebastiano al Vesuvio,current_name,,2021-12-31,ISTAT geometry 2021
063071,Sant'Agnello,current_name,,2021-12-31,ISTAT geometry 2021
063072,Sant'Anastasia,current_name,,2021-12-31,ISTAT geometry 2021
063073,Sant'Antimo,current_name,,2021-12-31,ISTAT geometry 2021
063074,Sant'Antonio Abate,current_name,,2021-12-31,ISTAT geometry 2021
063075,San Vitaliano,current_name,,2021-12-31,ISTAT geometry 2021
063076,Sant'Erasmo,historical_name,,1862-11-19,ISTAT SITUAS report 104
063076,Santeramo,historical_name,,1862-11-19,ISTAT SITUAS report 104
063076,Saviano,current_name,,2021-12-31,ISTAT geometry 2021
063077,Scisciano,current_name,,2021-12-31,ISTAT geometry 2021
063078,Serrara Fontana,current_name,,2021-12-31,ISTAT geometry 2021
063079,Somma,historical_name,,1863-05-10,ISTAT SITUAS report 104
063079,Somma Vesuviana,current_name,,2021-12-31,ISTAT geometry 2021
063080,Piano,historical_name,,1864-01-29,ISTAT SITUAS report 104
063080,Piano di Sorrento,historical_name,,1864-01-29,ISTAT SITUAS report 104
063080,Sant'Agnello,historical_name,,1866-01-01,ISTAT SITUAS report 103
063080,Sorrento,current_name,,2021-12-31,ISTAT geometry 2021
063081,Striano,current_name,,2021-12-31,ISTAT geometry 2021
063082,Terzigno,current_name,,2021-12-31,ISTAT geometry 2021
063083,Boscoreale,historical_name,,1877-05-01,ISTAT SITUAS report 103
063083,Boscotrecase,historical_name,,1877-05-01,ISTAT SITUAS report 103
063083,Torre Annunziata,current_name,,2021-12-31,ISTAT geometry 2021
063084,Torre del Greco,current_name,,2021-12-31,ISTAT geometry 2021
063085,Tufino,current_name,,2021-12-31,ISTAT geometry 2021
063086,Vico Equense,current_name,,2021-12-31,ISTAT geometry 2021
063087,Panicocoli,historical_name,,1871-06-20,ISTAT SITUAS report 104
063087,Villaricca,current_name,,2021-12-31,ISTAT geometry 2021
063088,Visciano,current_name,,2021-12-31,ISTAT geometry 2021
063089,Volla,current_name,,2021-12-31,ISTAT geometry 2021
063090,Santa Maria la Carità,current_name,,2021-12-31,ISTAT geometry 2021
063091,Trecase,current_name,,2021-12-31,ISTAT geometry 2021
063092,Massa di Somma,current_name,,2021-12-31,ISTAT geometry 2021
064001,Aiello,historical_name,,1863-04-10,ISTAT SITUAS report 104
064001,Aiello del Sabato,current_name,,2021-12-31,ISTAT geometry 2021
064001,Aiello del Sebeto,historical_name,,1863-04-10,ISTAT SITUAS report 104
064001,Tavernola,historical_name,,1862-12-20,ISTAT SITUAS report 104
064001,Tavernola San Felice,historical_name,,1862-12-20,ISTAT SITUAS report 104
064002,Altavilla,historical_name,,1863-02-01,ISTAT SITUAS report 104
064002,Altavilla Irpina,current_name,,2021-12-31,ISTAT geometry 2021
064003,Andretta,current_name,,2021-12-31,ISTAT geometry 2021
064004,Aquilonia,current_name,,2021-12-31,ISTAT geometry 2021
064004,Carbonara,historical_name,,1863-02-01,ISTAT SITUAS report 104
064005,Ariano,historical_name,,1868-12-31,ISTAT SITUAS report 104
064005,Ariano di Puglia,historical_name,,1868-12-31,ISTAT SITUAS report 104
064005,Ariano Irpino,current_name,,2021-12-31,ISTAT geometry 2021
064006,Atrialda,election_source_name,1999-06-13,1999-06-13,official election source label
064006,Atripalda,current_name,,2021-12-31,ISTAT geometry 2021
064007,Avella,current_name,,2021-12-31,ISTAT geometry 2021
064008,Avellino,current_name,,2021-12-31,ISTAT geometry 2021
064008,Bellizzi,historical_name,,1934-06-13,ISTAT SITUAS report 104
064008,Bellizzi Irpino,historical_name,,1934-06-13,ISTAT SITUAS report 104
064009,Bagnoli,historical_name,,1862-12-20,ISTAT SITUAS report 104
064009,Bagnoli Irpino,current_name,,2021-12-31,ISTAT geometry 2021
064010,Baiano,current_name,,2021-12-31,ISTAT geometry 2021
064011,Bisaccia,current_name,,2021-12-31,ISTAT geometry 2021
064012,Bonito,current_name,,2021-12-31,ISTAT geometry 2021
064013,Cairano,current_name,,2021-12-31,ISTAT geometry 2021
064014,Calabritto,current_name,,2021-12-31,ISTAT geometry 2021
064015,Calitri,current_name,,2021-12-31,ISTAT geometry 2021
064016,Candida,current_name,,2021-12-31,ISTAT geometry 2021
064017,Caposele,current_name,,2021-12-31,ISTAT geometry 2021
064018,Capriglia Irpina,current_name,,2021-12-31,ISTAT geometry 2021
064019,Carife,current_name,,2021-12-31,ISTAT geometry 2021
064020,Casalbore,current_name,,2021-12-31,ISTAT geometry 2021
064021,Cassano,historical_name,,1863-04-10,ISTAT SITUAS report 104
064021,Cassano Irpino,current_name,,2021-12-31,ISTAT geometry 2021
064022,Castel Baronia,current_name,,2021-12-31,ISTAT geometry 2021
064023,Castelfranci,current_name,,2021-12-31,ISTAT geometry 2021
064024,Castelvetere,historical_name,,1863-02-01,ISTAT SITUAS report 104
064024,CASTELVETERE DI CALORE,historical_name,1862-12-29,1950-07-19,ANPR historical archive
064024,Castelvetere sul Calore,current_name,,2021-12-31,ISTAT geometry 2021
064025,Cervinara,current_name,,2021-12-31,ISTAT geometry 2021
064026,Cesinali,current_name,,2021-12-31,ISTAT geometry 2021
064027,Chianche,current_name,,2021-12-31,ISTAT geometry 2021
064027,San Pietro Indelicato,historical_name,,1907-10-12,ISTAT SITUAS report 104
064027,San Pietro Irpino,historical_name,,1907-10-12,ISTAT SITUAS report 104
064028,Chiusano,historical_name,,1862-12-20,ISTAT SITUAS report 104
064028,Chiusano di San Domenico,current_name,,2021-12-31,ISTAT geometry 2021
064029,Contrada,current_name,,2021-12-31,ISTAT geometry 2021
064030,Conza della Campania,current_name,,2021-12-31,ISTAT geometry 2021
064031,Domicella,current_name,,2021-12-31,ISTAT geometry 2021
064032,Flumeri,current_name,,2021-12-31,ISTAT geometry 2021
064033,Fontanarosa,current_name,,2021-12-31,ISTAT geometry 2021
064034,Forino,current_name,,2021-12-31,ISTAT geometry 2021
064035,Frigento,current_name,,2021-12-31,ISTAT geometry 2021
064036,Gesualdo,current_name,,2021-12-31,ISTAT geometry 2021
064037,Greci,current_name,,2021-12-31,ISTAT geometry 2021
064038,Grottaminarda,current_name,,2021-12-31,ISTAT geometry 2021
064039,Grottolella,current_name,,2021-12-31,ISTAT geometry 2021
064040,Guardia Lombardi,current_name,,2021-12-31,ISTAT geometry 2021
064041,Lacedonia,current_name,,2021-12-31,ISTAT geometry 2021
064042,Lapio,current_name,,2021-12-31,ISTAT geometry 2021
064043,Lauro,current_name,,2021-12-31,ISTAT geometry 2021
064044,Lioni,current_name,,2021-12-31,ISTAT geometry 2021
064045,Luogosano,current_name,,2021-12-31,ISTAT geometry 2021
064046,Manocalzati,current_name,,2021-12-31,ISTAT geometry 2021
064047,Marzano,historical_name,,1862-11-27,ISTAT SITUAS report 104
064047,Marzano di Nola,current_name,,2021-12-31,ISTAT geometry 2021
064048,Melito,historical_name,,1862-11-28,ISTAT SITUAS report 104
064048,Melito Irpino,current_name,,2021-12-31,ISTAT geometry 2021
064048,Melito Valle Bonito,historical_name,,1862-11-28,ISTAT SITUAS report 104
064049,Mercogliano,current_name,,2021-12-31,ISTAT geometry 2021
064050,Mirabella,historical_name,,1863-02-01,ISTAT SITUAS report 104
064050,Mirabella Eclano,current_name,,2021-12-31,ISTAT geometry 2021
064051,Montaguto,current_name,,2021-12-31,ISTAT geometry 2021
064052,Montecalvo,historical_name,,1862-11-28,ISTAT SITUAS report 104
064052,Montecalvo Irpino,current_name,,2021-12-31,ISTAT geometry 2021
064053,Montefalcione,current_name,,2021-12-31,ISTAT geometry 2021
064054,Monteforte,historical_name,,1863-04-10,ISTAT SITUAS report 104
064054,Monteforte Irino,election_source_name,1999-06-13,1999-06-13,official election source label
064054,Monteforte Irpino,current_name,,2021-12-31,ISTAT geometry 2021
064055,Montefredane,current_name,,2021-12-31,ISTAT geometry 2021
064056,Montefusco,current_name,,2021-12-31,ISTAT geometry 2021
064057,Montella,current_name,,2021-12-31,ISTAT geometry 2021
064058,Montemarano,current_name,,2021-12-31,ISTAT geometry 2021
064059,Montemiletto,current_name,,2021-12-31,ISTAT geometry 2021
064060,Monteverde,current_name,,2021-12-31,ISTAT geometry 2021
064063,Morra,historical_name,,1863-04-10,ISTAT SITUAS report 104
064063,Morra De Sanctis,current_name,,2021-12-31,ISTAT geometry 2021
064063,Morra Irpino,historical_name,,1863-04-10,ISTAT SITUAS report 104
064064,Moschiano,current_name,,2021-12-31,ISTAT geometry 2021
064065,Mugnano,historical_name,,1863-05-27,ISTAT SITUAS report 104
064065,Mugnano del Cardinale,current_name,,2021-12-31,ISTAT geometry 2021
064066,Nusco,current_name,,2021-12-31,ISTAT geometry 2021
064067,Ospedaletto,historical_name,,1863-06-21,ISTAT SITUAS report 104
064067,Ospedaletto d'Alpinolo,current_name,,2021-12-31,ISTAT geometry 2021
064068,Pago,historical_name,,1862-12-20,ISTAT SITUAS report 104
064068,Pago del Vallo di Lauro,current_name,,2021-12-31,ISTAT geometry 2021
064069,Parolise,current_name,,2021-12-31,ISTAT geometry 2021
064070,Paterno,historical_name,,1864-01-29,ISTAT SITUAS report 104
064070,Paternopoli,current_name,,2021-12-31,ISTAT geometry 2021
064071,PETRURO,historical_name,1945-08-28,1950-05-22,ANPR historical archive
064071,Petruro Irpino,current_name,,2021-12-31,ISTAT geometry 2021
064072,Pietradefusi,current_name,,2021-12-31,ISTAT geometry 2021
064073,Pietrastornina,current_name,,2021-12-31,ISTAT geometry 2021
064074,Prata,historical_name,,1863-04-10,ISTAT SITUAS report 104
064074,Prata di Principato Ultra,current_name,,2021-12-31,ISTAT geometry 2021
064075,Pratola,historical_name,,1862-11-27,ISTAT SITUAS report 104
064075,Pratola Serra,current_name,,2021-12-31,ISTAT geometry 2021
064076,Quadrelle,current_name,,2021-12-31,ISTAT geometry 2021
064077,Quindici,current_name,,2021-12-31,ISTAT geometry 2021
064078,Roccabascerana,current_name,,2021-12-31,ISTAT geometry 2021
064079,Rocca San Felice,current_name,,2021-12-31,ISTAT geometry 2021
064080,Rotondi,current_name,,2021-12-31,ISTAT geometry 2021
064081,Salza,historical_name,,1862-11-27,ISTAT SITUAS report 104
064081,Salza Irpina,current_name,,2021-12-31,ISTAT geometry 2021
064081,Sorbo,historical_name,,1863-02-01,ISTAT SITUAS report 104
064081,Sorbo Serpico,historical_name,,1863-02-01,ISTAT SITUAS report 104
064082,San Mango,historical_name,,1863-06-21,ISTAT SITUAS report 104
064082,San Mango sul Calore,current_name,,2021-12-31,ISTAT geometry 2021
064083,San Martino Valle Caudina,current_name,,2021-12-31,ISTAT geometry 2021
064084,San Michele,historical_name,,1863-06-21,ISTAT SITUAS report 104
064084,San Michele di Serino,current_name,,2021-12-31,ISTAT geometry 2021
064085,San Nicola Baronia,current_name,,2021-12-31,ISTAT geometry 2021
064086,San Potito,historical_name,,1863-04-10,ISTAT SITUAS report 104
064086,San Potito Ultra,current_name,,2021-12-31,ISTAT geometry 2021
064087,San Sossio,historical_name,,1913-05-09,ISTAT SITUAS report 104
064087,San Sossio Baronia,current_name,,2021-12-31,ISTAT geometry 2021
064088,Santa Lucia,historical_name,,1862-11-27,ISTAT SITUAS report 104
064088,Santa Lucia di Larino,historical_name,,1862-11-27,ISTAT SITUAS report 104
064088,Santa Lucia di Serino,current_name,,2021-12-31,ISTAT geometry 2021
064089,Sant'Andrea,historical_name,,1863-04-10,ISTAT SITUAS report 104
064089,Sant'Andrea di Conza,current_name,,2021-12-31,ISTAT geometry 2021
064090,Sant'Angelo all'Esca,current_name,,2021-12-31,ISTAT geometry 2021
064091,Sant'Angelo a Scala,current_name,,2021-12-31,ISTAT geometry 2021
064092,Sant'Angelo dei Lombardi,current_name,,2021-12-31,ISTAT geometry 2021
064093,Santa Paolina,current_name,,2021-12-31,ISTAT geometry 2021
064095,Santo Stefano,historical_name,,1863-05-10,ISTAT SITUAS report 104
064095,Santo Stefano del Sole,current_name,,2021-12-31,ISTAT geometry 2021
064096,Savignano,historical_name,,1862-11-27,ISTAT SITUAS report 104
064096,SAVIGNANO DI PUGLIA,historical_name,1862-10-24,1963-07-30,ANPR historical archive
064096,Savignano Irpino,current_name,,2021-12-31,ISTAT geometry 2021
064097,Scampitella,current_name,,2021-12-31,ISTAT geometry 2021
064098,Senerchia,current_name,,2021-12-31,ISTAT geometry 2021
064099,Serino,current_name,,2021-12-31,ISTAT geometry 2021
064100,Sirignano,current_name,,2021-12-31,ISTAT geometry 2021
064101,Sant'Agata di Sotto,historical_name,,1923-09-12,ISTAT SITUAS report 104
064101,Sant'Agata Irpina,historical_name,,1923-09-12,ISTAT SITUAS report 104
064101,Solofra,current_name,,2021-12-31,ISTAT geometry 2021
064102,Sorbo Serpico,current_name,,2021-12-31,ISTAT geometry 2021
064103,Sperone,current_name,,2021-12-31,ISTAT geometry 2021
064104,Sturno,current_name,,2021-12-31,ISTAT geometry 2021
064105,Summonte,current_name,,2021-12-31,ISTAT geometry 2021
064106,Taurano,current_name,,2021-12-31,ISTAT geometry 2021
064107,Taurasi,current_name,,2021-12-31,ISTAT geometry 2021
064108,Teora,current_name,,2021-12-31,ISTAT geometry 2021
064109,Torella,historical_name,,1862-11-27,ISTAT SITUAS report 104
064109,Torella De' Lombardi,election_source_name,1946-06-02,1946-06-02,official election source label
064109,Torella dei Lombardi,current_name,,2021-12-31,ISTAT geometry 2021
064110,Torre Le Nocelle,current_name,,2021-12-31,ISTAT geometry 2021
064111,Torrioni,current_name,,2021-12-31,ISTAT geometry 2021
064112,Trevico,current_name,,2021-12-31,ISTAT geometry 2021
064113,Tufo,current_name,,2021-12-31,ISTAT geometry 2021
064114,Vallata,current_name,,2021-12-31,ISTAT geometry 2021
064115,Vallesaccarda,current_name,,2021-12-31,ISTAT geometry 2021
064116,Venticano,current_name,,2021-12-31,ISTAT geometry 2021
064117,Villamaina,current_name,,2021-12-31,ISTAT geometry 2021
064118,Villanova,historical_name,,1862-11-28,ISTAT SITUAS report 104
064118,Villanova del Battista,current_name,,2021-12-31,ISTAT geometry 2021
064119,Volturara,historical_name,,1863-02-01,ISTAT SITUAS report 104
064119,Volturara Irpina,current_name,,2021-12-31,ISTAT geometry 2021
064120,Zungoli,current_name,,2021-12-31,ISTAT geometry 2021
064121,Montoro,current_name,,2021-12-31,ISTAT geometry 2021
064121,MONTORO INFERIORE,historical_name,1861-03-17,2013-12-02,ANPR historical archive
064121,Montoro Sueriore,election_source_name,1999-06-13,1999-06-13,official election source label
064121,MONTORO SUPERIORE,historical_name,1861-03-17,2013-12-02,ANPR historical archive
065001,Acerno,current_name,,2021-12-31,ISTAT geometry 2021
065002,Agropoli,current_name,,2021-12-31,ISTAT geometry 2021
065003,Albanella,current_name,,2021-12-31,ISTAT geometry 2021
065004,Alfano,current_name,,2021-12-31,ISTAT geometry 2021
065005,Altavilla,historical_name,,1863-02-01,ISTAT SITUAS report 104
065005,Altavilla Silentina,current_name,,2021-12-31,ISTAT geometry 2021
065006,Amalfi,current_name,,2021-12-31,ISTAT geometry 2021
065007,Angri,current_name,,2021-12-31,ISTAT geometry 2021
065007,Sant'Egidio,historical_name,,1863-05-10,ISTAT SITUAS report 104
065007,Sant'Egidio del Monte Albino,historical_name,,1863-05-10,ISTAT SITUAS report 104
065008,Aquara,current_name,,2021-12-31,ISTAT geometry 2021
065009,Ascea,current_name,,2021-12-31,ISTAT geometry 2021
065010,Atena,historical_name,,1880-06-01,ISTAT SITUAS report 104
065010,Atena Lucana,current_name,,2021-12-31,ISTAT geometry 2021
065011,Atrani,current_name,,2021-12-31,ISTAT geometry 2021
065012,Auletta,current_name,,2021-12-31,ISTAT geometry 2021
065013,Baronissi,current_name,,2021-12-31,ISTAT geometry 2021
065014,Battipaglia,current_name,,2021-12-31,ISTAT geometry 2021
065015,Bellosguardo,current_name,,2021-12-31,ISTAT geometry 2021
065016,Bracigliano,current_name,,2021-12-31,ISTAT geometry 2021
065017,Buccino,current_name,,2021-12-31,ISTAT geometry 2021
065018,Buonabitacolo,current_name,,2021-12-31,ISTAT geometry 2021
065019,Caggiano,current_name,,2021-12-31,ISTAT geometry 2021
065020,Calvanico,current_name,,2021-12-31,ISTAT geometry 2021
065021,Camerota,current_name,,2021-12-31,ISTAT geometry 2021
065022,Campagna,current_name,,2021-12-31,ISTAT geometry 2021
065023,Campora,current_name,,2021-12-31,ISTAT geometry 2021
065024,Cannalonga,current_name,,2021-12-31,ISTAT geometry 2021
065025,CAPACCIO,historical_name,1861-03-17,2016-06-09,ANPR historical archive
065025,Capaccio Paestum,current_name,,2021-12-31,ISTAT geometry 2021
065026,Casalbuono,current_name,,2021-12-31,ISTAT geometry 2021
065026,Casalnuovo,historical_name,,1863-02-01,ISTAT SITUAS report 104
065027,Casaletto,historical_name,,1863-02-01,ISTAT SITUAS report 104
065027,Casaletto Spartano,current_name,,2021-12-31,ISTAT geometry 2021
065028,Casal Velino,current_name,,2021-12-31,ISTAT geometry 2021
065028,Casalicchio,historical_name,,1893-06-20,ISTAT SITUAS report 104
065029,Caselle,historical_name,,1863-04-10,ISTAT SITUAS report 104
065029,Caselle in Pittari,current_name,,2021-12-31,ISTAT geometry 2021
065030,Castelcivita,current_name,,2021-12-31,ISTAT geometry 2021
065030,Castelluccia,historical_name,,1864-02-02,ISTAT SITUAS report 104
065031,Castellabate,current_name,,2021-12-31,ISTAT geometry 2021
065032,Castelnuovo Cilento,current_name,,2021-12-31,ISTAT geometry 2021
065033,Castelnuovo di Conza,current_name,,2021-12-31,ISTAT geometry 2021
065034,Castel San Giorgio,current_name,,2021-12-31,ISTAT geometry 2021
065034,San Giorgio,historical_name,,1863-05-10,ISTAT SITUAS report 104
065035,Castel San Lorenzo,current_name,,2021-12-31,ISTAT geometry 2021
065036,Castiglione del Genovesi,current_name,,2021-12-31,ISTAT geometry 2021
065037,Cava,historical_name,,1862-11-28,ISTAT SITUAS report 104
065037,Cava de' Tirreni,current_name,,2021-12-31,ISTAT geometry 2021
065038,Celle,historical_name,,1863-02-01,ISTAT SITUAS report 104
065038,Celle di Bulgheria,current_name,,2021-12-31,ISTAT geometry 2021
065039,Centola,current_name,,2021-12-31,ISTAT geometry 2021
065040,Ceraso,current_name,,2021-12-31,ISTAT geometry 2021
065041,Cetara,current_name,,2021-12-31,ISTAT geometry 2021
065042,Cicerale,current_name,,2021-12-31,ISTAT geometry 2021
065043,Colliano,current_name,,2021-12-31,ISTAT geometry 2021
065044,Conca,historical_name,,1863-04-10,ISTAT SITUAS report 104
065044,Conca dei Marini,current_name,,2021-12-31,ISTAT geometry 2021
065045,Controne,current_name,,2021-12-31,ISTAT geometry 2021
065046,CONTURSI,historical_name,1861-03-17,1974-04-06,ANPR historical archive
065046,Contursi Terme,current_name,,2021-12-31,ISTAT geometry 2021
065047,Corbara,current_name,,2021-12-31,ISTAT geometry 2021
065048,Corleto,historical_name,,1863-04-10,ISTAT SITUAS report 104
065048,Corleto Monforte,current_name,,2021-12-31,ISTAT geometry 2021
065049,Cuccaro,historical_name,,1863-02-01,ISTAT SITUAS report 104
065049,Cuccaro Vetere,current_name,,2021-12-31,ISTAT geometry 2021
065050,Eboli,current_name,,2021-12-31,ISTAT geometry 2021
065051,Felitto,current_name,,2021-12-31,ISTAT geometry 2021
065052,Fisciano,current_name,,2021-12-31,ISTAT geometry 2021
065053,Furore,current_name,,2021-12-31,ISTAT geometry 2021
065054,Futani,current_name,,2021-12-31,ISTAT geometry 2021
065055,Giffoni Sei Casali,current_name,,2021-12-31,ISTAT geometry 2021
065056,Giffoni Valle Iana,election_source_name,1999-06-13,1999-06-13,official election source label
065056,Giffoni Valle Piana,current_name,,2021-12-31,ISTAT geometry 2021
065057,Gioi,current_name,,2021-12-31,ISTAT geometry 2021
065058,Giungano,current_name,,2021-12-31,ISTAT geometry 2021
065059,Ispani,current_name,,2021-12-31,ISTAT geometry 2021
065060,Laureana,historical_name,,1863-02-01,ISTAT SITUAS report 104
065060,Laureana Cilento,current_name,,2021-12-31,ISTAT geometry 2021
065061,Laurino,current_name,,2021-12-31,ISTAT geometry 2021
065062,Laurito,current_name,,2021-12-31,ISTAT geometry 2021
065063,Laviano,current_name,,2021-12-31,ISTAT geometry 2021
065064,Lustra,current_name,,2021-12-31,ISTAT geometry 2021
065065,Magliano Vetere,current_name,,2021-12-31,ISTAT geometry 2021
065066,Maiori,current_name,,2021-12-31,ISTAT geometry 2021
065067,Mercato,historical_name,,1864-12-07,ISTAT SITUAS report 104
065067,Mercato San Severino,current_name,,2021-12-31,ISTAT geometry 2021
065067,San Severino Rota,historical_name,,1934-12-07,ISTAT SITUAS report 104
065067,Sanseverino Rota,historical_name,,1935-10-30,ISTAT SITUAS report 104
065068,Minori,current_name,,2021-12-31,ISTAT geometry 2021
065069,Moio della Civitella,current_name,,2021-12-31,ISTAT geometry 2021
065070,Montano,historical_name,,1864-02-02,ISTAT SITUAS report 104
065070,Montano Antilia,current_name,,2021-12-31,ISTAT geometry 2021
065071,Montecorice,current_name,,2021-12-31,ISTAT geometry 2021
065071,Ortodonico,historical_name,,1930-07-10,ISTAT SITUAS report 104
065072,Montecorvino Pugliano,current_name,,2021-12-31,ISTAT geometry 2021
065073,Montecorvino Rovella,current_name,,2021-12-31,ISTAT geometry 2021
065074,Monteforte,historical_name,,1863-02-01,ISTAT SITUAS report 104
065074,Monteforte Cilento,current_name,,2021-12-31,ISTAT geometry 2021
065075,Monte San Giacomo,current_name,,2021-12-31,ISTAT geometry 2021
065075,San Giacomo,historical_name,,1863-02-01,ISTAT SITUAS report 104
065076,Montesano,historical_name,,1863-02-01,ISTAT SITUAS report 104
065076,Montesano sulla Marcellana,current_name,,2021-12-31,ISTAT geometry 2021
065077,Morigerati,current_name,,2021-12-31,ISTAT geometry 2021
065078,Nocera Inferiore,current_name,,2021-12-31,ISTAT geometry 2021
065079,Nocera Superiore,current_name,,2021-12-31,ISTAT geometry 2021
065080,Novi Velia,current_name,,2021-12-31,ISTAT geometry 2021
065081,Ogliastro,historical_name,,1863-02-01,ISTAT SITUAS report 104
065081,Ogliastro Cilento,current_name,,2021-12-31,ISTAT geometry 2021
065082,Olevano,historical_name,,1863-02-01,ISTAT SITUAS report 104
065082,Olevano sul Fusciano,historical_name,,1863-02-01,ISTAT SITUAS report 104
065082,Olevano sul Tusciano,current_name,,2021-12-31,ISTAT geometry 2021
065083,Oliveto,historical_name,,1863-05-10,ISTAT SITUAS report 104
065083,Oliveto Citra,current_name,,2021-12-31,ISTAT geometry 2021
065084,Omignano,current_name,,2021-12-31,ISTAT geometry 2021
065085,Orria,current_name,,2021-12-31,ISTAT geometry 2021
065086,Ottati,current_name,,2021-12-31,ISTAT geometry 2021
065087,Padula,current_name,,2021-12-31,ISTAT geometry 2021
065088,Pagani,current_name,,2021-12-31,ISTAT geometry 2021
065089,Palo,historical_name,,1862-11-28,ISTAT SITUAS report 104
065089,Palomonte,current_name,,2021-12-31,ISTAT geometry 2021
065090,Pellezzano,current_name,,2021-12-31,ISTAT geometry 2021
065091,Perdifumo,current_name,,2021-12-31,ISTAT geometry 2021
065092,Perito,current_name,,2021-12-31,ISTAT geometry 2021
065093,Pertosa,current_name,,2021-12-31,ISTAT geometry 2021
065094,Petina,current_name,,2021-12-31,ISTAT geometry 2021
065095,Piaggine,current_name,,2021-12-31,ISTAT geometry 2021
065095,Piaggine Sottane,historical_name,,1873-05-14,ISTAT SITUAS report 104
065095,Valle dell'Angelo,historical_name,,1873-05-14,ISTAT SITUAS report 104
065096,Pisciotta,current_name,,2021-12-31,ISTAT geometry 2021
065097,Polla,current_name,,2021-12-31,ISTAT geometry 2021
065098,Pollica,current_name,,2021-12-31,ISTAT geometry 2021
065099,Pontecagnano Faiano,current_name,,2021-12-31,ISTAT geometry 2021
065100,Positano,current_name,,2021-12-31,ISTAT geometry 2021
065101,Postiglione,current_name,,2021-12-31,ISTAT geometry 2021
065102,Praiano,current_name,,2021-12-31,ISTAT geometry 2021
065103,Prignano Cilento,current_name,,2021-12-31,ISTAT geometry 2021
065104,Ravello,current_name,,2021-12-31,ISTAT geometry 2021
065105,Ricigliano,current_name,,2021-12-31,ISTAT geometry 2021
065106,Roccadaspide,current_name,,2021-12-31,ISTAT geometry 2021
065107,Roccagloriosa,current_name,,2021-12-31,ISTAT geometry 2021
065108,Roccaiemonte,election_source_name,1999-06-13,1999-06-13,official election source label
065108,Roccapiemonte,current_name,,2021-12-31,ISTAT geometry 2021
065109,Rofrano,current_name,,2021-12-31,ISTAT geometry 2021
065110,Romagnano,historical_name,,1863-04-10,ISTAT SITUAS report 104
065110,Romagnano al Monte,current_name,,2021-12-31,ISTAT geometry 2021
065111,Roscigno,current_name,,2021-12-31,ISTAT geometry 2021
065112,Rutino,current_name,,2021-12-31,ISTAT geometry 2021
065113,Sacco,current_name,,2021-12-31,ISTAT geometry 2021
065114,Sala,historical_name,,1863-05-10,ISTAT SITUAS report 104
065114,Sala Consilina,current_name,,2021-12-31,ISTAT geometry 2021
065115,Sala di Gioi,historical_name,,1863-05-27,ISTAT SITUAS report 104
065115,Salento,current_name,,2021-12-31,ISTAT geometry 2021
065116,Salerno,current_name,,2021-12-31,ISTAT geometry 2021
065116,Salerno centro,election_source_name,1994-03-27,1994-03-27,official election source label
065117,Salvitelle,current_name,,2021-12-31,ISTAT geometry 2021
065118,Castiglione,historical_name,,1862-11-28,ISTAT SITUAS report 104
065118,Castiglione del Genovesi,historical_name,,1862-11-28,ISTAT SITUAS report 104
065118,San Cipriano,historical_name,,1862-11-28,ISTAT SITUAS report 104
065118,San Cipriano Picentino,current_name,,2021-12-31,ISTAT geometry 2021
065119,San Giovanni a Piro,current_name,,2021-12-31,ISTAT geometry 2021
065120,San Gregorio,historical_name,,1863-05-10,ISTAT SITUAS report 104
065120,San Gregorio Magno,current_name,,2021-12-31,ISTAT geometry 2021
065121,San Mango,historical_name,,1862-11-28,ISTAT SITUAS report 104
065121,San Mango Piemonte,current_name,,2021-12-31,ISTAT geometry 2021
065122,San Marzano,historical_name,,1862-11-28,ISTAT SITUAS report 104
065122,San Marzano sul Sarno,current_name,,2021-12-31,ISTAT geometry 2021
065123,San Mauro Cilento,current_name,,2021-12-31,ISTAT geometry 2021
065124,San Mauro la Bruca,current_name,,2021-12-31,ISTAT geometry 2021
065125,San Pietro,historical_name,,1863-02-01,ISTAT SITUAS report 104
065125,San Pietro al Tanagro,current_name,,2021-12-31,ISTAT geometry 2021
065126,San Rufo,current_name,,2021-12-31,ISTAT geometry 2021
065127,Santa Marina,current_name,,2021-12-31,ISTAT geometry 2021
065128,Sant'Angelo a Fasanella,current_name,,2021-12-31,ISTAT geometry 2021
065129,Sant'Arsenio,current_name,,2021-12-31,ISTAT geometry 2021
065130,Sant'Egidio del Monte Albino,current_name,,2021-12-31,ISTAT geometry 2021
065131,Santa Menna,historical_name,,1881-04-01,ISTAT SITUAS report 104
065131,Santomenna,current_name,,2021-12-31,ISTAT geometry 2021
065132,San Valentino,historical_name,,1863-04-10,ISTAT SITUAS report 104
065132,San Valentino Torio,current_name,,2021-12-31,ISTAT geometry 2021
065133,Sanza,current_name,,2021-12-31,ISTAT geometry 2021
065134,Sapri,current_name,,2021-12-31,ISTAT geometry 2021
065135,Sarno,current_name,,2021-12-31,ISTAT geometry 2021
065136,Sassano,current_name,,2021-12-31,ISTAT geometry 2021
065137,Scafati,current_name,,2021-12-31,ISTAT geometry 2021
065138,Scala,current_name,,2021-12-31,ISTAT geometry 2021
065139,Serramezzana,current_name,,2021-12-31,ISTAT geometry 2021
065140,Serre,current_name,,2021-12-31,ISTAT geometry 2021
065141,Sessa Cilento,current_name,,2021-12-31,ISTAT geometry 2021
065142,Siano,current_name,,2021-12-31,ISTAT geometry 2021
065143,Sicignano,historical_name,,1929-02-08,ISTAT SITUAS report 104
065143,Sicignano degli Alburni,current_name,,2021-12-31,ISTAT geometry 2021
065144,Porcili,historical_name,,1871-11-11,ISTAT SITUAS report 104
065144,Stella Cilento,current_name,,2021-12-31,ISTAT geometry 2021
065145,Stio,current_name,,2021-12-31,ISTAT geometry 2021
065146,Diano,historical_name,,1863-02-01,ISTAT SITUAS report 104
065146,Teggiano,current_name,,2021-12-31,ISTAT geometry 2021
065147,Prignano,historical_name,,1863-02-01,ISTAT SITUAS report 104
065147,Prignano Cilento,historical_name,,1863-02-01,ISTAT SITUAS report 104
065147,Torchiara,current_name,,2021-12-31,ISTAT geometry 2021
065148,Torraca,current_name,,2021-12-31,ISTAT geometry 2021
065149,Torre Orsaia,current_name,,2021-12-31,ISTAT geometry 2021
065150,Tortorella,current_name,,2021-12-31,ISTAT geometry 2021
065151,Tramonti,current_name,,2021-12-31,ISTAT geometry 2021
065152,Trentinara,current_name,,2021-12-31,ISTAT geometry 2021
065153,Valle dell'Angelo,current_name,,2021-12-31,ISTAT geometry 2021
065154,Mojo,historical_name,,1863-05-10,ISTAT SITUAS report 104
065154,Moio della Civitella,historical_name,,1863-05-10,ISTAT SITUAS report 104
065154,Novi,historical_name,,1863-02-01,ISTAT SITUAS report 104
065154,Novi Velia,historical_name,,1863-02-01,ISTAT SITUAS report 104
065154,Vallo,historical_name,,1863-02-01,ISTAT SITUAS report 104
065154,Vallo della Lucania,current_name,,2021-12-31,ISTAT geometry 2021
065155,Valva,current_name,,2021-12-31,ISTAT geometry 2021
065156,Vibonati,current_name,,2021-12-31,ISTAT geometry 2021
065157,Vietri,historical_name,,1863-02-01,ISTAT SITUAS report 104
065157,Vietri sul Mare,current_name,,2021-12-31,ISTAT geometry 2021
065158,Bellizzi,current_name,,2021-12-31,ISTAT geometry 2021
066001,Acciano,current_name,,2021-12-31,ISTAT geometry 2021
066002,Aielli,current_name,,2021-12-31,ISTAT geometry 2021
066003,Alfedena,current_name,,2021-12-31,ISTAT geometry 2021
066004,Anversa,historical_name,,1926-12-24,ISTAT SITUAS report 104
066004,Anversa degli Abruzzi,current_name,,2021-12-31,ISTAT geometry 2021
066005,Ateleta,current_name,,2021-12-31,ISTAT geometry 2021
066006,Avezzano,current_name,,2021-12-31,ISTAT geometry 2021
066007,Balsorano,current_name,,2021-12-31,ISTAT geometry 2021
066008,Barete,current_name,,2021-12-31,ISTAT geometry 2021
066009,Barisciano,current_name,,2021-12-31,ISTAT geometry 2021
066010,Barrea,current_name,,2021-12-31,ISTAT geometry 2021
066011,Bisegna,current_name,,2021-12-31,ISTAT geometry 2021
066012,Bugnara,current_name,,2021-12-31,ISTAT geometry 2021
066013,Cagnano,historical_name,,1864-06-23,ISTAT SITUAS report 104
066013,Cagnano Amiterno,current_name,,2021-12-31,ISTAT geometry 2021
066014,Calascio,current_name,,2021-12-31,ISTAT geometry 2021
066015,Campo di Giove,current_name,,2021-12-31,ISTAT geometry 2021
066016,Campotosto,current_name,,2021-12-31,ISTAT geometry 2021
066017,Canistro,current_name,,2021-12-31,ISTAT geometry 2021
066018,Cansano,current_name,,2021-12-31,ISTAT geometry 2021
066019,Capestrano,current_name,,2021-12-31,ISTAT geometry 2021
066020,Caistrello,election_source_name,1999-06-13,1999-06-13,official election source label
066020,Capistrello,current_name,,2021-12-31,ISTAT geometry 2021
066021,Capitignano,current_name,,2021-12-31,ISTAT geometry 2021
066022,Caporciano,current_name,,2021-12-31,ISTAT geometry 2021
066023,Cappadocia,current_name,,2021-12-31,ISTAT geometry 2021
066024,Carapelle,historical_name,,1874-06-26,ISTAT SITUAS report 104
066024,Carapelle Calvisio,current_name,,2021-12-31,ISTAT geometry 2021
066025,Carsoli,current_name,,2021-12-31,ISTAT geometry 2021
066026,Castel del Monte,current_name,,2021-12-31,ISTAT geometry 2021
066027,Castel di Ieri,current_name,,2021-12-31,ISTAT geometry 2021
066028,Castel di Sangro,current_name,,2021-12-31,ISTAT geometry 2021
066029,Castellafiume,current_name,,2021-12-31,ISTAT geometry 2021
066030,Castelvecchio Calvisio,current_name,,2021-12-31,ISTAT geometry 2021
066031,Castelvecchio Subequo,current_name,,2021-12-31,ISTAT geometry 2021
066032,Celano,current_name,,2021-12-31,ISTAT geometry 2021
066033,Cerchio,current_name,,2021-12-31,ISTAT geometry 2021
066034,Civita d'Antino,current_name,,2021-12-31,ISTAT geometry 2021
066035,Civitella Alfedena,current_name,,2021-12-31,ISTAT geometry 2021
066036,Civitella Roveto,current_name,,2021-12-31,ISTAT geometry 2021
066037,Cocullo,current_name,,2021-12-31,ISTAT geometry 2021
066038,Collarmele,current_name,,2021-12-31,ISTAT geometry 2021
066039,Collelongo,current_name,,2021-12-31,ISTAT geometry 2021
066040,Collepietro,current_name,,2021-12-31,ISTAT geometry 2021
066041,Corfinio,current_name,,2021-12-31,ISTAT geometry 2021
066041,Pentima,historical_name,,1928-12-07,ISTAT SITUAS report 104
066042,Fagnano,historical_name,,1863-06-21,ISTAT SITUAS report 104
066042,Fagnano Alto,current_name,,2021-12-31,ISTAT geometry 2021
066043,Fontecchio,current_name,,2021-12-31,ISTAT geometry 2021
066044,Fossa,current_name,,2021-12-31,ISTAT geometry 2021
066045,Gagliano,historical_name,,1864-06-23,ISTAT SITUAS report 104
066045,Gagliano Aterno,current_name,,2021-12-31,ISTAT geometry 2021
066046,Gioia,historical_name,,1863-06-21,ISTAT SITUAS report 104
066046,Gioia dei Marsi,current_name,,2021-12-31,ISTAT geometry 2021
066047,Goriano Sicoli,current_name,,2021-12-31,ISTAT geometry 2021
066048,Introdacqua,current_name,,2021-12-31,ISTAT geometry 2021
066049,Aquila,historical_name,,1863-06-21,ISTAT SITUAS report 104
066049,Aquila degli Abruzzi,historical_name,,1863-06-21,ISTAT SITUAS report 104
066049,L'Aquila,current_name,,2021-12-31,ISTAT geometry 2021
066049,Roio,historical_name,,1863-06-21,ISTAT SITUAS report 104
066049,Roio Piano,historical_name,,1863-06-21,ISTAT SITUAS report 104
066050,Lecce,historical_name,,1863-06-21,ISTAT SITUAS report 104
066050,Lecce nei Marsi,current_name,,2021-12-31,ISTAT geometry 2021
066051,Luco dei Marsi,current_name,,2021-12-31,ISTAT geometry 2021
066052,Lucoli,current_name,,2021-12-31,ISTAT geometry 2021
066053,Magliano,historical_name,,1864-06-23,ISTAT SITUAS report 104
066053,Magliano de' Marsi,current_name,,2021-12-31,ISTAT geometry 2021
066054,Massa,historical_name,,1863-06-21,ISTAT SITUAS report 104
066054,Massa d'Albe,current_name,,2021-12-31,ISTAT geometry 2021
066055,Goriano Valli,historical_name,,1889-08-22,ISTAT SITUAS report 104
066055,Molina Aterno,current_name,,2021-12-31,ISTAT geometry 2021
066056,Montereale,current_name,,2021-12-31,ISTAT geometry 2021
066057,Morino,current_name,,2021-12-31,ISTAT geometry 2021
066058,Navelli,current_name,,2021-12-31,ISTAT geometry 2021
066059,Ocre,current_name,,2021-12-31,ISTAT geometry 2021
066060,Ofena,current_name,,2021-12-31,ISTAT geometry 2021
066061,Opi,current_name,,2021-12-31,ISTAT geometry 2021
066062,Oricola,current_name,,2021-12-31,ISTAT geometry 2021
066063,Ortona dei Marsi,current_name,,2021-12-31,ISTAT geometry 2021
066064,Ortucchio,current_name,,2021-12-31,ISTAT geometry 2021
066065,Ovindoli,current_name,,2021-12-31,ISTAT geometry 2021
066066,Pacentro,current_name,,2021-12-31,ISTAT geometry 2021
066067,Pereto,current_name,,2021-12-31,ISTAT geometry 2021
066068,Pescasseroli,current_name,,2021-12-31,ISTAT geometry 2021
066069,Pescina,current_name,,2021-12-31,ISTAT geometry 2021
066070,Pescocostanzo,current_name,,2021-12-31,ISTAT geometry 2021
066071,Pettorano,historical_name,,1863-06-21,ISTAT SITUAS report 104
066071,Pettorano sul Gizio,current_name,,2021-12-31,ISTAT geometry 2021
066072,Pizzoli,current_name,,2021-12-31,ISTAT geometry 2021
066073,Poggio Picenze,current_name,,2021-12-31,ISTAT geometry 2021
066074,Prata,historical_name,,1863-06-21,ISTAT SITUAS report 104
066074,Prata d'Ansidonia,current_name,,2021-12-31,ISTAT geometry 2021
066075,Pratola,historical_name,,1863-06-21,ISTAT SITUAS report 104
066075,Pratola Peligna,current_name,,2021-12-31,ISTAT geometry 2021
066076,Prezza,current_name,,2021-12-31,ISTAT geometry 2021
066077,Raiano,current_name,,2021-12-31,ISTAT geometry 2021
066078,Rivisondoli,current_name,,2021-12-31,ISTAT geometry 2021
066079,Roccacasale,current_name,,2021-12-31,ISTAT geometry 2021
066080,Rocca di Botte,current_name,,2021-12-31,ISTAT geometry 2021
066081,Rocca di Cambio,current_name,,2021-12-31,ISTAT geometry 2021
066082,Rocca di Mezzo,current_name,,2021-12-31,ISTAT geometry 2021
066083,Rocca Pia,current_name,,2021-12-31,ISTAT geometry 2021
066083,Roccavalleoscura,historical_name,,1866-01-22,ISTAT SITUAS report 104
066084,Roccaraso,current_name,,2021-12-31,ISTAT geometry 2021
066085,San Benedetto dei Marsi,current_name,,2021-12-31,ISTAT geometry 2021
066086,San Benedetto in Perillis,current_name,,2021-12-31,ISTAT geometry 2021
066087,San Demetrio,historical_name,,1863-06-21,ISTAT SITUAS report 104
066087,San Demetrio ne' Vestini,current_name,,2021-12-31,ISTAT geometry 2021
066087,Sant'Eusanio,historical_name,,1863-06-21,ISTAT SITUAS report 104
066087,Sant'Eusanio Forconese,historical_name,,1863-06-21,ISTAT SITUAS report 104
066088,San Pio delle Camere,current_name,,2021-12-31,ISTAT geometry 2021
066089,Sante Marie,current_name,,2021-12-31,ISTAT geometry 2021
066090,Sant'Eusanio Forconese,current_name,,2021-12-31,ISTAT geometry 2021
066091,Santo Stefano,historical_name,,1863-06-21,ISTAT SITUAS report 104
066091,Santo Stefano di Sessanio,current_name,,2021-12-31,ISTAT geometry 2021
066092,San Vincenzo,historical_name,,1864-06-23,ISTAT SITUAS report 104
066092,San Vincenzo Valle Roveto,current_name,,2021-12-31,ISTAT geometry 2021
066093,Scanno,current_name,,2021-12-31,ISTAT geometry 2021
066094,Scontrone,current_name,,2021-12-31,ISTAT geometry 2021
066095,Scoppito,current_name,,2021-12-31,ISTAT geometry 2021
066096,Scurcola,historical_name,,1911-05-14,ISTAT SITUAS report 104
066096,Scurcola Marsicana,current_name,,2021-12-31,ISTAT geometry 2021
066097,Secinaro,current_name,,2021-12-31,ISTAT geometry 2021
066098,Solmona,historical_name,,1902-06-10,ISTAT SITUAS report 104
066098,Sulmona,current_name,,2021-12-31,ISTAT geometry 2021
066099,Tagliacozzo,current_name,,2021-12-31,ISTAT geometry 2021
066100,Tione,historical_name,,1928-05-04,ISTAT SITUAS report 104
066100,Tione degli Abruzzi,current_name,,2021-12-31,ISTAT geometry 2021
066101,Tornimparte,current_name,,2021-12-31,ISTAT geometry 2021
066102,Trasacco,current_name,,2021-12-31,ISTAT geometry 2021
066103,Villalago,current_name,,2021-12-31,ISTAT geometry 2021
066104,Villa Santa Lucia degli Abruzzi,current_name,,2021-12-31,ISTAT geometry 2021
066105,Villa Sant'Angelo,current_name,,2021-12-31,ISTAT geometry 2021
066106,Villavallelonga,current_name,,2021-12-31,ISTAT geometry 2021
066107,Villetta Barrea,current_name,,2021-12-31,ISTAT geometry 2021
066108,Vittorito,current_name,,2021-12-31,ISTAT geometry 2021
067001,Alba Adriatica,current_name,,2021-12-31,ISTAT geometry 2021
067002,Ancarano,current_name,,2021-12-31,ISTAT geometry 2021
067003,Arsita,current_name,,2021-12-31,ISTAT geometry 2021
067003,Bacucco,historical_name,,1906-02-16,ISTAT SITUAS report 104
067004,Atri,current_name,,2021-12-31,ISTAT geometry 2021
067005,Basciano,current_name,,2021-12-31,ISTAT geometry 2021
067006,Bellante,current_name,,2021-12-31,ISTAT geometry 2021
067007,Bisenti,current_name,,2021-12-31,ISTAT geometry 2021
067008,Campli,current_name,,2021-12-31,ISTAT geometry 2021
067009,Canzano,current_name,,2021-12-31,ISTAT geometry 2021
067010,Castagna,historical_name,,1863-09-27,ISTAT SITUAS report 104
067010,Castel Castagna,current_name,,2021-12-31,ISTAT geometry 2021
067011,Castellalto,current_name,,2021-12-31,ISTAT geometry 2021
067012,Castelli,current_name,,2021-12-31,ISTAT geometry 2021
067013,Castiglione Messer Raimondo,current_name,,2021-12-31,ISTAT geometry 2021
067014,Castilenti,current_name,,2021-12-31,ISTAT geometry 2021
067015,Cellino,historical_name,,1863-09-27,ISTAT SITUAS report 104
067015,Cellino Attanasio,current_name,,2021-12-31,ISTAT geometry 2021
067016,Cermignano,current_name,,2021-12-31,ISTAT geometry 2021
067017,Civitella del Tronto,current_name,,2021-12-31,ISTAT geometry 2021
067018,Castiglione della Valle,historical_name,,1870-03-01,ISTAT SITUAS report 103
067018,Colledara,current_name,,2021-12-31,ISTAT geometry 2021
067019,Colonnella,current_name,,2021-12-31,ISTAT geometry 2021
067020,Controguerra,current_name,,2021-12-31,ISTAT geometry 2021
067021,Corropoli,current_name,,2021-12-31,ISTAT geometry 2021
067022,Cortino,current_name,,2021-12-31,ISTAT geometry 2021
067023,Crognaleto,current_name,,2021-12-31,ISTAT geometry 2021
067024,Fano Adriano,current_name,,2021-12-31,ISTAT geometry 2021
067025,Giulianova,current_name,,2021-12-31,ISTAT geometry 2021
067026,Isola,historical_name,,1863-09-27,ISTAT SITUAS report 104
067026,Isola del Gran Sasso d'Italia,current_name,,2021-12-31,ISTAT geometry 2021
067027,Montefino,current_name,,2021-12-31,ISTAT geometry 2021
067027,Montesecco,historical_name,,1863-09-27,ISTAT SITUAS report 104
067028,Montorio,historical_name,,1863-09-27,ISTAT SITUAS report 104
067028,Montorio al Vomano,current_name,,2021-12-31,ISTAT geometry 2021
067029,Morro,historical_name,,1864-01-29,ISTAT SITUAS report 104
067029,Morro d'Oro,current_name,,2021-12-31,ISTAT geometry 2021
067030,Mosciano,historical_name,,1863-09-27,ISTAT SITUAS report 104
067030,Mosciano Sant'Angelo,current_name,,2021-12-31,ISTAT geometry 2021
067031,Nereto,current_name,,2021-12-31,ISTAT geometry 2021
067032,Notaresco,current_name,,2021-12-31,ISTAT geometry 2021
067033,Penna Sant'Andrea,current_name,,2021-12-31,ISTAT geometry 2021
067034,Pietracamela,current_name,,2021-12-31,ISTAT geometry 2021
067035,Mutignano,historical_name,,1927-12-21,ISTAT SITUAS report 103
067035,Pineto,current_name,,2021-12-31,ISTAT geometry 2021
067036,Rocca Santa Maria,current_name,,2021-12-31,ISTAT geometry 2021
067037,Montepagano,historical_name,,1927-03-31,ISTAT SITUAS report 104
067037,Roseto degli Abruzzi,current_name,,2021-12-31,ISTAT geometry 2021
067038,Sant'Egidio,historical_name,,1863-09-27,ISTAT SITUAS report 104
067038,Sant'Egidio alla Vibrata,current_name,,2021-12-31,ISTAT geometry 2021
067039,Sant'Omero,current_name,,2021-12-31,ISTAT geometry 2021
067040,Silvi,current_name,,2021-12-31,ISTAT geometry 2021
067041,Teramo,current_name,,2021-12-31,ISTAT geometry 2021
067042,Torano,historical_name,,1863-09-27,ISTAT SITUAS report 104
067042,Torano Nuovo,current_name,,2021-12-31,ISTAT geometry 2021
067043,Torricella,historical_name,,1863-09-27,ISTAT SITUAS report 104
067043,Torricella Sicura,current_name,,2021-12-31,ISTAT geometry 2021
067044,Tortoreto,current_name,,2021-12-31,ISTAT geometry 2021
067045,Tossicia,current_name,,2021-12-31,ISTAT geometry 2021
067046,Valle Castellana,current_name,,2021-12-31,ISTAT geometry 2021
067047,Martinsicuro,current_name,,2021-12-31,ISTAT geometry 2021
068001,Abbateggio,current_name,,2021-12-31,ISTAT geometry 2021
068002,Alanno,current_name,,2021-12-31,ISTAT geometry 2021
068003,Bolognano,current_name,,2021-12-31,ISTAT geometry 2021
068003,Musellaro,historical_name,,1927-01-12,ISTAT SITUAS report 105
068004,Brittoli,current_name,,2021-12-31,ISTAT geometry 2021
068005,Bussi,historical_name,,1889-12-02,ISTAT SITUAS report 104
068005,Bussi sul Tirino,current_name,,2021-12-31,ISTAT geometry 2021
068006,Cappelle,historical_name,,1904-08-10,ISTAT SITUAS report 100
068006,Cappelle sul Tavo,current_name,,2021-12-31,ISTAT geometry 2021
068007,CARAMANICO,historical_name,1927-01-12,1960-09-28,ANPR historical archive
068007,Caramanico Terme,current_name,,2021-12-31,ISTAT geometry 2021
068008,Carpineto,historical_name,,1863-09-27,ISTAT SITUAS report 104
068008,Carpineto della Nora,current_name,,2021-12-31,ISTAT geometry 2021
068009,Castiglione a Casauria,current_name,,2021-12-31,ISTAT geometry 2021
068009,Castiglione alla Pescara,historical_name,,1863-09-20,ISTAT SITUAS report 104
068010,Catignano,current_name,,2021-12-31,ISTAT geometry 2021
068011,Cepagatti,current_name,,2021-12-31,ISTAT geometry 2021
068012,Città Sant'Angelo,current_name,,2021-12-31,ISTAT geometry 2021
068013,Civitaquana,current_name,,2021-12-31,ISTAT geometry 2021
068014,Civitella Casanova,current_name,,2021-12-31,ISTAT geometry 2021
068015,Collecorvino,current_name,,2021-12-31,ISTAT geometry 2021
068016,Corvara,current_name,,2021-12-31,ISTAT geometry 2021
068017,Cugnoli,current_name,,2021-12-31,ISTAT geometry 2021
068018,Elice,current_name,,2021-12-31,ISTAT geometry 2021
068019,Farindola,current_name,,2021-12-31,ISTAT geometry 2021
068020,Lettomanoppello,current_name,,2021-12-31,ISTAT geometry 2021
068021,Loreto,historical_name,,1863-09-27,ISTAT SITUAS report 104
068021,Loreto Aprutino,current_name,,2021-12-31,ISTAT geometry 2021
068022,Manoppello,current_name,,2021-12-31,ISTAT geometry 2021
068023,Montebello,historical_name,,1863-09-27,ISTAT SITUAS report 104
068023,Montebello di Bertona,current_name,,2021-12-31,ISTAT geometry 2021
068024,Montesilvano,current_name,,2021-12-31,ISTAT geometry 2021
068024,Montesilvano Marina,historical_name,,1922-07-09,ISTAT SITUAS report 103
068025,Moscufo,current_name,,2021-12-31,ISTAT geometry 2021
068026,Nocciano,current_name,,2021-12-31,ISTAT geometry 2021
068027,Penne,current_name,,2021-12-31,ISTAT geometry 2021
068028,Pescara,current_name,,2021-12-31,ISTAT geometry 2021
068028,Spoltore,historical_name,,1927-01-12,ISTAT SITUAS report 105
068029,Pescosansonesco,current_name,,2021-12-31,ISTAT geometry 2021
068030,Pianella,current_name,,2021-12-31,ISTAT geometry 2021
068031,Picciano,current_name,,2021-12-31,ISTAT geometry 2021
068032,Pietranico,current_name,,2021-12-31,ISTAT geometry 2021
068033,Popoli,current_name,,2021-12-31,ISTAT geometry 2021
068034,Roccamorice,current_name,,2021-12-31,ISTAT geometry 2021
068035,Rosciano,current_name,,2021-12-31,ISTAT geometry 2021
068036,Salle,current_name,,2021-12-31,ISTAT geometry 2021
068037,Roccacaramanico,historical_name,,1927-01-12,ISTAT SITUAS report 105
068037,Sant'Eufemia,historical_name,,1863-04-10,ISTAT SITUAS report 104
068037,Sant'Eufemia a Maiella,current_name,,2021-12-31,ISTAT geometry 2021
068038,Abbateggio,historical_name,,1927-01-12,ISTAT SITUAS report 105
068038,Roccamorice,historical_name,,1927-01-12,ISTAT SITUAS report 105
068038,San Valentino,historical_name,,1863-04-10,ISTAT SITUAS report 104
068038,San Valentino in Abruzzo Citeriore,current_name,,2021-12-31,ISTAT geometry 2021
068039,Scafa,current_name,,2021-12-31,ISTAT geometry 2021
068040,Serramonacesca,current_name,,2021-12-31,ISTAT geometry 2021
068041,Spoltore,current_name,,2021-12-31,ISTAT geometry 2021
068042,Tocco,historical_name,,1863-04-10,ISTAT SITUAS report 104
068042,Tocco da Casauria,current_name,,2021-12-31,ISTAT geometry 2021
068043,Torre de' Passeri,current_name,,2021-12-31,ISTAT geometry 2021
068044,Turrivalignani,current_name,,2021-12-31,ISTAT geometry 2021
068045,Vicoli,current_name,,2021-12-31,ISTAT geometry 2021
068046,Villa Celiera,current_name,,2021-12-31,ISTAT geometry 2021
069001,Altino,current_name,,2021-12-31,ISTAT geometry 2021
069002,Archi,current_name,,2021-12-31,ISTAT geometry 2021
069003,Ari,current_name,,2021-12-31,ISTAT geometry 2021
069004,Arielli,current_name,,2021-12-31,ISTAT geometry 2021
069005,Atessa,current_name,,2021-12-31,ISTAT geometry 2021
069006,Bomba,current_name,,2021-12-31,ISTAT geometry 2021
069007,Borrello,current_name,,2021-12-31,ISTAT geometry 2021
069008,Bucchianico,current_name,,2021-12-31,ISTAT geometry 2021
069009,BUONANOTTE,historical_name,1947-05-23,1969-06-13,ANPR historical archive
069009,Montebello sul Sangro,current_name,,2021-12-31,ISTAT geometry 2021
069010,Canosa,historical_name,,1864-12-07,ISTAT SITUAS report 104
069010,Canosa Sannita,current_name,,2021-12-31,ISTAT geometry 2021
069011,Carpineto,historical_name,,1863-04-10,ISTAT SITUAS report 104
069011,Carpineto Sinello,current_name,,2021-12-31,ISTAT geometry 2021
069012,Carunchio,current_name,,2021-12-31,ISTAT geometry 2021
069013,Casacanditella,current_name,,2021-12-31,ISTAT geometry 2021
069014,Casalanguida,current_name,,2021-12-31,ISTAT geometry 2021
069015,Casalbordino,current_name,,2021-12-31,ISTAT geometry 2021
069016,Casalincontrada,current_name,,2021-12-31,ISTAT geometry 2021
069017,Casoli,current_name,,2021-12-31,ISTAT geometry 2021
069018,Castel Frentano,current_name,,2021-12-31,ISTAT geometry 2021
069018,Castel Trentano,historical_name,,1863-04-10,ISTAT SITUAS report 104
069018,Castelnuovo,historical_name,,1863-04-10,ISTAT SITUAS report 104
069019,Castelguidone,current_name,,2021-12-31,ISTAT geometry 2021
069020,Castiglione,historical_name,,1863-04-10,ISTAT SITUAS report 104
069020,Castiglione Messer Marino,current_name,,2021-12-31,ISTAT geometry 2021
069021,Celenza,historical_name,,1863-04-10,ISTAT SITUAS report 104
069021,Celenza sul Frigno,historical_name,,1863-04-10,ISTAT SITUAS report 104
069021,Celenza sul Trigno,current_name,,2021-12-31,ISTAT geometry 2021
069022,Chieti,current_name,,2021-12-31,ISTAT geometry 2021
069023,Civitaluparella,current_name,,2021-12-31,ISTAT geometry 2021
069024,Civitella,historical_name,,1863-04-10,ISTAT SITUAS report 104
069024,Civitella Messer Raimondo,current_name,,2021-12-31,ISTAT geometry 2021
069025,Colledimacine,current_name,,2021-12-31,ISTAT geometry 2021
069026,Colledimezzo,current_name,,2021-12-31,ISTAT geometry 2021
069027,Crecchio,current_name,,2021-12-31,ISTAT geometry 2021
069028,Cupello,current_name,,2021-12-31,ISTAT geometry 2021
069029,Dogliola,current_name,,2021-12-31,ISTAT geometry 2021
069030,Fara Filiorum Petri,current_name,,2021-12-31,ISTAT geometry 2021
069031,Fara San Martino,current_name,,2021-12-31,ISTAT geometry 2021
069032,Filetto,current_name,,2021-12-31,ISTAT geometry 2021
069033,Fossaceca,historical_name,,1863-04-10,ISTAT SITUAS report 104
069033,Fossacesia,current_name,,2021-12-31,ISTAT geometry 2021
069034,Fraine,current_name,,2021-12-31,ISTAT geometry 2021
069035,Francavilla,historical_name,,1863-04-10,ISTAT SITUAS report 104
069035,Francavilla al Mare,current_name,,2021-12-31,ISTAT geometry 2021
069036,Fresagrandinaria,current_name,,2021-12-31,ISTAT geometry 2021
069037,Frisa,current_name,,2021-12-31,ISTAT geometry 2021
069038,Furci,current_name,,2021-12-31,ISTAT geometry 2021
069039,Gamberale,current_name,,2021-12-31,ISTAT geometry 2021
069040,Gessopalena,current_name,,2021-12-31,ISTAT geometry 2021
069041,Gissi,current_name,,2021-12-31,ISTAT geometry 2021
069042,Giuliano,historical_name,,1863-04-10,ISTAT SITUAS report 104
069042,Giuliano Teatino,current_name,,2021-12-31,ISTAT geometry 2021
069043,Guardiagrele,current_name,,2021-12-31,ISTAT geometry 2021
069044,Guilmi,current_name,,2021-12-31,ISTAT geometry 2021
069045,Lama,historical_name,,1863-04-10,ISTAT SITUAS report 104
069045,Lama dei Peligni,current_name,,2021-12-31,ISTAT geometry 2021
069046,Lanciano,current_name,,2021-12-31,ISTAT geometry 2021
069047,Lentella,current_name,,2021-12-31,ISTAT geometry 2021
069048,Lettopalena,current_name,,2021-12-31,ISTAT geometry 2021
069049,Liscia,current_name,,2021-12-31,ISTAT geometry 2021
069050,Miglianico,current_name,,2021-12-31,ISTAT geometry 2021
069051,Montazzoli,current_name,,2021-12-31,ISTAT geometry 2021
069052,Monteferrante,current_name,,2021-12-31,ISTAT geometry 2021
069053,Montelapiano,current_name,,2021-12-31,ISTAT geometry 2021
069054,Montenerodomo,current_name,,2021-12-31,ISTAT geometry 2021
069055,Monteodorisio,current_name,,2021-12-31,ISTAT geometry 2021
069056,Mozzagrogna,current_name,,2021-12-31,ISTAT geometry 2021
069057,Orsogna,current_name,,2021-12-31,ISTAT geometry 2021
069058,Ortona,current_name,,2021-12-31,ISTAT geometry 2021
069059,Paglieta,current_name,,2021-12-31,ISTAT geometry 2021
069060,Palena,current_name,,2021-12-31,ISTAT geometry 2021
069061,Palmoli,current_name,,2021-12-31,ISTAT geometry 2021
069062,Palombaro,current_name,,2021-12-31,ISTAT geometry 2021
069063,Pennadomo,current_name,,2021-12-31,ISTAT geometry 2021
069064,Pennapiedimonte,current_name,,2021-12-31,ISTAT geometry 2021
069065,Perano,current_name,,2021-12-31,ISTAT geometry 2021
069066,Pizzoferrato,current_name,,2021-12-31,ISTAT geometry 2021
069067,Poggiofiorito,current_name,,2021-12-31,ISTAT geometry 2021
069067,Villarielli,historical_name,,1911-09-14,ISTAT SITUAS report 104
069068,Pollutri,current_name,,2021-12-31,ISTAT geometry 2021
069069,Pretoro,current_name,,2021-12-31,ISTAT geometry 2021
069070,Quadri,current_name,,2021-12-31,ISTAT geometry 2021
069071,Rapino,current_name,,2021-12-31,ISTAT geometry 2021
069072,Ripa Teatina,current_name,,2021-12-31,ISTAT geometry 2021
069073,Roccamontepiano,current_name,,2021-12-31,ISTAT geometry 2021
069074,Rocca San Giovanni,current_name,,2021-12-31,ISTAT geometry 2021
069075,Roccascalegna,current_name,,2021-12-31,ISTAT geometry 2021
069076,Roccaspinalveti,current_name,,2021-12-31,ISTAT geometry 2021
069077,Rojo,historical_name,,1863-04-10,ISTAT SITUAS report 104
069077,Roio del Sangro,current_name,,2021-12-31,ISTAT geometry 2021
069078,Rosello,current_name,,2021-12-31,ISTAT geometry 2021
069079,San Buono,current_name,,2021-12-31,ISTAT geometry 2021
069080,San Giovanni Lipioni,current_name,,2021-12-31,ISTAT geometry 2021
069081,Forcabobolina,historical_name,,1879-07-01,ISTAT SITUAS report 103
069081,San Giovanni Teatino,current_name,,2021-12-31,ISTAT geometry 2021
069082,San Martino,historical_name,,1864-02-14,ISTAT SITUAS report 104
069082,San Martino sulla Marrucina,current_name,,2021-12-31,ISTAT geometry 2021
069083,San Salvo,current_name,,2021-12-31,ISTAT geometry 2021
069084,Santa Maria Imbaro,current_name,,2021-12-31,ISTAT geometry 2021
069085,Sant'Eusanio,historical_name,,1863-04-10,ISTAT SITUAS report 104
069085,Sant'Eusanio del Sangro,current_name,,2021-12-31,ISTAT geometry 2021
069086,San Vito,historical_name,,1863-04-10,ISTAT SITUAS report 104
069086,San Vito Chietino,current_name,,2021-12-31,ISTAT geometry 2021
069087,Scerni,current_name,,2021-12-31,ISTAT geometry 2021
069088,Schiavi,historical_name,,1863-04-10,ISTAT SITUAS report 104
069088,Schiavi di Abruzzo,current_name,,2021-12-31,ISTAT geometry 2021
069089,Taranta,historical_name,,1881-10-01,ISTAT SITUAS report 104
069089,Taranta Peligna,current_name,,2021-12-31,ISTAT geometry 2021
069090,Tollo,current_name,,2021-12-31,ISTAT geometry 2021
069091,Torino,historical_name,,1863-04-10,ISTAT SITUAS report 104
069091,Torino di Sangro,current_name,,2021-12-31,ISTAT geometry 2021
069092,Tornareccio,current_name,,2021-12-31,ISTAT geometry 2021
069093,Torrebruna,current_name,,2021-12-31,ISTAT geometry 2021
069094,Torrevecchia,historical_name,,1863-04-10,ISTAT SITUAS report 104
069094,Torrevecchia Teatina,current_name,,2021-12-31,ISTAT geometry 2021
069095,Torricella,historical_name,,1863-04-10,ISTAT SITUAS report 104
069095,Torricella Peligna,current_name,,2021-12-31,ISTAT geometry 2021
069096,Treglio,current_name,,2021-12-31,ISTAT geometry 2021
069097,Tufillo,current_name,,2021-12-31,ISTAT geometry 2021
069098,Vacri,current_name,,2021-12-31,ISTAT geometry 2021
069099,Istonio,historical_name,,1938-06-02,ISTAT SITUAS report 104
069099,Vasto,current_name,,2021-12-31,ISTAT geometry 2021
069100,Villalfonsina,current_name,,2021-12-31,ISTAT geometry 2021
069101,Villamagna,current_name,,2021-12-31,ISTAT geometry 2021
069102,Villa Santa Maria,current_name,,2021-12-31,ISTAT geometry 2021
069103,Pietraferrazzana,current_name,,2021-12-31,ISTAT geometry 2021
069104,Fallo,current_name,,2021-12-31,ISTAT geometry 2021
070001,Acquaviva Collecroce,current_name,,2021-12-31,ISTAT geometry 2021
070002,Acquaviva d'Isernia,historical_name,,1970-03-03,ISTAT SITUAS report 105
070002,Baranello,current_name,,2021-12-31,ISTAT geometry 2021
070003,Agnone,historical_name,,1970-03-03,ISTAT SITUAS report 105
070003,Bojano,current_name,,2021-12-31,ISTAT geometry 2021
070004,Bagnoli del Trigno,historical_name,,1970-03-03,ISTAT SITUAS report 105
070004,Bonefro,current_name,,2021-12-31,ISTAT geometry 2021
070005,Baranello,historical_name,,1970-03-03,ISTAT SITUAS report 105
070005,Busso,current_name,,2021-12-31,ISTAT geometry 2021
070006,Belmonte del Sannio,historical_name,,1970-03-03,ISTAT SITUAS report 105
070006,Campobasso,current_name,,2021-12-31,ISTAT geometry 2021
070006,Mirabello,historical_name,,1863-04-10,ISTAT SITUAS report 104
070006,Mirabello Sannitico,historical_name,,1863-04-10,ISTAT SITUAS report 104
070007,Bojano,historical_name,,1970-03-03,ISTAT SITUAS report 105
070007,Campochiaro,current_name,,2021-12-31,ISTAT geometry 2021
070008,Bonefro,historical_name,,1970-03-03,ISTAT SITUAS report 105
070008,Campo di Pietra,election_source_name,1946-06-02,1946-06-02,official election source label
070008,Campodipietra,current_name,,2021-12-31,ISTAT geometry 2021
070009,Busso,historical_name,,1970-03-03,ISTAT SITUAS report 105
070009,Campolieto,current_name,,2021-12-31,ISTAT geometry 2021
070010,Camomarino,election_source_name,1999-06-13,1999-06-13,official election source label
070010,Campobasso,historical_name,,1970-03-03,ISTAT SITUAS report 105
070010,Campomarino,current_name,,2021-12-31,ISTAT geometry 2021
070011,Campochiaro,historical_name,,1970-03-03,ISTAT SITUAS report 105
070011,Casacalenda,current_name,,2021-12-31,ISTAT geometry 2021
070012,Campodipietra,historical_name,,1970-03-03,ISTAT SITUAS report 105
070012,Casalciprano,current_name,,2021-12-31,ISTAT geometry 2021
070013,Campolieto,historical_name,,1970-03-03,ISTAT SITUAS report 105
070013,Castelbottaccio,current_name,,2021-12-31,ISTAT geometry 2021
070014,Campomarino,historical_name,,1970-03-03,ISTAT SITUAS report 105
070014,Castellino,historical_name,,1863-04-10,ISTAT SITUAS report 104
070014,Castellino del Biferno,current_name,,2021-12-31,ISTAT geometry 2021
070015,Cantalupo nel Sannio,historical_name,,1970-03-03,ISTAT SITUAS report 105
070015,Castelluccio Acqua Borrana,historical_name,,1885-02-01,ISTAT SITUAS report 104
070015,Castelmauro,current_name,,2021-12-31,ISTAT geometry 2021
070016,Capracotta,historical_name,,1970-03-03,ISTAT SITUAS report 105
070016,Castropignano,current_name,,2021-12-31,ISTAT geometry 2021
070017,Carovilli,historical_name,,1970-03-03,ISTAT SITUAS report 105
070017,Cercemaggiore,current_name,,2021-12-31,ISTAT geometry 2021
070018,Carpinone,historical_name,,1970-03-03,ISTAT SITUAS report 105
070018,Cercepiccola,current_name,,2021-12-31,ISTAT geometry 2021
070019,Casacalenda,historical_name,,1970-03-03,ISTAT SITUAS report 105
070019,Civitacampomarano,current_name,,2021-12-31,ISTAT geometry 2021
070020,Casalciprano,historical_name,,1970-03-03,ISTAT SITUAS report 105
070020,Colle d'Anchise,current_name,,2021-12-31,ISTAT geometry 2021
070020,Colledanchise,election_source_name,2006-04-09,2006-04-09,official election source label
070021,Castelbottaccio,historical_name,,1970-03-03,ISTAT SITUAS report 105
070021,Colletorto,current_name,,2021-12-31,ISTAT geometry 2021
070022,Castel del Giudice,historical_name,,1970-03-03,ISTAT SITUAS report 105
070022,Civitavecchia,historical_name,,1875-11-29,ISTAT SITUAS report 104
070022,Duronia,current_name,,2021-12-31,ISTAT geometry 2021
070023,Castellino del Biferno,historical_name,,1970-03-03,ISTAT SITUAS report 105
070023,Ferrazzano,current_name,,2021-12-31,ISTAT geometry 2021
070024,Castelmauro,historical_name,,1970-03-03,ISTAT SITUAS report 105
070024,Fossaceca,historical_name,,1863-05-10,ISTAT SITUAS report 104
070024,Fossalto,current_name,,2021-12-31,ISTAT geometry 2021
070025,Castelpetroso,historical_name,,1970-03-03,ISTAT SITUAS report 105
070025,Gambatesa,current_name,,2021-12-31,ISTAT geometry 2021
070026,Castelpizzuto,historical_name,,1970-03-03,ISTAT SITUAS report 105
070026,Gildone,current_name,,2021-12-31,ISTAT geometry 2021
070027,Castel San Vincenzo,historical_name,,1970-03-03,ISTAT SITUAS report 105
070027,Guardialfiera,current_name,,2021-12-31,ISTAT geometry 2021
070028,Castelverrino,historical_name,,1970-03-03,ISTAT SITUAS report 105
070028,Guardiaregia,current_name,,2021-12-31,ISTAT geometry 2021
070029,Castropignano,historical_name,,1970-03-03,ISTAT SITUAS report 105
070029,Guglionesi,current_name,,2021-12-31,ISTAT geometry 2021
070030,Cercemaggiore,historical_name,,1970-03-03,ISTAT SITUAS report 105
070030,Jelsi,current_name,,2021-12-31,ISTAT geometry 2021
070031,Cercepiccola,historical_name,,1970-03-03,ISTAT SITUAS report 105
070031,Larino,current_name,,2021-12-31,ISTAT geometry 2021
070032,Cerro al Volturno,historical_name,,1970-03-03,ISTAT SITUAS report 105
070032,Limosano,current_name,,2021-12-31,ISTAT geometry 2021
070033,Chiauci,historical_name,,1970-03-03,ISTAT SITUAS report 105
070033,Lucito,current_name,,2021-12-31,ISTAT geometry 2021
070034,Civitacampomarano,historical_name,,1970-03-03,ISTAT SITUAS report 105
070034,Lupara,current_name,,2021-12-31,ISTAT geometry 2021
070035,Civitanova del Sannio,historical_name,,1970-03-03,ISTAT SITUAS report 105
070035,Macchia Valforte,election_source_name,1953-06-07,1953-06-07,official election source label
070035,Macchia Valfortore,current_name,,2021-12-31,ISTAT geometry 2021
070036,Colle d'Anchise,historical_name,,1970-03-03,ISTAT SITUAS report 105
070036,Mafalda,current_name,,2021-12-31,ISTAT geometry 2021
070036,Ripalda,historical_name,,1895-02-02,ISTAT SITUAS report 104
070036,Ripalta sul Trigno,historical_name,,1895-02-02,ISTAT SITUAS report 104
070037,Colletorto,historical_name,,1970-03-03,ISTAT SITUAS report 105
070037,Matrice,current_name,,2021-12-31,ISTAT geometry 2021
070038,Colli a Volturno,historical_name,,1970-03-03,ISTAT SITUAS report 105
070038,Mirabello Sannitico,current_name,,2021-12-31,ISTAT geometry 2021
070039,Conca Casale,historical_name,,1970-03-03,ISTAT SITUAS report 105
070039,Molise,current_name,,2021-12-31,ISTAT geometry 2021
070040,Duronia,historical_name,,1970-03-03,ISTAT SITUAS report 105
070040,Monaciilioni,election_source_name,2006-04-09,2006-04-09,official election source label
070040,Monacilioni,current_name,,2021-12-31,ISTAT geometry 2021
070041,Ferrazzano,historical_name,,1970-03-03,ISTAT SITUAS report 105
070041,Montagano,current_name,,2021-12-31,ISTAT geometry 2021
070042,Filignano,historical_name,,1970-03-03,ISTAT SITUAS report 105
070042,Montecilfone,current_name,,2021-12-31,ISTAT geometry 2021
070043,Forlì del Sannio,historical_name,,1970-03-03,ISTAT SITUAS report 105
070043,Montefalcone,historical_name,,1863-04-10,ISTAT SITUAS report 104
070043,Montefalcone Dal Sannio,election_source_name,1953-06-07,1953-06-07,official election source label
070043,Montefalcone nel Sannio,current_name,,2021-12-31,ISTAT geometry 2021
070044,Fornelli,historical_name,,1970-03-03,ISTAT SITUAS report 105
070044,Montelongo,current_name,,2021-12-31,ISTAT geometry 2021
070045,Fossalto,historical_name,,1970-03-03,ISTAT SITUAS report 105
070045,Montemitro,current_name,,2021-12-31,ISTAT geometry 2021
070046,Frosolone,historical_name,,1970-03-03,ISTAT SITUAS report 105
070046,Montenero di Bisaccia,current_name,,2021-12-31,ISTAT geometry 2021
070047,Gambatesa,historical_name,,1970-03-03,ISTAT SITUAS report 105
070047,Montorio,historical_name,,1864-03-11,ISTAT SITUAS report 104
070047,Montorio nei Frentani,current_name,,2021-12-31,ISTAT geometry 2021
070048,Gildone,historical_name,,1970-03-03,ISTAT SITUAS report 105
070048,Morrone,historical_name,,1863-04-10,ISTAT SITUAS report 104
070048,Morrone del Sannio,current_name,,2021-12-31,ISTAT geometry 2021
070049,Guardialfiera,historical_name,,1970-03-03,ISTAT SITUAS report 105
070049,Oratino,current_name,,2021-12-31,ISTAT geometry 2021
070050,Guardiaregia,historical_name,,1970-03-03,ISTAT SITUAS report 105
070050,Palata,current_name,,2021-12-31,ISTAT geometry 2021
070051,Guglionesi,historical_name,,1970-03-03,ISTAT SITUAS report 105
070051,Petacciato,current_name,,2021-12-31,ISTAT geometry 2021
070052,Isernia,historical_name,,1970-03-03,ISTAT SITUAS report 105
070052,Petrella,historical_name,,1863-04-10,ISTAT SITUAS report 104
070052,Petrella Tifernina,current_name,,2021-12-31,ISTAT geometry 2021
070053,Jelsi,historical_name,,1970-03-03,ISTAT SITUAS report 105
070053,Pietracatella,current_name,,2021-12-31,ISTAT geometry 2021
070054,Larino,historical_name,,1970-03-03,ISTAT SITUAS report 105
070054,Pietracupa,current_name,,2021-12-31,ISTAT geometry 2021
070055,Limosano,historical_name,,1970-03-03,ISTAT SITUAS report 105
070055,Portocannone,current_name,,2021-12-31,ISTAT geometry 2021
070056,Longano,historical_name,,1970-03-03,ISTAT SITUAS report 105
070056,Provvidenti,current_name,,2021-12-31,ISTAT geometry 2021
070057,Lucito,historical_name,,1970-03-03,ISTAT SITUAS report 105
070057,Riccia,current_name,,2021-12-31,ISTAT geometry 2021
070058,Lupara,historical_name,,1970-03-03,ISTAT SITUAS report 105
070058,Ripabottoni,current_name,,2021-12-31,ISTAT geometry 2021
070059,Macchia d'Isernia,historical_name,,1970-03-03,ISTAT SITUAS report 105
070059,Ripalimosani,current_name,,2021-12-31,ISTAT geometry 2021
070059,RIPALIMOSANO,historical_name,1970-03-03,1989-08-15,ANPR historical archive
070060,Macchiagodena,historical_name,,1970-03-03,ISTAT SITUAS report 105
070060,Roccavivara,current_name,,2021-12-31,ISTAT geometry 2021
070061,Macchia Valfortore,historical_name,,1970-03-03,ISTAT SITUAS report 105
070061,Rotello,current_name,,2021-12-31,ISTAT geometry 2021
070062,Mafalda,historical_name,,1970-03-03,ISTAT SITUAS report 105
070062,Salcito,current_name,,2021-12-31,ISTAT geometry 2021
070063,Matrice,historical_name,,1970-03-03,ISTAT SITUAS report 105
070063,San Biase,current_name,,2021-12-31,ISTAT geometry 2021
070064,Mirabello Sannitico,historical_name,,1970-03-03,ISTAT SITUAS report 105
070064,San Felice,historical_name,,1863-05-10,ISTAT SITUAS report 104
070064,SAN FELICE DEL LITTORIO,historical_name,1929-08-23,1949-09-16,ANPR historical archive
070064,San Felice del Molise,current_name,,2021-12-31,ISTAT geometry 2021
070064,San Felice Slavo,historical_name,,1863-05-10,ISTAT SITUAS report 104
070065,Miranda,historical_name,,1970-03-03,ISTAT SITUAS report 105
070065,San Giacomo degli Schiavoni,current_name,,2021-12-31,ISTAT geometry 2021
070066,Molise,historical_name,,1970-03-03,ISTAT SITUAS report 105
070066,San Giovanni in Galdo,current_name,,2021-12-31,ISTAT geometry 2021
070067,Monacilioni,historical_name,,1970-03-03,ISTAT SITUAS report 105
070067,San Giuliano del Sannio,current_name,,2021-12-31,ISTAT geometry 2021
070067,San Giuliano di Sepino,historical_name,,1863-05-10,ISTAT SITUAS report 104
070068,Montagano,historical_name,,1970-03-03,ISTAT SITUAS report 105
070068,San Giuliano di Puglia,current_name,,2021-12-31,ISTAT geometry 2021
070068,San Giuliano in Puglia,election_source_name,1948-04-18,1948-04-18,official election source label
070069,Montaquila,historical_name,,1970-03-03,ISTAT SITUAS report 105
070069,San Martino,historical_name,,1863-09-20,ISTAT SITUAS report 104
070069,San Martino in Pensiliis,election_source_name,1979-06-10,1979-06-10,official election source label
070069,San Martino in Pensilis,current_name,,2021-12-31,ISTAT geometry 2021
070070,Montecilfone,historical_name,,1970-03-03,ISTAT SITUAS report 105
070070,San Massimo,current_name,,2021-12-31,ISTAT geometry 2021
070071,Montefalcone nel Sannio,historical_name,,1970-03-03,ISTAT SITUAS report 105
070071,San Polo,historical_name,,1864-04-01,ISTAT SITUAS report 104
070071,San Polo Matese,current_name,,2021-12-31,ISTAT geometry 2021
070071,SAN POLOMATESE,historical_name,1970-03-03,1991-04-30,ANPR historical archive
070072,Montelongo,historical_name,,1970-03-03,ISTAT SITUAS report 105
070072,Santa Croce di Magliano,current_name,,2021-12-31,ISTAT geometry 2021
070072,Santa Croce in Magliano,election_source_name,1948-04-18,1948-04-18,official election source label
070073,Montemitro,historical_name,,1970-03-03,ISTAT SITUAS report 105
070073,Sant'Angelo Limosano,current_name,,2021-12-31,ISTAT geometry 2021
070074,Montenero di Bisaccia,historical_name,,1970-03-03,ISTAT SITUAS report 105
070074,Sant'Elia,historical_name,,1863-05-27,ISTAT SITUAS report 104
070074,Sant'Elia a Pianisi,current_name,,2021-12-31,ISTAT geometry 2021
070075,Montenero Val Cocchiara,historical_name,,1970-03-03,ISTAT SITUAS report 105
070075,Sepino,current_name,,2021-12-31,ISTAT geometry 2021
070076,Monteroduni,historical_name,,1970-03-03,ISTAT SITUAS report 105
070076,Spinete,current_name,,2021-12-31,ISTAT geometry 2021
070077,Montorio nei Frentani,historical_name,,1970-03-03,ISTAT SITUAS report 105
070077,Tavenna,current_name,,2021-12-31,ISTAT geometry 2021
070078,Morrone del Sannio,historical_name,,1970-03-03,ISTAT SITUAS report 105
070078,San Giacomo,historical_name,,1864-03-11,ISTAT SITUAS report 104
070078,San Giacomo degli Schiavoni,historical_name,,1864-03-11,ISTAT SITUAS report 104
070078,Termoli,current_name,,2021-12-31,ISTAT geometry 2021
070079,Oratino,historical_name,,1970-03-03,ISTAT SITUAS report 105
070079,Torella,historical_name,,1863-05-10,ISTAT SITUAS report 104
070079,Torella del Sannio,current_name,,2021-12-31,ISTAT geometry 2021
070080,Palata,historical_name,,1970-03-03,ISTAT SITUAS report 105
070080,Toro,current_name,,2021-12-31,ISTAT geometry 2021
070081,Pesche,historical_name,,1970-03-03,ISTAT SITUAS report 105
070081,Trivento,current_name,,2021-12-31,ISTAT geometry 2021
070082,Pescolanciano,historical_name,,1970-03-03,ISTAT SITUAS report 105
070082,Tufara,current_name,,2021-12-31,ISTAT geometry 2021
070083,Pescopennataro,historical_name,,1970-03-03,ISTAT SITUAS report 105
070083,Ururi,current_name,,2021-12-31,ISTAT geometry 2021
070084,Petacciato,historical_name,,1970-03-03,ISTAT SITUAS report 105
070084,Vinchiaturo,current_name,,2021-12-31,ISTAT geometry 2021
071001,Accadia,current_name,,2021-12-31,ISTAT geometry 2021
071002,Alberona,current_name,,2021-12-31,ISTAT geometry 2021
071003,Anzano,historical_name,,1863-02-01,ISTAT SITUAS report 104
071003,Anzano degli Irpini,historical_name,,1863-02-01,ISTAT SITUAS report 104
071003,Anzano di Puglia,current_name,,2021-12-31,ISTAT geometry 2021
071004,Apricena,current_name,,2021-12-31,ISTAT geometry 2021
071005,Ascoli,historical_name,,1862-12-20,ISTAT SITUAS report 104
071005,Ascoli Satriano,current_name,,2021-12-31,ISTAT geometry 2021
071006,Biccari,current_name,,2021-12-31,ISTAT geometry 2021
071007,Bovino,current_name,,2021-12-31,ISTAT geometry 2021
071008,Cagnano,historical_name,,1862-12-20,ISTAT SITUAS report 104
071008,Cagnano Varano,current_name,,2021-12-31,ISTAT geometry 2021
071009,Candela,current_name,,2021-12-31,ISTAT geometry 2021
071010,Carapelle,current_name,,2021-12-31,ISTAT geometry 2021
071011,Carlantino,current_name,,2021-12-31,ISTAT geometry 2021
071012,Carpino,current_name,,2021-12-31,ISTAT geometry 2021
071013,Casalnuovo,historical_name,,1862-12-20,ISTAT SITUAS report 104
071013,Casalnuovo Monterotaro,current_name,,2021-12-31,ISTAT geometry 2021
071014,Casalvecchio,historical_name,,1862-12-20,ISTAT SITUAS report 104
071014,Casalvecchio di Puglia,current_name,,2021-12-31,ISTAT geometry 2021
071015,Castelluccio dei Sauri,current_name,,2021-12-31,ISTAT geometry 2021
071016,Castelluccio Valmaggiore,current_name,,2021-12-31,ISTAT geometry 2021
071017,Castelnuovo,historical_name,,1864-02-14,ISTAT SITUAS report 104
071017,Castelnuovo della Daunia,current_name,,2021-12-31,ISTAT geometry 2021
071018,Celenza,historical_name,,1862-12-20,ISTAT SITUAS report 104
071018,Celenza Valfortore,current_name,,2021-12-31,ISTAT geometry 2021
071019,Celle,historical_name,,1862-12-20,ISTAT SITUAS report 104
071019,Celle di San Vito,current_name,,2021-12-31,ISTAT geometry 2021
071020,Cerignola,current_name,,2021-12-31,ISTAT geometry 2021
071021,Chieuti,current_name,,2021-12-31,ISTAT geometry 2021
071022,Deliceto,current_name,,2021-12-31,ISTAT geometry 2021
071023,Faeto,current_name,,2021-12-31,ISTAT geometry 2021
071024,Foggia,current_name,,2021-12-31,ISTAT geometry 2021
071025,Ischitella,current_name,,2021-12-31,ISTAT geometry 2021
071026,Isole Tremiti,current_name,,2021-12-31,ISTAT geometry 2021
071027,Lesina,current_name,,2021-12-31,ISTAT geometry 2021
071028,Lucera,current_name,,2021-12-31,ISTAT geometry 2021
071029,Manfredonia,current_name,,2021-12-31,ISTAT geometry 2021
071031,Mattinata,current_name,,2021-12-31,ISTAT geometry 2021
071032,Monteleone,historical_name,,1862-11-27,ISTAT SITUAS report 104
071032,Monteleone di Puglia,current_name,,2021-12-31,ISTAT geometry 2021
071033,Monte Sant'Angelo,current_name,,2021-12-31,ISTAT geometry 2021
071034,Motta Montecorvino,current_name,,2021-12-31,ISTAT geometry 2021
071035,Orsara,historical_name,,1863-04-10,ISTAT SITUAS report 104
071035,Orsara Dauno Irpina,historical_name,,1863-04-10,ISTAT SITUAS report 104
071035,Orsara di Puglia,current_name,,2021-12-31,ISTAT geometry 2021
071036,Orta,historical_name,,1862-12-20,ISTAT SITUAS report 104
071036,Orta Nova,current_name,,2021-12-31,ISTAT geometry 2021
071037,Panni,current_name,,2021-12-31,ISTAT geometry 2021
071038,Peschici,current_name,,2021-12-31,ISTAT geometry 2021
071039,Pietra,historical_name,,1862-12-20,ISTAT SITUAS report 104
071039,Pietramontecorvino,current_name,,2021-12-31,ISTAT geometry 2021
071040,Poggio Imperiale,current_name,,2021-12-31,ISTAT geometry 2021
071041,Rignano,historical_name,,1862-12-20,ISTAT SITUAS report 104
071041,Rignano Garganico,current_name,,2021-12-31,ISTAT geometry 2021
071042,Rocchetta Sant'Antonio,current_name,,2021-12-31,ISTAT geometry 2021
071043,Rodi Garganico,current_name,,2021-12-31,ISTAT geometry 2021
071044,Roseto,historical_name,,1862-12-20,ISTAT SITUAS report 104
071044,Roseto Valfortore,current_name,,2021-12-31,ISTAT geometry 2021
071046,San Giovanni Rotondo,current_name,,2021-12-31,ISTAT geometry 2021
071047,San Marco in Lamis,current_name,,2021-12-31,ISTAT geometry 2021
071048,San Marco la Catola,current_name,,2021-12-31,ISTAT geometry 2021
071049,San Nicandro,historical_name,,1862-12-20,ISTAT SITUAS report 104
071049,San Nicandro Garganico,current_name,,2021-12-31,ISTAT geometry 2021
071049,SANNICANDRO GARGANICO,historical_name,1862-11-10,1999-10-21,ANPR historical archive
071050,San Paolo,historical_name,,1862-12-20,ISTAT SITUAS report 104
071050,San Paolo di Civitate,current_name,,2021-12-31,ISTAT geometry 2021
071051,San Severo,current_name,,2021-12-31,ISTAT geometry 2021
071052,Sant'Agata,historical_name,,1862-12-20,ISTAT SITUAS report 104
071052,Sant'Agata di Puglia,current_name,,2021-12-31,ISTAT geometry 2021
071053,Serracapriola,current_name,,2021-12-31,ISTAT geometry 2021
071054,Stornara,current_name,,2021-12-31,ISTAT geometry 2021
071055,Stornarella,current_name,,2021-12-31,ISTAT geometry 2021
071056,Torremaggiore,current_name,,2021-12-31,ISTAT geometry 2021
071058,Troia,current_name,,2021-12-31,ISTAT geometry 2021
071059,Vico,historical_name,,1862-12-20,ISTAT SITUAS report 104
071059,Vico del Gargano,current_name,,2021-12-31,ISTAT geometry 2021
071060,Vieste,current_name,,2021-12-31,ISTAT geometry 2021
071061,Volturara,historical_name,,1862-12-20,ISTAT SITUAS report 104
071061,Volturara Appula,current_name,,2021-12-31,ISTAT geometry 2021
071062,Volturino,current_name,,2021-12-31,ISTAT geometry 2021
071063,Ordona,current_name,,2021-12-31,ISTAT geometry 2021
071064,Zapponeta,current_name,,2021-12-31,ISTAT geometry 2021
072001,Acquaviva,historical_name,,1863-05-10,ISTAT SITUAS report 104
072001,Acquaviva delle Fonti,current_name,,2021-12-31,ISTAT geometry 2021
072002,Adelfia,current_name,,2021-12-31,ISTAT geometry 2021
072002,Canneto,historical_name,,1863-05-10,ISTAT SITUAS report 104
072002,Canneto di Bari,historical_name,,1863-05-10,ISTAT SITUAS report 104
072003,Alberobello,current_name,,2021-12-31,ISTAT geometry 2021
072004,Altamura,current_name,,2021-12-31,ISTAT geometry 2021
072006,Bari,current_name,,2021-12-31,ISTAT geometry 2021
072006,Bari delle Puglie,historical_name,,1863-05-10,ISTAT SITUAS report 104
072006,Bari - S. Paolo - Stanic,election_source_name,1994-03-27,1994-03-27,official election source label
072006,Carbonara,historical_name,,1863-05-10,ISTAT SITUAS report 104
072006,Carbonara di Bari,historical_name,,1863-05-10,ISTAT SITUAS report 104
072006,Ceglie,historical_name,,1863-09-20,ISTAT SITUAS report 104
072006,Ceglie del Campo,historical_name,,1863-09-20,ISTAT SITUAS report 104
072008,Binetto,current_name,,2021-12-31,ISTAT geometry 2021
072010,Bitetto,current_name,,2021-12-31,ISTAT geometry 2021
072011,Bitonto,current_name,,2021-12-31,ISTAT geometry 2021
072012,Bitritto,current_name,,2021-12-31,ISTAT geometry 2021
072014,Capurso,current_name,,2021-12-31,ISTAT geometry 2021
072015,Casamassima,current_name,,2021-12-31,ISTAT geometry 2021
072016,Cassano,historical_name,,1863-05-10,ISTAT SITUAS report 104
072016,Cassano delle Murge,current_name,,2021-12-31,ISTAT geometry 2021
072017,CASTELLANA,historical_name,1861-03-17,1950-06-28,ANPR historical archive
072017,Castellana Grotte,current_name,,2021-12-31,ISTAT geometry 2021
072018,Cellamare,current_name,,2021-12-31,ISTAT geometry 2021
072019,Conversano,current_name,,2021-12-31,ISTAT geometry 2021
072020,Corato,current_name,,2021-12-31,ISTAT geometry 2021
072021,Gioia,historical_name,,1863-05-10,ISTAT SITUAS report 104
072021,Gioia del Colle,current_name,,2021-12-31,ISTAT geometry 2021
072022,Giovinazzo,current_name,,2021-12-31,ISTAT geometry 2021
072023,Gravina,historical_name,,1863-05-10,ISTAT SITUAS report 104
072023,Gravina in Puglia,current_name,,2021-12-31,ISTAT geometry 2021
072024,Grumo,historical_name,,1863-05-10,ISTAT SITUAS report 104
072024,Grumo Appula,current_name,,2021-12-31,ISTAT geometry 2021
072025,Locorotondo,current_name,,2021-12-31,ISTAT geometry 2021
072027,Modugno,current_name,,2021-12-31,ISTAT geometry 2021
072028,Mola di Bari,current_name,,2021-12-31,ISTAT geometry 2021
072029,Molfetta,current_name,,2021-12-31,ISTAT geometry 2021
072030,Monopoli,current_name,,2021-12-31,ISTAT geometry 2021
072031,Noci,current_name,,2021-12-31,ISTAT geometry 2021
072032,Noja,historical_name,,1863-05-10,ISTAT SITUAS report 104
072032,Noicattaro,current_name,,2021-12-31,ISTAT geometry 2021
072033,Palo,historical_name,,1863-05-10,ISTAT SITUAS report 104
072033,Palo del Colle,current_name,,2021-12-31,ISTAT geometry 2021
072034,Poggiorsini,current_name,,2021-12-31,ISTAT geometry 2021
072035,Polignano,historical_name,,1863-05-10,ISTAT SITUAS report 104
072035,Polignano a Mare,current_name,,2021-12-31,ISTAT geometry 2021
072036,Putignano,current_name,,2021-12-31,ISTAT geometry 2021
072037,Rutigliano,current_name,,2021-12-31,ISTAT geometry 2021
072038,Ruvo,historical_name,,1863-05-10,ISTAT SITUAS report 104
072038,Ruvo di Puglia,current_name,,2021-12-31,ISTAT geometry 2021
072039,Sammichele di Bari,current_name,,2021-12-31,ISTAT geometry 2021
072039,San Michele,historical_name,,1863-05-10,ISTAT SITUAS report 104
072040,San Nicandro,historical_name,,1863-05-10,ISTAT SITUAS report 104
072040,Sannicandro di Bari,current_name,,2021-12-31,ISTAT geometry 2021
072041,Santeramo,historical_name,,1863-05-10,ISTAT SITUAS report 104
072041,Santeramo in Colle,current_name,,2021-12-31,ISTAT geometry 2021
072043,Terlizzi,current_name,,2021-12-31,ISTAT geometry 2021
072044,Toritto,current_name,,2021-12-31,ISTAT geometry 2021
072046,Triggiano,current_name,,2021-12-31,ISTAT geometry 2021
072047,Turi,current_name,,2021-12-31,ISTAT geometry 2021
072048,Valenzano,current_name,,2021-12-31,ISTAT geometry 2021
073001,Avetrana,current_name,,2021-12-31,ISTAT geometry 2021
073002,Carosino,current_name,,2021-12-31,ISTAT geometry 2021
073003,Castellaneta,current_name,,2021-12-31,ISTAT geometry 2021
073004,Crisiano,election_source_name,1999-06-13,1999-06-13,official election source label
073004,Crispiano,current_name,,2021-12-31,ISTAT geometry 2021
073005,Faggiano,current_name,,2021-12-31,ISTAT geometry 2021
073006,Fragagnano,current_name,,2021-12-31,ISTAT geometry 2021
073007,Ginosa,current_name,,2021-12-31,ISTAT geometry 2021
073008,Grottaglie,current_name,,2021-12-31,ISTAT geometry 2021
073009,Laterza,current_name,,2021-12-31,ISTAT geometry 2021
073010,Leorano,election_source_name,1999-06-13,1999-06-13,official election source label
073010,Leporano,current_name,,2021-12-31,ISTAT geometry 2021
073011,Lizzano,current_name,,2021-12-31,ISTAT geometry 2021
073012,Manduria,current_name,,2021-12-31,ISTAT geometry 2021
073013,Martina,historical_name,,1864-04-01,ISTAT SITUAS report 104
073013,Martina Franca,current_name,,2021-12-31,ISTAT geometry 2021
073014,Maruggio,current_name,,2021-12-31,ISTAT geometry 2021
073015,Massafra,current_name,,2021-12-31,ISTAT geometry 2021
073016,Monteiasi,current_name,,2021-12-31,ISTAT geometry 2021
073017,Montemesola,current_name,,2021-12-31,ISTAT geometry 2021
073018,Monteparano,current_name,,2021-12-31,ISTAT geometry 2021
073019,Mottola,current_name,,2021-12-31,ISTAT geometry 2021
073020,Palagianello,current_name,,2021-12-31,ISTAT geometry 2021
073021,Palagiano,current_name,,2021-12-31,ISTAT geometry 2021
073022,Pulsano,current_name,,2021-12-31,ISTAT geometry 2021
073023,Roccaforzata,current_name,,2021-12-31,ISTAT geometry 2021
073024,San Giorgio,historical_name,,1862-12-23,ISTAT SITUAS report 104
073024,San Giorgio Ionico,current_name,,2021-12-31,ISTAT geometry 2021
073024,San Giorgio sotto Taranto,historical_name,,1862-12-23,ISTAT SITUAS report 104
073025,San Marzano,historical_name,,1864-04-01,ISTAT SITUAS report 104
073025,San Marzano di San Giusee,election_source_name,1999-06-13,1999-06-13,official election source label
073025,San Marzano di San Giuseppe,current_name,,2021-12-31,ISTAT geometry 2021
073026,Sava,current_name,,2021-12-31,ISTAT geometry 2021
073027,Taranto,current_name,,2021-12-31,ISTAT geometry 2021
073028,Torricella,current_name,,2021-12-31,ISTAT geometry 2021
073029,Statte,current_name,,2021-12-31,ISTAT geometry 2021
074001,Brindisi,current_name,,2021-12-31,ISTAT geometry 2021
074002,Carovigno,current_name,,2021-12-31,ISTAT geometry 2021
074003,Ceglie,historical_name,,1864-04-01,ISTAT SITUAS report 104
074003,Ceglie Messapica,current_name,,2021-12-31,ISTAT geometry 2021
074003,CEGLIE MESSAPICO,historical_name,1927-01-12,1988-10-24,ANPR historical archive
074004,Cellino,historical_name,,1862-12-23,ISTAT SITUAS report 104
074004,Cellino San Marco,current_name,,2021-12-31,ISTAT geometry 2021
074005,Cisternino,current_name,,2021-12-31,ISTAT geometry 2021
074006,Erchie,current_name,,2021-12-31,ISTAT geometry 2021
074007,Fasano,current_name,,2021-12-31,ISTAT geometry 2021
074008,Francavilla,historical_name,,1864-04-01,ISTAT SITUAS report 104
074008,Francavilla Fontana,current_name,,2021-12-31,ISTAT geometry 2021
074009,Latiano,current_name,,2021-12-31,ISTAT geometry 2021
074010,Mesagne,current_name,,2021-12-31,ISTAT geometry 2021
074011,Oria,current_name,,2021-12-31,ISTAT geometry 2021
074012,Ostuni,current_name,,2021-12-31,ISTAT geometry 2021
074013,San Donaci,current_name,,2021-12-31,ISTAT geometry 2021
074014,San Michele Salentino,current_name,,2021-12-31,ISTAT geometry 2021
074015,San Ancrazio Salentino,election_source_name,1999-06-13,1999-06-13,official election source label
074015,San Pancrazio,historical_name,,1862-12-23,ISTAT SITUAS report 104
074015,San Pancrazio Salentino,current_name,,2021-12-31,ISTAT geometry 2021
074016,San Pietro Vernotico,current_name,,2021-12-31,ISTAT geometry 2021
074017,San Vito,historical_name,,1864-01-29,ISTAT SITUAS report 104
074017,San Vito dei Normanni,current_name,,2021-12-31,ISTAT geometry 2021
074018,Torchiarolo,current_name,,2021-12-31,ISTAT geometry 2021
074019,Torre Santa Susanna,current_name,,2021-12-31,ISTAT geometry 2021
074020,Villa Castelli,current_name,,2021-12-31,ISTAT geometry 2021
075002,Alessano,current_name,,2021-12-31,ISTAT geometry 2021
075003,Alezio,current_name,,2021-12-31,ISTAT geometry 2021
075003,Villapicciotti,historical_name,,1873-08-03,ISTAT SITUAS report 104
075004,Alliste,current_name,,2021-12-31,ISTAT geometry 2021
075005,Andrano,current_name,,2021-12-31,ISTAT geometry 2021
075006,Aradeo,current_name,,2021-12-31,ISTAT geometry 2021
075007,Arnesano,current_name,,2021-12-31,ISTAT geometry 2021
075008,Bagnolo,historical_name,,1862-12-23,ISTAT SITUAS report 104
075008,Bagnolo del Salento,current_name,,2021-12-31,ISTAT geometry 2021
075009,Botrugno,current_name,,2021-12-31,ISTAT geometry 2021
075010,Calimera,current_name,,2021-12-31,ISTAT geometry 2021
075011,Cami Salentina,election_source_name,1999-06-13,1999-06-13,official election source label
075011,Campi,historical_name,,1864-06-23,ISTAT SITUAS report 104
075011,Campi Salentina,current_name,,2021-12-31,ISTAT geometry 2021
075012,Cannole,current_name,,2021-12-31,ISTAT geometry 2021
075013,Caprarica di Lecce,current_name,,2021-12-31,ISTAT geometry 2021
075014,Carmiano,current_name,,2021-12-31,ISTAT geometry 2021
075015,Carpignano,historical_name,,1863-04-10,ISTAT SITUAS report 104
075015,Carpignano Salentino,current_name,,2021-12-31,ISTAT geometry 2021
075016,Casarano,current_name,,2021-12-31,ISTAT geometry 2021
075017,Castri di Lecce,current_name,,2021-12-31,ISTAT geometry 2021
075017,Castrifrancone,historical_name,,1892-01-31,ISTAT SITUAS report 104
075018,Castrignano de' Greci,current_name,,2021-12-31,ISTAT geometry 2021
075019,Castrignano del Cao,election_source_name,1999-06-13,1999-06-13,official election source label
075019,Castrignano del Capo,current_name,,2021-12-31,ISTAT geometry 2021
075020,Cavallino,current_name,,2021-12-31,ISTAT geometry 2021
075020,Cavallino-Treporti,election_source_name,2009-06-07,2009-06-07,official election source label
075021,Colleasso,election_source_name,1999-06-13,1999-06-13,official election source label
075021,Collepasso,current_name,,2021-12-31,ISTAT geometry 2021
075022,Copertino,current_name,,2021-12-31,ISTAT geometry 2021
075023,Corigliano,historical_name,,1862-12-23,ISTAT SITUAS report 104
075023,Corigliano d'Otranto,current_name,,2021-12-31,ISTAT geometry 2021
075024,Corsano,current_name,,2021-12-31,ISTAT geometry 2021
075025,Cursi,current_name,,2021-12-31,ISTAT geometry 2021
075026,Cutrofiano,current_name,,2021-12-31,ISTAT geometry 2021
075027,Diso,current_name,,2021-12-31,ISTAT geometry 2021
075028,Gagliano,historical_name,,1862-12-23,ISTAT SITUAS report 104
075028,Gagliano del Cao,election_source_name,1999-06-13,1999-06-13,official election source label
075028,Gagliano del Capo,current_name,,2021-12-31,ISTAT geometry 2021
075029,Galatina,current_name,,2021-12-31,ISTAT geometry 2021
075030,Galatone,current_name,,2021-12-31,ISTAT geometry 2021
075031,Gallipoli,current_name,,2021-12-31,ISTAT geometry 2021
075032,Giuggianello,current_name,,2021-12-31,ISTAT geometry 2021
075033,Giurdignano,current_name,,2021-12-31,ISTAT geometry 2021
075034,Guagnano,current_name,,2021-12-31,ISTAT geometry 2021
075035,Lecce,current_name,,2021-12-31,ISTAT geometry 2021
075036,Lequile,current_name,,2021-12-31,ISTAT geometry 2021
075037,Leverano,current_name,,2021-12-31,ISTAT geometry 2021
075038,Lizzanello,current_name,,2021-12-31,ISTAT geometry 2021
075039,Maglie,current_name,,2021-12-31,ISTAT geometry 2021
075040,Martano,current_name,,2021-12-31,ISTAT geometry 2021
075041,Martignano,current_name,,2021-12-31,ISTAT geometry 2021
075042,Matino,current_name,,2021-12-31,ISTAT geometry 2021
075043,Melendugno,current_name,,2021-12-31,ISTAT geometry 2021
075044,Melissano,current_name,,2021-12-31,ISTAT geometry 2021
075045,Melpignano,current_name,,2021-12-31,ISTAT geometry 2021
075046,Miggiano,current_name,,2021-12-31,ISTAT geometry 2021
075046,Montesano,historical_name,,1864-01-29,ISTAT SITUAS report 104
075046,Montesano Salentino,historical_name,,1864-01-29,ISTAT SITUAS report 104
075047,Minervino,historical_name,,1864-04-01,ISTAT SITUAS report 104
075047,Minervino di Lecce,current_name,,2021-12-31,ISTAT geometry 2021
075048,Monteroni,historical_name,,1864-04-01,ISTAT SITUAS report 104
075048,Monteroni di Lecce,current_name,,2021-12-31,ISTAT geometry 2021
075049,Montesano Salentino,current_name,,2021-12-31,ISTAT geometry 2021
075050,Morciano,historical_name,,1865-04-02,ISTAT SITUAS report 104
075050,Morciano di Leuca,current_name,,2021-12-31,ISTAT geometry 2021
075051,Muro,historical_name,,1862-12-23,ISTAT SITUAS report 104
075051,Muro Leccese,current_name,,2021-12-31,ISTAT geometry 2021
075052,Nardò,current_name,,2021-12-31,ISTAT geometry 2021
075053,Neviano,current_name,,2021-12-31,ISTAT geometry 2021
075054,Nociglia,current_name,,2021-12-31,ISTAT geometry 2021
075055,Novoli,current_name,,2021-12-31,ISTAT geometry 2021
075056,Ortelle,current_name,,2021-12-31,ISTAT geometry 2021
075057,Otranto,current_name,,2021-12-31,ISTAT geometry 2021
075058,Palmariggi,current_name,,2021-12-31,ISTAT geometry 2021
075059,Parabita,current_name,,2021-12-31,ISTAT geometry 2021
075060,Patù,current_name,,2021-12-31,ISTAT geometry 2021
075061,Poggiardo,current_name,,2021-12-31,ISTAT geometry 2021
075063,Racale,current_name,,2021-12-31,ISTAT geometry 2021
075064,Ruffano,current_name,,2021-12-31,ISTAT geometry 2021
075065,Salice,historical_name,,1864-04-01,ISTAT SITUAS report 104
075065,Salice Salentino,current_name,,2021-12-31,ISTAT geometry 2021
075066,Salve,current_name,,2021-12-31,ISTAT geometry 2021
075067,Sanarica,current_name,,2021-12-31,ISTAT geometry 2021
075068,San Cesario,historical_name,,1863-04-10,ISTAT SITUAS report 104
075068,San Cesario di Lecce,current_name,,2021-12-31,ISTAT geometry 2021
075069,San Donato,historical_name,,1863-04-10,ISTAT SITUAS report 104
075069,San Donato di Lecce,current_name,,2021-12-31,ISTAT geometry 2021
075070,Sannicola,current_name,,2021-12-31,ISTAT geometry 2021
075071,San Pietro in Lama,current_name,,2021-12-31,ISTAT geometry 2021
075072,Santa Cesarea,historical_name,,1913-07-22,ISTAT SITUAS report 103
075072,Santa Cesarea Terme,current_name,,2021-12-31,ISTAT geometry 2021
075073,Scorrano,current_name,,2021-12-31,ISTAT geometry 2021
075074,Seclì,current_name,,2021-12-31,ISTAT geometry 2021
075075,Sogliano,historical_name,,1862-12-23,ISTAT SITUAS report 104
075075,Sogliano Cavour,current_name,,2021-12-31,ISTAT geometry 2021
075076,Soleto,current_name,,2021-12-31,ISTAT geometry 2021
075077,Specchia,current_name,,2021-12-31,ISTAT geometry 2021
075077,Specchia de' Preti,historical_name,,1867-09-13,ISTAT SITUAS report 103
075078,Spongano,current_name,,2021-12-31,ISTAT geometry 2021
075079,Squinzano,current_name,,2021-12-31,ISTAT geometry 2021
075080,Sternatia,current_name,,2021-12-31,ISTAT geometry 2021
075081,Supersano,current_name,,2021-12-31,ISTAT geometry 2021
075082,Surano,current_name,,2021-12-31,ISTAT geometry 2021
075083,Surbo,current_name,,2021-12-31,ISTAT geometry 2021
075084,Taurisano,current_name,,2021-12-31,ISTAT geometry 2021
075085,Taviano,current_name,,2021-12-31,ISTAT geometry 2021
075086,Tiggiano,current_name,,2021-12-31,ISTAT geometry 2021
075087,Trepuzzi,current_name,,2021-12-31,ISTAT geometry 2021
075087,Treuzzi,election_source_name,1999-06-13,1999-06-13,official election source label
075088,Tricase,current_name,,2021-12-31,ISTAT geometry 2021
075089,Tuglie,current_name,,2021-12-31,ISTAT geometry 2021
075090,Ugento,current_name,,2021-12-31,ISTAT geometry 2021
075091,Uggiano la Chiesa,current_name,,2021-12-31,ISTAT geometry 2021
075092,Veglie,current_name,,2021-12-31,ISTAT geometry 2021
075093,Vernole,current_name,,2021-12-31,ISTAT geometry 2021
075094,Zollino,current_name,,2021-12-31,ISTAT geometry 2021
075095,San Cassiano,current_name,,2021-12-31,ISTAT geometry 2021
075096,Castro,current_name,,2021-12-31,ISTAT geometry 2021
075096,Castronuovo di Sicilia,election_source_name,1994-03-27,1994-03-27,official election source label
075097,Porto Cesareo,current_name,,2021-12-31,ISTAT geometry 2021
075098,ACQUARICA DEL CAPO,historical_name,1861-03-17,2019-05-14,ANPR historical archive
075098,PRESICCE,historical_name,1861-03-17,2019-05-14,ANPR historical archive
075098,Presicce-Acquarica,current_name,,2021-12-31,ISTAT geometry 2021
076001,Abriola,current_name,,2021-12-31,ISTAT geometry 2021
076002,Acerenza,current_name,,2021-12-31,ISTAT geometry 2021
076003,Albano,historical_name,,1863-05-27,ISTAT SITUAS report 104
076003,Albano di Lucania,current_name,,2021-12-31,ISTAT geometry 2021
076004,Anzi,current_name,,2021-12-31,ISTAT geometry 2021
076005,Armento,current_name,,2021-12-31,ISTAT geometry 2021
076006,Atella,current_name,,2021-12-31,ISTAT geometry 2021
076007,Avigliano,current_name,,2021-12-31,ISTAT geometry 2021
076008,Balvano,current_name,,2021-12-31,ISTAT geometry 2021
076009,Banzi,current_name,,2021-12-31,ISTAT geometry 2021
076010,Baragiano,current_name,,2021-12-31,ISTAT geometry 2021
076011,Barile,current_name,,2021-12-31,ISTAT geometry 2021
076012,Bella,current_name,,2021-12-31,ISTAT geometry 2021
076013,Brienza,current_name,,2021-12-31,ISTAT geometry 2021
076014,Brindisi,historical_name,,1863-04-10,ISTAT SITUAS report 104
076014,Brindisi Montagna,current_name,,2021-12-31,ISTAT geometry 2021
076015,Calvello,current_name,,2021-12-31,ISTAT geometry 2021
076016,Calvera,current_name,,2021-12-31,ISTAT geometry 2021
076017,Campomaggiore,current_name,,2021-12-31,ISTAT geometry 2021
076018,Cancellara,current_name,,2021-12-31,ISTAT geometry 2021
076019,Carbone,current_name,,2021-12-31,ISTAT geometry 2021
076020,Casalnuovo,historical_name,,1863-05-27,ISTAT SITUAS report 104
076020,CASALNUOVO LUCANO,historical_name,1936-07-29,1962-03-27,ANPR historical archive
076020,San Paolo Albanese,current_name,,2021-12-31,ISTAT geometry 2021
076021,Castelgrande,current_name,,2021-12-31,ISTAT geometry 2021
076022,Castelluccio Inferiore,current_name,,2021-12-31,ISTAT geometry 2021
076023,Castelluccio Superiore,current_name,,2021-12-31,ISTAT geometry 2021
076024,Castelmezzano,current_name,,2021-12-31,ISTAT geometry 2021
076025,Castelsaraceno,current_name,,2021-12-31,ISTAT geometry 2021
076026,Castronuovo,historical_name,,1863-06-21,ISTAT SITUAS report 104
076026,Castronuovo di Sant'Andrea,current_name,,2021-12-31,ISTAT geometry 2021
076027,Cersosimo,current_name,,2021-12-31,ISTAT geometry 2021
076028,Chiaromonte,current_name,,2021-12-31,ISTAT geometry 2021
076029,Corleto,historical_name,,1863-05-10,ISTAT SITUAS report 104
076029,Corleto Perticara,current_name,,2021-12-31,ISTAT geometry 2021
076030,Episcopia,current_name,,2021-12-31,ISTAT geometry 2021
076031,Fardella,current_name,,2021-12-31,ISTAT geometry 2021
076032,Filiano,current_name,,2021-12-31,ISTAT geometry 2021
076033,Forenza,current_name,,2021-12-31,ISTAT geometry 2021
076034,Francavilla,historical_name,,1863-05-27,ISTAT SITUAS report 104
076034,Francavilla in Sinni,current_name,,2021-12-31,ISTAT geometry 2021
076035,Gallicchio,current_name,,2021-12-31,ISTAT geometry 2021
076036,Genzano,historical_name,,1901-07-16,ISTAT SITUAS report 100
076036,Genzano di Lucania,current_name,,2021-12-31,ISTAT geometry 2021
076037,Grumento Nova,current_name,,2021-12-31,ISTAT geometry 2021
076037,Saponara,historical_name,,1863-06-21,ISTAT SITUAS report 104
076037,Saponara di Grumento,historical_name,,1863-06-21,ISTAT SITUAS report 104
076038,Guardia Perticara,current_name,,2021-12-31,ISTAT geometry 2021
076039,Lagonegro,current_name,,2021-12-31,ISTAT geometry 2021
076040,Latronico,current_name,,2021-12-31,ISTAT geometry 2021
076041,Laurenzana,current_name,,2021-12-31,ISTAT geometry 2021
076042,Lauria,current_name,,2021-12-31,ISTAT geometry 2021
076043,Lavello,current_name,,2021-12-31,ISTAT geometry 2021
076044,Maratea,current_name,,2021-12-31,ISTAT geometry 2021
076045,Marsico Nuovo,current_name,,2021-12-31,ISTAT geometry 2021
076046,Marsicovetere,current_name,,2021-12-31,ISTAT geometry 2021
076047,Maschito,current_name,,2021-12-31,ISTAT geometry 2021
076048,Melfi,current_name,,2021-12-31,ISTAT geometry 2021
076049,Missanello,current_name,,2021-12-31,ISTAT geometry 2021
076050,Moliterno,current_name,,2021-12-31,ISTAT geometry 2021
076051,Montemilone,current_name,,2021-12-31,ISTAT geometry 2021
076052,Montemurro,current_name,,2021-12-31,ISTAT geometry 2021
076053,Muro,historical_name,,1863-06-21,ISTAT SITUAS report 104
076053,Muro Lucano,current_name,,2021-12-31,ISTAT geometry 2021
076054,Nemoli,current_name,,2021-12-31,ISTAT geometry 2021
076055,Noepoli,current_name,,2021-12-31,ISTAT geometry 2021
076055,Noia,historical_name,,1863-05-27,ISTAT SITUAS report 104
076056,Oppido,historical_name,,1863-06-21,ISTAT SITUAS report 104
076056,Oppido Lucano,current_name,,2021-12-31,ISTAT geometry 2021
076056,Palmira,historical_name,,1863-06-21,ISTAT SITUAS report 104
076057,Palazzo,historical_name,,1863-05-10,ISTAT SITUAS report 104
076057,Palazzo San Gervasio,current_name,,2021-12-31,ISTAT geometry 2021
076058,Pescopagano,current_name,,2021-12-31,ISTAT geometry 2021
076059,Picerno,current_name,,2021-12-31,ISTAT geometry 2021
076060,Pietragalla,current_name,,2021-12-31,ISTAT geometry 2021
076061,Pietrapertosa,current_name,,2021-12-31,ISTAT geometry 2021
076062,Pignola,current_name,,2021-12-31,ISTAT geometry 2021
076062,Pignola di Basilicata,historical_name,,1928-03-13,ISTAT SITUAS report 98
076063,Pignola di Basilicata,historical_name,,1863-05-10,ISTAT SITUAS report 104
076063,Potenza,current_name,,2021-12-31,ISTAT geometry 2021
076063,Vignola,historical_name,,1863-05-10,ISTAT SITUAS report 104
076064,Rapolla,current_name,,2021-12-31,ISTAT geometry 2021
076065,Rapone,current_name,,2021-12-31,ISTAT geometry 2021
076066,Rionero,historical_name,,1863-05-27,ISTAT SITUAS report 104
076066,Rionero in Volture,historical_name,,1863-05-27,ISTAT SITUAS report 104
076066,Rionero in Vulture,current_name,,2021-12-31,ISTAT geometry 2021
076067,Ripacandida,current_name,,2021-12-31,ISTAT geometry 2021
076068,Rivello,current_name,,2021-12-31,ISTAT geometry 2021
076069,Roccanova,current_name,,2021-12-31,ISTAT geometry 2021
076070,Rotonda,current_name,,2021-12-31,ISTAT geometry 2021
076071,Ruoti,current_name,,2021-12-31,ISTAT geometry 2021
076072,Ruvo,historical_name,,1863-04-10,ISTAT SITUAS report 104
076072,Ruvo del Monte,current_name,,2021-12-31,ISTAT geometry 2021
076073,San Chirico Nuovo,current_name,,2021-12-31,ISTAT geometry 2021
076074,San Chirico Raparo,current_name,,2021-12-31,ISTAT geometry 2021
076075,San Costantino,historical_name,,1863-05-10,ISTAT SITUAS report 104
076075,San Costantino Albanese,current_name,,2021-12-31,ISTAT geometry 2021
076076,San Fele,current_name,,2021-12-31,ISTAT geometry 2021
076077,San Martino,historical_name,,1863-05-10,ISTAT SITUAS report 104
076077,San Martino d'Agri,current_name,,2021-12-31,ISTAT geometry 2021
076078,San Severino,historical_name,,1863-05-27,ISTAT SITUAS report 104
076078,San Severino Lucano,current_name,,2021-12-31,ISTAT geometry 2021
076079,Sant'Angelo Le Fratte,current_name,,2021-12-31,ISTAT geometry 2021
076080,Sant'Arcangelo,current_name,,2021-12-31,ISTAT geometry 2021
076081,Sarconi,current_name,,2021-12-31,ISTAT geometry 2021
076082,Sasso,historical_name,,1863-04-10,ISTAT SITUAS report 104
076082,Sasso di Castalda,current_name,,2021-12-31,ISTAT geometry 2021
076083,Pietrafesa,historical_name,,1887-01-01,ISTAT SITUAS report 104
076083,Satriano di Lucania,current_name,,2021-12-31,ISTAT geometry 2021
076084,Salvia,historical_name,,1879-09-03,ISTAT SITUAS report 104
076084,Savoia di Lucania,current_name,,2021-12-31,ISTAT geometry 2021
076085,Senise,current_name,,2021-12-31,ISTAT geometry 2021
076086,Spinoso,current_name,,2021-12-31,ISTAT geometry 2021
076087,Teana,current_name,,2021-12-31,ISTAT geometry 2021
076088,Terranova,historical_name,,1863-05-27,ISTAT SITUAS report 104
076088,Terranova di Pollino,current_name,,2021-12-31,ISTAT geometry 2021
076089,Tito,current_name,,2021-12-31,ISTAT geometry 2021
076090,Tolve,current_name,,2021-12-31,ISTAT geometry 2021
076091,Tramutola,current_name,,2021-12-31,ISTAT geometry 2021
076092,Trecchina,current_name,,2021-12-31,ISTAT geometry 2021
076093,Trivigno,current_name,,2021-12-31,ISTAT geometry 2021
076094,Vaglio,historical_name,,1863-05-27,ISTAT SITUAS report 104
076094,Vaglio Basilicata,current_name,,2021-12-31,ISTAT geometry 2021
076094,Vaglio di Basilicata,historical_name,,1863-05-27,ISTAT SITUAS report 104
076094,VAGLIO LUCANO,historical_name,1933-07-13,1955-04-04,ANPR historical archive
076095,Venosa,current_name,,2021-12-31,ISTAT geometry 2021
076096,Vietri,historical_name,,1863-05-10,ISTAT SITUAS report 104
076096,Vietri di Potenza,current_name,,2021-12-31,ISTAT geometry 2021
076097,Viggianello,current_name,,2021-12-31,ISTAT geometry 2021
076098,Viggiano,current_name,,2021-12-31,ISTAT geometry 2021
076099,Ginestra,current_name,,2021-12-31,ISTAT geometry 2021
076100,Paterno,current_name,,2021-12-31,ISTAT geometry 2021
077001,Accettura,current_name,,2021-12-31,ISTAT geometry 2021
077002,Aliano,current_name,,2021-12-31,ISTAT geometry 2021
077003,Bernalda,current_name,,2021-12-31,ISTAT geometry 2021
077004,Calciano,current_name,,2021-12-31,ISTAT geometry 2021
077005,Cirigliano,current_name,,2021-12-31,ISTAT geometry 2021
077006,Colobraro,current_name,,2021-12-31,ISTAT geometry 2021
077007,Craco,current_name,,2021-12-31,ISTAT geometry 2021
077008,Ferrandina,current_name,,2021-12-31,ISTAT geometry 2021
077009,Garaguso,current_name,,2021-12-31,ISTAT geometry 2021
077010,Gorgoglione,current_name,,2021-12-31,ISTAT geometry 2021
077011,Grassano,current_name,,2021-12-31,ISTAT geometry 2021
077012,Grottole,current_name,,2021-12-31,ISTAT geometry 2021
077013,Irsina,current_name,,2021-12-31,ISTAT geometry 2021
077013,Montepeloso,historical_name,,1895-04-30,ISTAT SITUAS report 104
077014,Matera,current_name,,2021-12-31,ISTAT geometry 2021
077015,Miglionico,current_name,,2021-12-31,ISTAT geometry 2021
077016,Mont'Albano,historical_name,,1863-05-27,ISTAT SITUAS report 104
077016,Montalbano Jonico,current_name,,2021-12-31,ISTAT geometry 2021
077017,Montescaglioso,current_name,,2021-12-31,ISTAT geometry 2021
077018,Bollita,historical_name,,1872-04-09,ISTAT SITUAS report 104
077018,Nova Siri,current_name,,2021-12-31,ISTAT geometry 2021
077019,Oliveto,historical_name,,1863-06-21,ISTAT SITUAS report 104
077019,Oliveto Lucano,current_name,,2021-12-31,ISTAT geometry 2021
077020,Pisticci,current_name,,2021-12-31,ISTAT geometry 2021
077021,Policoro,current_name,,2021-12-31,ISTAT geometry 2021
077022,Pomarico,current_name,,2021-12-31,ISTAT geometry 2021
077023,Rotondella,current_name,,2021-12-31,ISTAT geometry 2021
077024,Salandra,current_name,,2021-12-31,ISTAT geometry 2021
077025,San Giorgio,historical_name,,1863-05-27,ISTAT SITUAS report 104
077025,San Giorgio Lucano,current_name,,2021-12-31,ISTAT geometry 2021
077026,San Mauro,historical_name,,1864-02-02,ISTAT SITUAS report 104
077026,San Mauro Forte,current_name,,2021-12-31,ISTAT geometry 2021
077027,Stigliano,current_name,,2021-12-31,ISTAT geometry 2021
077028,Tricarico,current_name,,2021-12-31,ISTAT geometry 2021
077029,Tursi,current_name,,2021-12-31,ISTAT geometry 2021
077030,Favale,historical_name,,1863-05-27,ISTAT SITUAS report 104
077030,Favale San Cataldo,historical_name,,1863-05-27,ISTAT SITUAS report 104
077030,Valsinni,current_name,,2021-12-31,ISTAT geometry 2021
077031,Scanzano Jonico,current_name,,2021-12-31,ISTAT geometry 2021
078001,Acquaformosa,current_name,,2021-12-31,ISTAT geometry 2021
078002,Acquappesa,current_name,,2021-12-31,ISTAT geometry 2021
078003,Acri,current_name,,2021-12-31,ISTAT geometry 2021
078004,Ajello,historical_name,,1864-04-01,ISTAT SITUAS report 104
078004,Aiello Calabro,current_name,,2021-12-31,ISTAT geometry 2021
078004,Aiello in Calabria,historical_name,,1864-04-01,ISTAT SITUAS report 104
078004,Cleto,historical_name,,1863-05-10,ISTAT SITUAS report 104
078004,Pietramala,historical_name,,1863-05-10,ISTAT SITUAS report 104
078005,Aieta,current_name,,2021-12-31,ISTAT geometry 2021
078006,Albidona,current_name,,2021-12-31,ISTAT geometry 2021
078007,Alessandria,historical_name,,1863-04-10,ISTAT SITUAS report 104
078007,Alessandria del Carretto,current_name,,2021-12-31,ISTAT geometry 2021
078008,Altilia,current_name,,2021-12-31,ISTAT geometry 2021
078009,Altomonte,current_name,,2021-12-31,ISTAT geometry 2021
078010,Amantea,current_name,,2021-12-31,ISTAT geometry 2021
078011,Amendolara,current_name,,2021-12-31,ISTAT geometry 2021
078012,Aprigliano,current_name,,2021-12-31,ISTAT geometry 2021
078013,Belmonte,historical_name,,1863-05-10,ISTAT SITUAS report 104
078013,Belmonte Calabro,current_name,,2021-12-31,ISTAT geometry 2021
078014,Belsito,current_name,,2021-12-31,ISTAT geometry 2021
078015,Belvedere,historical_name,,1863-05-27,ISTAT SITUAS report 104
078015,Belvedere Marittimo,current_name,,2021-12-31,ISTAT geometry 2021
078016,Bianchi,current_name,,2021-12-31,ISTAT geometry 2021
078017,Bisignano,current_name,,2021-12-31,ISTAT geometry 2021
078018,Bocchigliero,current_name,,2021-12-31,ISTAT geometry 2021
078019,Bonifati,current_name,,2021-12-31,ISTAT geometry 2021
078020,Buonvicino,current_name,,2021-12-31,ISTAT geometry 2021
078021,Calopezzati,current_name,,2021-12-31,ISTAT geometry 2021
078021,Crosia,historical_name,,1902-07-19,ISTAT SITUAS report 103
078022,Caloveto,current_name,,2021-12-31,ISTAT geometry 2021
078023,Campana,current_name,,2021-12-31,ISTAT geometry 2021
078024,Canna,current_name,,2021-12-31,ISTAT geometry 2021
078025,Cariati,current_name,,2021-12-31,ISTAT geometry 2021
078026,Carolei,current_name,,2021-12-31,ISTAT geometry 2021
078027,Carpanzano,current_name,,2021-12-31,ISTAT geometry 2021
078029,Cassano,historical_name,,1863-05-10,ISTAT SITUAS report 104
078029,Cassano all'Ionio,current_name,,2021-12-31,ISTAT geometry 2021
078029,Cassano Allo Ionio,election_source_name,1946-06-02,1946-06-02,official election source label
078030,Castiglione,historical_name,,1863-05-10,ISTAT SITUAS report 104
078030,Castiglione Cosentino,current_name,,2021-12-31,ISTAT geometry 2021
078031,Castelfranco,historical_name,,1863-05-27,ISTAT SITUAS report 104
078031,Castrolibero,current_name,,2021-12-31,ISTAT geometry 2021
078032,Castroregio,current_name,,2021-12-31,ISTAT geometry 2021
078033,Castrovillari,current_name,,2021-12-31,ISTAT geometry 2021
078034,Celico,current_name,,2021-12-31,ISTAT geometry 2021
078035,Cellara,current_name,,2021-12-31,ISTAT geometry 2021
078036,Cerchiara,historical_name,,1864-04-01,ISTAT SITUAS report 104
078036,Cerchiara di Calabria,current_name,,2021-12-31,ISTAT geometry 2021
078037,Cerisano,current_name,,2021-12-31,ISTAT geometry 2021
078038,Cervicati,current_name,,2021-12-31,ISTAT geometry 2021
078039,Cerzeto,current_name,,2021-12-31,ISTAT geometry 2021
078040,Cetraro,current_name,,2021-12-31,ISTAT geometry 2021
078041,Civita,current_name,,2021-12-31,ISTAT geometry 2021
078042,Cleto,current_name,,2021-12-31,ISTAT geometry 2021
078043,Colosimi,current_name,,2021-12-31,ISTAT geometry 2021
078045,Cosenza,current_name,,2021-12-31,ISTAT geometry 2021
078046,Caloveto,historical_name,,1902-07-19,ISTAT SITUAS report 103
078046,Cropalati,current_name,,2021-12-31,ISTAT geometry 2021
078047,Crosia,current_name,,2021-12-31,ISTAT geometry 2021
078048,Diamante,current_name,,2021-12-31,ISTAT geometry 2021
078049,Dipignano,current_name,,2021-12-31,ISTAT geometry 2021
078050,Domanico,current_name,,2021-12-31,ISTAT geometry 2021
078051,Fagnano,historical_name,,1863-05-10,ISTAT SITUAS report 104
078051,Fagnano Castello,current_name,,2021-12-31,ISTAT geometry 2021
078051,Santa Caterina,historical_name,,1863-05-27,ISTAT SITUAS report 104
078051,Santa Caterina Albanese,historical_name,,1863-05-27,ISTAT SITUAS report 104
078052,Falconara,historical_name,,1863-05-10,ISTAT SITUAS report 104
078052,Falconara Albanese,current_name,,2021-12-31,ISTAT geometry 2021
078053,Figline,historical_name,,1864-01-29,ISTAT SITUAS report 104
078053,Figline Vegliaturo,current_name,,2021-12-31,ISTAT geometry 2021
078054,Firmo,current_name,,2021-12-31,ISTAT geometry 2021
078055,Fiumefreddo,historical_name,,1863-01-10,ISTAT SITUAS report 104
078055,Fiumefreddo Bruzio,current_name,,2021-12-31,ISTAT geometry 2021
078056,Francavilla,historical_name,,1863-05-10,ISTAT SITUAS report 104
078056,Francavilla Marittima,current_name,,2021-12-31,ISTAT geometry 2021
078057,Frascineto,current_name,,2021-12-31,ISTAT geometry 2021
078058,Fuscaldo,current_name,,2021-12-31,ISTAT geometry 2021
078059,Grimaldi,current_name,,2021-12-31,ISTAT geometry 2021
078060,Grisolia,current_name,,2021-12-31,ISTAT geometry 2021
078060,GRISOLIA CIPOLLINA,historical_name,1861-03-17,1948-04-29,ANPR historical archive
078061,Guardia Piemontese,current_name,,2021-12-31,ISTAT geometry 2021
078062,Lago,current_name,,2021-12-31,ISTAT geometry 2021
078063,Laino Borgo,current_name,,2021-12-31,ISTAT geometry 2021
078064,Laino Castello,current_name,,2021-12-31,ISTAT geometry 2021
078065,Lappano,current_name,,2021-12-31,ISTAT geometry 2021
078066,Lattarico,current_name,,2021-12-31,ISTAT geometry 2021
078067,Longobardi,current_name,,2021-12-31,ISTAT geometry 2021
078068,Longobucco,current_name,,2021-12-31,ISTAT geometry 2021
078069,Lungro,current_name,,2021-12-31,ISTAT geometry 2021
078070,Luzzi,current_name,,2021-12-31,ISTAT geometry 2021
078071,Maierà,current_name,,2021-12-31,ISTAT geometry 2021
078072,Malito,current_name,,2021-12-31,ISTAT geometry 2021
078073,Malvito,current_name,,2021-12-31,ISTAT geometry 2021
078074,Mandatoriccio,current_name,,2021-12-31,ISTAT geometry 2021
078075,Mangone,current_name,,2021-12-31,ISTAT geometry 2021
078076,Marano Marchesato,current_name,,2021-12-31,ISTAT geometry 2021
078077,Marano Principato,current_name,,2021-12-31,ISTAT geometry 2021
078078,Marzi,current_name,,2021-12-31,ISTAT geometry 2021
078079,Mendicino,current_name,,2021-12-31,ISTAT geometry 2021
078080,Mongrassano,current_name,,2021-12-31,ISTAT geometry 2021
078081,Montalto,historical_name,,1863-05-10,ISTAT SITUAS report 104
078081,Montalto Affugo,historical_name,,1863-05-10,ISTAT SITUAS report 104
078081,Montalto Uffugo,current_name,,2021-12-31,ISTAT geometry 2021
078081,San Vincenzo,historical_name,,1863-04-10,ISTAT SITUAS report 104
078081,San Vincenzo La Costa,historical_name,,1863-04-10,ISTAT SITUAS report 104
078082,Montegiordano,current_name,,2021-12-31,ISTAT geometry 2021
078083,Morano,historical_name,,1863-09-27,ISTAT SITUAS report 104
078083,Morano Calabro,current_name,,2021-12-31,ISTAT geometry 2021
078084,Mormanno,current_name,,2021-12-31,ISTAT geometry 2021
078085,Mottafollone,current_name,,2021-12-31,ISTAT geometry 2021
078086,Nocara,current_name,,2021-12-31,ISTAT geometry 2021
078087,Oriolo,current_name,,2021-12-31,ISTAT geometry 2021
078088,Orsomarso,current_name,,2021-12-31,ISTAT geometry 2021
078089,Paludi,current_name,,2021-12-31,ISTAT geometry 2021
078090,Panettieri,current_name,,2021-12-31,ISTAT geometry 2021
078091,Paola,current_name,,2021-12-31,ISTAT geometry 2021
078092,Papasidero,current_name,,2021-12-31,ISTAT geometry 2021
078093,Parenti,current_name,,2021-12-31,ISTAT geometry 2021
078094,Paterno,historical_name,,1863-06-21,ISTAT SITUAS report 104
078094,Paterno Calabro,current_name,,2021-12-31,ISTAT geometry 2021
078096,Pedivigliano,current_name,,2021-12-31,ISTAT geometry 2021
078097,Piane,historical_name,,1863-05-10,ISTAT SITUAS report 104
078097,Piane Crati,current_name,,2021-12-31,ISTAT geometry 2021
078098,Pietrafitta,current_name,,2021-12-31,ISTAT geometry 2021
078099,Pietrapaola,current_name,,2021-12-31,ISTAT geometry 2021
078100,Plataci,current_name,,2021-12-31,ISTAT geometry 2021
078101,Praia a Mare,current_name,,2021-12-31,ISTAT geometry 2021
078102,Rende,current_name,,2021-12-31,ISTAT geometry 2021
078103,Rocca Imperiale,current_name,,2021-12-31,ISTAT geometry 2021
078104,Roggiano,historical_name,,1864-06-23,ISTAT SITUAS report 104
078104,Roggiano Gravina,current_name,,2021-12-31,ISTAT geometry 2021
078105,Rogliano,current_name,,2021-12-31,ISTAT geometry 2021
078105,Santo Stefano,historical_name,,1864-02-14,ISTAT SITUAS report 104
078105,Santo Stefano di Rogliano,historical_name,,1864-02-14,ISTAT SITUAS report 104
078106,Rose,current_name,,2021-12-31,ISTAT geometry 2021
078107,Roseto,historical_name,,1863-05-27,ISTAT SITUAS report 104
078107,Roseto Capo Spulico,current_name,,2021-12-31,ISTAT geometry 2021
078107,ROSITO CAPO SPULICO,historical_name,1863-04-10,1970-03-20,ANPR historical archive
078109,Rota,historical_name,,1863-05-27,ISTAT SITUAS report 104
078109,Rota Greca,current_name,,2021-12-31,ISTAT geometry 2021
078110,Rovito,current_name,,2021-12-31,ISTAT geometry 2021
078111,San Basile,current_name,,2021-12-31,ISTAT geometry 2021
078112,San Benedetto Ullano,current_name,,2021-12-31,ISTAT geometry 2021
078113,San Cosmo,historical_name,,1897-02-13,ISTAT SITUAS report 104
078113,San Cosmo Albanese,current_name,,2021-12-31,ISTAT geometry 2021
078114,San Demetrio,historical_name,,1863-05-10,ISTAT SITUAS report 104
078114,San Demetrio Corone,current_name,,2021-12-31,ISTAT geometry 2021
078115,San Donato,historical_name,,1864-04-01,ISTAT SITUAS report 104
078115,San Donato di Ninea,current_name,,2021-12-31,ISTAT geometry 2021
078116,San Fili,current_name,,2021-12-31,ISTAT geometry 2021
078117,Sangineto,current_name,,2021-12-31,ISTAT geometry 2021
078118,San Giorgio,historical_name,,1863-05-27,ISTAT SITUAS report 104
078118,San Giorgio Albanese,current_name,,2021-12-31,ISTAT geometry 2021
078119,San Giovanni in Fiore,current_name,,2021-12-31,ISTAT geometry 2021
078120,San Lorenzo Bellizzi,current_name,,2021-12-31,ISTAT geometry 2021
078121,San Lorenzo del Vallo,current_name,,2021-12-31,ISTAT geometry 2021
078122,San Lucido,current_name,,2021-12-31,ISTAT geometry 2021
078123,San Marco,historical_name,,1863-01-10,ISTAT SITUAS report 104
078123,San Marco Argentano,current_name,,2021-12-31,ISTAT geometry 2021
078124,San Martino,historical_name,,1863-04-10,ISTAT SITUAS report 104
078124,San Martino di Finita,current_name,,2021-12-31,ISTAT geometry 2021
078125,San Nicola Arcella,current_name,,2021-12-31,ISTAT geometry 2021
078126,San Pietro in Amantea,current_name,,2021-12-31,ISTAT geometry 2021
078127,San Pietro in Guarano,current_name,,2021-12-31,ISTAT geometry 2021
078128,San Sosti,current_name,,2021-12-31,ISTAT geometry 2021
078129,Santa Caterina Albanese,current_name,,2021-12-31,ISTAT geometry 2021
078130,Santa Domenica,historical_name,,1864-04-01,ISTAT SITUAS report 104
078130,Santa Domenica Talao,current_name,,2021-12-31,ISTAT geometry 2021
078131,Sant'Agata,historical_name,,1863-01-10,ISTAT SITUAS report 104
078131,Sant'Agata di Esaro,current_name,,2021-12-31,ISTAT geometry 2021
078132,CIPOLLINA,historical_name,1948-04-30,1955-07-09,ANPR historical archive
078132,SANTA MARIA,historical_name,1955-07-10,1968-05-23,ANPR historical archive
078132,Santa Maria del Cedro,current_name,,2021-12-31,ISTAT geometry 2021
078133,Santa Sofia,historical_name,,1863-05-10,ISTAT SITUAS report 104
078133,Santa Sofia d'Epiro,current_name,,2021-12-31,ISTAT geometry 2021
078134,Santo Stefano di Rogliano,current_name,,2021-12-31,ISTAT geometry 2021
078135,San Vincenzo La Costa,current_name,,2021-12-31,ISTAT geometry 2021
078136,Saracena,current_name,,2021-12-31,ISTAT geometry 2021
078137,Scala,historical_name,,1863-05-27,ISTAT SITUAS report 104
078137,Scala Coeli,current_name,,2021-12-31,ISTAT geometry 2021
078138,Scalea,current_name,,2021-12-31,ISTAT geometry 2021
078139,Scigliano,current_name,,2021-12-31,ISTAT geometry 2021
078140,Serra d'Aiello,current_name,,2021-12-31,ISTAT geometry 2021
078142,Sezzano Albanese,election_source_name,1999-06-13,1999-06-13,official election source label
078142,Spezzano Albanese,current_name,,2021-12-31,ISTAT geometry 2021
078143,Spezzano della Sila,current_name,,2021-12-31,ISTAT geometry 2021
078145,Tarsia,current_name,,2021-12-31,ISTAT geometry 2021
078146,Terranova,historical_name,,1864-04-01,ISTAT SITUAS report 104
078146,Terranova da Sibari,current_name,,2021-12-31,ISTAT geometry 2021
078147,Terravecchia,current_name,,2021-12-31,ISTAT geometry 2021
078148,Torano,historical_name,,1864-12-07,ISTAT SITUAS report 104
078148,Torano Castello,current_name,,2021-12-31,ISTAT geometry 2021
078149,Tortora,current_name,,2021-12-31,ISTAT geometry 2021
078150,Trebisacce,current_name,,2021-12-31,ISTAT geometry 2021
078152,Vaccarizzo,historical_name,,1864-01-29,ISTAT SITUAS report 104
078152,Vaccarizzo Albanese,current_name,,2021-12-31,ISTAT geometry 2021
078153,Verbicaro,current_name,,2021-12-31,ISTAT geometry 2021
078154,Casalnuovo,historical_name,,1863-05-10,ISTAT SITUAS report 104
078154,Villapiana,current_name,,2021-12-31,ISTAT geometry 2021
078155,Zumpano,current_name,,2021-12-31,ISTAT geometry 2021
078156,Casali del Manco,current_name,,2021-12-31,ISTAT geometry 2021
078156,Casole,historical_name,,1864-12-07,ISTAT SITUAS report 104
078156,CASOLE BRUZIO,historical_name,1864-11-07,2017-05-04,ANPR historical archive
078156,PEDACE,historical_name,1861-03-17,2017-05-04,ANPR historical archive
078156,SERRA PEDACE,historical_name,1861-03-17,2017-05-04,ANPR historical archive
078156,SPEZZANO PICCOLO,historical_name,1937-07-18,2017-05-04,ANPR historical archive
078156,TRENTA,historical_name,1861-03-17,2017-05-04,ANPR historical archive
078157,Corigliano,historical_name,,1863-04-10,ISTAT SITUAS report 104
078157,CORIGLIANO CALABRO,historical_name,1863-02-06,2018-03-30,ANPR historical archive
078157,Corigliano-Rossano,current_name,,2021-12-31,ISTAT geometry 2021
078157,ROSSANO,historical_name,1861-03-17,2018-03-30,ANPR historical archive
079002,Albi,current_name,,2021-12-31,ISTAT geometry 2021
079003,Amaroni,current_name,,2021-12-31,ISTAT geometry 2021
079004,Amato,current_name,,2021-12-31,ISTAT geometry 2021
079005,Andali,current_name,,2021-12-31,ISTAT geometry 2021
079007,Argusto,current_name,,2021-12-31,ISTAT geometry 2021
079008,Badolato,current_name,,2021-12-31,ISTAT geometry 2021
079009,Belcastro,current_name,,2021-12-31,ISTAT geometry 2021
079011,Borgia,current_name,,2021-12-31,ISTAT geometry 2021
079012,Botricello,current_name,,2021-12-31,ISTAT geometry 2021
079017,Caraffa,historical_name,,1863-09-27,ISTAT SITUAS report 104
079017,Caraffa di Catanzaro,current_name,,2021-12-31,ISTAT geometry 2021
079018,Cardinale,current_name,,2021-12-31,ISTAT geometry 2021
079020,Carlopoli,current_name,,2021-12-31,ISTAT geometry 2021
079023,Catanzaro,current_name,,2021-12-31,ISTAT geometry 2021
079024,Cenadi,current_name,,2021-12-31,ISTAT geometry 2021
079025,Centrache,current_name,,2021-12-31,ISTAT geometry 2021
079027,Cerva,current_name,,2021-12-31,ISTAT geometry 2021
079029,Chiaravalle,historical_name,,1863-05-27,ISTAT SITUAS report 104
079029,Chiaravalle Centrale,current_name,,2021-12-31,ISTAT geometry 2021
079030,Cicala,current_name,,2021-12-31,ISTAT geometry 2021
079033,Conflenti,current_name,,2021-12-31,ISTAT geometry 2021
079034,Cortale,current_name,,2021-12-31,ISTAT geometry 2021
079036,Cropani,current_name,,2021-12-31,ISTAT geometry 2021
079039,Curinga,current_name,,2021-12-31,ISTAT geometry 2021
079042,Davoli,current_name,,2021-12-31,ISTAT geometry 2021
079043,Decollatura,current_name,,2021-12-31,ISTAT geometry 2021
079047,Falerna,current_name,,2021-12-31,ISTAT geometry 2021
079048,Feroleto Antico,current_name,,2021-12-31,ISTAT geometry 2021
079052,Fossato,historical_name,,1864-01-29,ISTAT SITUAS report 104
079052,Fossato Serralta,current_name,,2021-12-31,ISTAT geometry 2021
079055,Gagliato,current_name,,2021-12-31,ISTAT geometry 2021
079056,Gasperina,current_name,,2021-12-31,ISTAT geometry 2021
079058,Gimigliano,current_name,,2021-12-31,ISTAT geometry 2021
079059,Girifalco,current_name,,2021-12-31,ISTAT geometry 2021
079060,Gizzeria,current_name,,2021-12-31,ISTAT geometry 2021
079061,Guardavalle,current_name,,2021-12-31,ISTAT geometry 2021
079063,Isca sullo Ionio,current_name,,2021-12-31,ISTAT geometry 2021
079065,Jacurso,current_name,,2021-12-31,ISTAT geometry 2021
079068,Magisano,current_name,,2021-12-31,ISTAT geometry 2021
079069,Maida,current_name,,2021-12-31,ISTAT geometry 2021
079071,Marcedusa,current_name,,2021-12-31,ISTAT geometry 2021
079072,Marcellinara,current_name,,2021-12-31,ISTAT geometry 2021
079073,Martirano,current_name,,2021-12-31,ISTAT geometry 2021
079074,Martirano,historical_name,,1929-11-30,ISTAT SITUAS report 104
079074,Martirano Lombardo,current_name,,2021-12-31,ISTAT geometry 2021
079077,Miglierina,current_name,,2021-12-31,ISTAT geometry 2021
079080,Montauro,current_name,,2021-12-31,ISTAT geometry 2021
079081,Montepaone,current_name,,2021-12-31,ISTAT geometry 2021
079083,Motta Santa Lucia,current_name,,2021-12-31,ISTAT geometry 2021
079087,Nocera,historical_name,,1863-04-10,ISTAT SITUAS report 104
079087,Nocera Terinese,current_name,,2021-12-31,ISTAT geometry 2021
079087,Nocera Tirinese,election_source_name,1946-06-02,1946-06-02,official election source label
079088,Olivadi,current_name,,2021-12-31,ISTAT geometry 2021
079089,Palermiti,current_name,,2021-12-31,ISTAT geometry 2021
079092,Pentone,current_name,,2021-12-31,ISTAT geometry 2021
079094,Petrizzi,current_name,,2021-12-31,ISTAT geometry 2021
079095,Petronà,current_name,,2021-12-31,ISTAT geometry 2021
079096,Feroletto Piano,historical_name,,1872-05-17,ISTAT SITUAS report 104
079096,Pianopoli,current_name,,2021-12-31,ISTAT geometry 2021
079099,Platania,current_name,,2021-12-31,ISTAT geometry 2021
079108,San Floro,current_name,,2021-12-31,ISTAT geometry 2021
079110,San Mango,historical_name,,1863-04-10,ISTAT SITUAS report 104
079110,San Mango d'Aquino,current_name,,2021-12-31,ISTAT geometry 2021
079114,San Pietro a Maida,current_name,,2021-12-31,ISTAT geometry 2021
079115,San Pietro a Tiriolo,historical_name,,1863-09-20,ISTAT SITUAS report 104
079115,San Pietro Apostolo,current_name,,2021-12-31,ISTAT geometry 2021
079116,San Sostene,current_name,,2021-12-31,ISTAT geometry 2021
079117,Santa Caterina,historical_name,,1863-05-27,ISTAT SITUAS report 104
079117,Santa Caterina dello Ionio,current_name,,2021-12-31,ISTAT geometry 2021
079118,Sant'Andrea,historical_name,,1863-09-27,ISTAT SITUAS report 104
079118,Sant'Andrea Apostolo dello Ionio,current_name,,2021-12-31,ISTAT geometry 2021
079122,San Vito,historical_name,,1863-05-27,ISTAT SITUAS report 104
079122,San Vito sullo Ionio,current_name,,2021-12-31,ISTAT geometry 2021
079123,Satriano,current_name,,2021-12-31,ISTAT geometry 2021
079126,Sellia,current_name,,2021-12-31,ISTAT geometry 2021
079127,Sellia Marina,current_name,,2021-12-31,ISTAT geometry 2021
079129,Serrastretta,current_name,,2021-12-31,ISTAT geometry 2021
079130,Sersale,current_name,,2021-12-31,ISTAT geometry 2021
079131,Settingiano,current_name,,2021-12-31,ISTAT geometry 2021
079133,Simeri Crichi,current_name,,2021-12-31,ISTAT geometry 2021
079134,Sorbo,historical_name,,1863-04-10,ISTAT SITUAS report 104
079134,Sorbo San Basile,current_name,,2021-12-31,ISTAT geometry 2021
079137,Soverato,current_name,,2021-12-31,ISTAT geometry 2021
079138,Soveria Mannelli,current_name,,2021-12-31,ISTAT geometry 2021
079139,Soveria Simeri,current_name,,2021-12-31,ISTAT geometry 2021
079142,Squillace,current_name,,2021-12-31,ISTAT geometry 2021
079143,Stalettì,current_name,,2021-12-31,ISTAT geometry 2021
079146,Taverna,current_name,,2021-12-31,ISTAT geometry 2021
079147,Tiriolo,current_name,,2021-12-31,ISTAT geometry 2021
079148,Torre,historical_name,,1864-06-23,ISTAT SITUAS report 104
079148,Torre di Ruggiero,current_name,,2021-12-31,ISTAT geometry 2021
079151,Sant'Elia,historical_name,,1863-05-27,ISTAT SITUAS report 104
079151,Vallefiorita,current_name,,2021-12-31,ISTAT geometry 2021
079157,Zagarise,current_name,,2021-12-31,ISTAT geometry 2021
079160,Lamezia Terme,current_name,,2021-12-31,ISTAT geometry 2021
079160,NICASTRO,historical_name,1935-06-06,1968-11-27,ANPR historical archive
079160,SAMBIASE,historical_name,1935-06-06,1968-11-27,ANPR historical archive
079160,SANT'EUFEMIA LAMEZIA,historical_name,1935-06-06,1968-11-27,ANPR historical archive
080001,Africo,current_name,,2021-12-31,ISTAT geometry 2021
080002,Agnana Calabra,current_name,,2021-12-31,ISTAT geometry 2021
080003,Anoia,current_name,,2021-12-31,ISTAT geometry 2021
080004,Antonimina,current_name,,2021-12-31,ISTAT geometry 2021
080005,Ardore,current_name,,2021-12-31,ISTAT geometry 2021
080006,Bagaladi,current_name,,2021-12-31,ISTAT geometry 2021
080007,Bagnara,historical_name,,1864-06-23,ISTAT SITUAS report 104
080007,Bagnara Calabra,current_name,,2021-12-31,ISTAT geometry 2021
080008,Benestare,current_name,,2021-12-31,ISTAT geometry 2021
080009,Bianco,current_name,,2021-12-31,ISTAT geometry 2021
080010,Bivongi,current_name,,2021-12-31,ISTAT geometry 2021
080011,Bova,current_name,,2021-12-31,ISTAT geometry 2021
080012,Bovalino,current_name,,2021-12-31,ISTAT geometry 2021
080013,Bova Marina,current_name,,2021-12-31,ISTAT geometry 2021
080014,Brancaleone,current_name,,2021-12-31,ISTAT geometry 2021
080015,Bruzzano,historical_name,,1863-05-27,ISTAT SITUAS report 104
080015,Bruzzano Zeffirio,current_name,,2021-12-31,ISTAT geometry 2021
080016,Calanna,current_name,,2021-12-31,ISTAT geometry 2021
080017,Camini,current_name,,2021-12-31,ISTAT geometry 2021
080018,Campo Calabro,current_name,,2021-12-31,ISTAT geometry 2021
080018,Campo di Calabria,historical_name,,1927-08-03,ISTAT SITUAS report 98
080019,Candidoni,current_name,,2021-12-31,ISTAT geometry 2021
080020,Canolo,current_name,,2021-12-31,ISTAT geometry 2021
080021,Caraffa del Bianco,current_name,,2021-12-31,ISTAT geometry 2021
080022,Cardeto,current_name,,2021-12-31,ISTAT geometry 2021
080023,Careri,current_name,,2021-12-31,ISTAT geometry 2021
080024,Casignana,current_name,,2021-12-31,ISTAT geometry 2021
080025,Castelvetere,historical_name,,1863-05-27,ISTAT SITUAS report 104
080025,Caulonia,current_name,,2021-12-31,ISTAT geometry 2021
080026,Ciminà,current_name,,2021-12-31,ISTAT geometry 2021
080027,Cinquefrondi,current_name,,2021-12-31,ISTAT geometry 2021
080028,Cittanova,current_name,,2021-12-31,ISTAT geometry 2021
080029,Condofuri,current_name,,2021-12-31,ISTAT geometry 2021
080030,Cosoleto,current_name,,2021-12-31,ISTAT geometry 2021
080031,Delianuova,current_name,,2021-12-31,ISTAT geometry 2021
080032,Feroleto della Chiesa,current_name,,2021-12-31,ISTAT geometry 2021
080033,Ferruzzano,current_name,,2021-12-31,ISTAT geometry 2021
080034,Fiumara,current_name,,2021-12-31,ISTAT geometry 2021
080035,Galatro,current_name,,2021-12-31,ISTAT geometry 2021
080036,Gerace,current_name,,2021-12-31,ISTAT geometry 2021
080036,Gerace Superiore,historical_name,,1905-09-01,ISTAT SITUAS report 104
080037,Giffone,current_name,,2021-12-31,ISTAT geometry 2021
080038,Gioja,historical_name,,1863-05-27,ISTAT SITUAS report 104
080038,Gioia Tauro,current_name,,2021-12-31,ISTAT geometry 2021
080039,Giojosa,historical_name,,1863-05-27,ISTAT SITUAS report 104
080039,Gioiosa Ionica,current_name,,2021-12-31,ISTAT geometry 2021
080040,Grotteria,current_name,,2021-12-31,ISTAT geometry 2021
080041,Laganadi,current_name,,2021-12-31,ISTAT geometry 2021
080042,Laureana,historical_name,,1863-05-27,ISTAT SITUAS report 104
080042,Laureana di Borello,historical_name,,1863-05-27,ISTAT SITUAS report 104
080042,Laureana di Borrello,current_name,,2021-12-31,ISTAT geometry 2021
080043,Gerace Marina,historical_name,,1905-09-01,ISTAT SITUAS report 103
080043,Locri,current_name,,2021-12-31,ISTAT geometry 2021
080044,Mammola,current_name,,2021-12-31,ISTAT geometry 2021
080045,Marina di Gioiosa Ionica,current_name,,2021-12-31,ISTAT geometry 2021
080046,Maropati,current_name,,2021-12-31,ISTAT geometry 2021
080047,Martone,current_name,,2021-12-31,ISTAT geometry 2021
080048,Melicuccà,current_name,,2021-12-31,ISTAT geometry 2021
080049,Melicucco,current_name,,2021-12-31,ISTAT geometry 2021
080050,Melito,historical_name,,1864-06-23,ISTAT SITUAS report 104
080050,Melito di Porto Salvo,current_name,,2021-12-31,ISTAT geometry 2021
080051,Molochio,current_name,,2021-12-31,ISTAT geometry 2021
080052,Monasterace,current_name,,2021-12-31,ISTAT geometry 2021
080053,Fossato di Calabria Ultra Prima,historical_name,,1864-06-23,ISTAT SITUAS report 104
080053,Montebello,historical_name,,1864-06-23,ISTAT SITUAS report 104
080053,Montebello Jonico,current_name,,2021-12-31,ISTAT geometry 2021
080054,Motta San Giovanni,current_name,,2021-12-31,ISTAT geometry 2021
080055,Oido Mamertina,election_source_name,1999-06-13,1999-06-13,official election source label
080055,Oppido,historical_name,,1863-05-27,ISTAT SITUAS report 104
080055,Oppido Mamertina,current_name,,2021-12-31,ISTAT geometry 2021
080056,Palizzi,current_name,,2021-12-31,ISTAT geometry 2021
080057,Palmi,current_name,,2021-12-31,ISTAT geometry 2021
080058,Pazzano,current_name,,2021-12-31,ISTAT geometry 2021
080059,Placanica,current_name,,2021-12-31,ISTAT geometry 2021
080060,Platì,current_name,,2021-12-31,ISTAT geometry 2021
080061,Polistena,current_name,,2021-12-31,ISTAT geometry 2021
080062,Portigliola,current_name,,2021-12-31,ISTAT geometry 2021
080063,Campo,historical_name,,1864-06-23,ISTAT SITUAS report 104
080063,Campo di Calabria,historical_name,,1864-06-23,ISTAT SITUAS report 104
080063,Cataforio,historical_name,,1874-02-01,ISTAT SITUAS report 103
080063,Catona,historical_name,,1867-02-24,ISTAT SITUAS report 103
080063,Gallina,historical_name,,1874-02-01,ISTAT SITUAS report 103
080063,Reggio di Calabria,current_name,,2021-12-31,ISTAT geometry 2021
080063,Salice,historical_name,,1864-06-23,ISTAT SITUAS report 104
080063,Salice Calabro,historical_name,,1864-06-23,ISTAT SITUAS report 104
080063,San Giuseppe,historical_name,,1864-06-23,ISTAT SITUAS report 104
080063,Villa San Giovanni,historical_name,,1867-02-24,ISTAT SITUAS report 103
080063,Villa San Giuseppe,historical_name,,1864-06-23,ISTAT SITUAS report 104
080064,Riace,current_name,,2021-12-31,ISTAT geometry 2021
080065,Rizziconi,current_name,,2021-12-31,ISTAT geometry 2021
080066,Roccaforte,historical_name,,1864-06-23,ISTAT SITUAS report 104
080066,Roccaforte del Greco,current_name,,2021-12-31,ISTAT geometry 2021
080067,Roccella,historical_name,,1863-05-27,ISTAT SITUAS report 104
080067,Roccella Ionica,current_name,,2021-12-31,ISTAT geometry 2021
080068,Roghudi,current_name,,2021-12-31,ISTAT geometry 2021
080069,Rosarno,current_name,,2021-12-31,ISTAT geometry 2021
080070,Samo,current_name,,2021-12-31,ISTAT geometry 2021
080071,San Giorgio,historical_name,,1864-06-23,ISTAT SITUAS report 104
080071,San Giorgio Morgeto,current_name,,2021-12-31,ISTAT geometry 2021
080072,San Giovanni,historical_name,,1863-05-27,ISTAT SITUAS report 104
080072,San Giovanni di Gerace,current_name,,2021-12-31,ISTAT geometry 2021
080073,San Lorenzo,current_name,,2021-12-31,ISTAT geometry 2021
080074,San Luca,current_name,,2021-12-31,ISTAT geometry 2021
080075,San Pier Fedele,historical_name,,1863-05-27,ISTAT SITUAS report 104
080075,San Pietro,historical_name,,1863-05-27,ISTAT SITUAS report 104
080075,San Pietro di Caridà,current_name,,2021-12-31,ISTAT geometry 2021
080076,San Procopio,current_name,,2021-12-31,ISTAT geometry 2021
080077,San Roberto,current_name,,2021-12-31,ISTAT geometry 2021
080078,Santa Cristina,historical_name,,1864-06-23,ISTAT SITUAS report 104
080078,Santa Cristina d'Aspromonte,current_name,,2021-12-31,ISTAT geometry 2021
080079,Sant'Agata del Bianco,current_name,,2021-12-31,ISTAT geometry 2021
080080,Sant'Alessio,historical_name,,1864-06-23,ISTAT SITUAS report 104
080080,Sant'Alessio in Aspromonte,current_name,,2021-12-31,ISTAT geometry 2021
080081,Sant'Eufemia d'Aspromonte,current_name,,2021-12-31,ISTAT geometry 2021
080082,Sant'Ilario,historical_name,,1863-05-27,ISTAT SITUAS report 104
080082,Sant'Ilario dello Ionio,current_name,,2021-12-31,ISTAT geometry 2021
080083,Santo Stefano in Aspromonte,current_name,,2021-12-31,ISTAT geometry 2021
080084,Scido,current_name,,2021-12-31,ISTAT geometry 2021
080085,Scilla,current_name,,2021-12-31,ISTAT geometry 2021
080086,Seminara,current_name,,2021-12-31,ISTAT geometry 2021
080087,Serrata,current_name,,2021-12-31,ISTAT geometry 2021
080088,Siderno,current_name,,2021-12-31,ISTAT geometry 2021
080089,Sinopoli,current_name,,2021-12-31,ISTAT geometry 2021
080090,Staiti,current_name,,2021-12-31,ISTAT geometry 2021
080091,Stignano,current_name,,2021-12-31,ISTAT geometry 2021
080092,Stilo,current_name,,2021-12-31,ISTAT geometry 2021
080093,Taurianova,current_name,,2021-12-31,ISTAT geometry 2021
080093,Terranova,historical_name,,1864-06-23,ISTAT SITUAS report 104
080093,Terranova Sappo Minulio,historical_name,,1864-06-23,ISTAT SITUAS report 104
080094,Terranova Sappo Minulio,current_name,,2021-12-31,ISTAT geometry 2021
080095,Varapodio,current_name,,2021-12-31,ISTAT geometry 2021
080096,Villa San Giovanni,current_name,,2021-12-31,ISTAT geometry 2021
080097,San Ferdinando,current_name,,2021-12-31,ISTAT geometry 2021
081001,Alcamo,current_name,,2021-12-31,ISTAT geometry 2021
081002,Buseto Palizzolo,current_name,,2021-12-31,ISTAT geometry 2021
081003,CALATAFIMI,historical_name,1861-03-17,1999-09-19,ANPR historical archive
081003,Calatafimi-Segesta,current_name,,2021-12-31,ISTAT geometry 2021
081004,Camobello di Mazara,election_source_name,1999-06-13,1999-06-13,official election source label
081004,Campobello di Mazara,current_name,,2021-12-31,ISTAT geometry 2021
081005,Castellammare del Golfo,current_name,,2021-12-31,ISTAT geometry 2021
081006,Castelvetrano,current_name,,2021-12-31,ISTAT geometry 2021
081007,Custonaci,current_name,,2021-12-31,ISTAT geometry 2021
081008,Erice,current_name,,2021-12-31,ISTAT geometry 2021
081008,Monte San Giuliano,historical_name,,1934-09-12,ISTAT SITUAS report 104
081009,Favignana,current_name,,2021-12-31,ISTAT geometry 2021
081010,Gibellina,current_name,,2021-12-31,ISTAT geometry 2021
081011,Marsala,current_name,,2021-12-31,ISTAT geometry 2021
081012,Mazara,historical_name,,1863-09-27,ISTAT SITUAS report 104
081012,Mazara del Vallo,current_name,,2021-12-31,ISTAT geometry 2021
081013,Paceco,current_name,,2021-12-31,ISTAT geometry 2021
081014,Pantelleria,current_name,,2021-12-31,ISTAT geometry 2021
081015,Partanna,current_name,,2021-12-31,ISTAT geometry 2021
081016,Poggioreale,current_name,,2021-12-31,ISTAT geometry 2021
081017,Salaparuta,current_name,,2021-12-31,ISTAT geometry 2021
081018,Salemi,current_name,,2021-12-31,ISTAT geometry 2021
081019,Santa Ninfa,current_name,,2021-12-31,ISTAT geometry 2021
081020,San Vito Lo Capo,current_name,,2021-12-31,ISTAT geometry 2021
081021,Trapani,current_name,,2021-12-31,ISTAT geometry 2021
081022,PAPARELLA SAN MARCO,historical_name,1955-02-15,1958-02-15,ANPR historical archive
081022,Valderice,current_name,,2021-12-31,ISTAT geometry 2021
081023,Vita,current_name,,2021-12-31,ISTAT geometry 2021
081024,Petrosino,current_name,,2021-12-31,ISTAT geometry 2021
081025,Misiliscemi,current_name,,2021-12-31,ISTAT geometry 2021
082001,Alia,current_name,,2021-12-31,ISTAT geometry 2021
082002,Alimena,current_name,,2021-12-31,ISTAT geometry 2021
082003,Aliminusa,current_name,,2021-12-31,ISTAT geometry 2021
082004,Altavilla,historical_name,,1862-12-07,ISTAT SITUAS report 104
082004,Altavilla Milicia,current_name,,2021-12-31,ISTAT geometry 2021
082005,Altofonte,current_name,,2021-12-31,ISTAT geometry 2021
082005,Parco,historical_name,,1930-04-15,ISTAT SITUAS report 104
082006,Bagheria,current_name,,2021-12-31,ISTAT geometry 2021
082007,Balestrate,current_name,,2021-12-31,ISTAT geometry 2021
082008,Baucina,current_name,,2021-12-31,ISTAT geometry 2021
082009,Belmonte,historical_name,,1864-03-11,ISTAT SITUAS report 104
082009,Belmonte Mezzagno,current_name,,2021-12-31,ISTAT geometry 2021
082010,Bisacquino,current_name,,2021-12-31,ISTAT geometry 2021
082011,Bolognetta,current_name,,2021-12-31,ISTAT geometry 2021
082011,Ogliastro,historical_name,,1864-06-23,ISTAT SITUAS report 104
082011,Santa Maria d'Ogliastro,historical_name,,1864-06-23,ISTAT SITUAS report 104
082012,Bompietro,current_name,,2021-12-31,ISTAT geometry 2021
082012,Buompietro,historical_name,,1930-04-13,ISTAT SITUAS report 104
082013,Borgetto,current_name,,2021-12-31,ISTAT geometry 2021
082014,Caccamo,current_name,,2021-12-31,ISTAT geometry 2021
082015,Caltavuturo,current_name,,2021-12-31,ISTAT geometry 2021
082016,Campofelice di Fitalia,current_name,,2021-12-31,ISTAT geometry 2021
082017,Campofelice,historical_name,,1921-04-29,ISTAT SITUAS report 104
082017,Campofelice di Roccella,current_name,,2021-12-31,ISTAT geometry 2021
082018,Campofiorito,current_name,,2021-12-31,ISTAT geometry 2021
082019,Camporeale,current_name,,2021-12-31,ISTAT geometry 2021
082020,Capaci,current_name,,2021-12-31,ISTAT geometry 2021
082021,Carini,current_name,,2021-12-31,ISTAT geometry 2021
082022,Castelbuono,current_name,,2021-12-31,ISTAT geometry 2021
082023,Casteldaccia,current_name,,2021-12-31,ISTAT geometry 2021
082024,Castellana Sicula,current_name,,2021-12-31,ISTAT geometry 2021
082025,Castronovo di Sicilia,current_name,,2021-12-31,ISTAT geometry 2021
082025,Castronuovo,historical_name,,1862-12-07,ISTAT SITUAS report 104
082025,Castronuovo di Sicilia,election_source_name,1948-04-18,1948-04-18,official election source label
082026,Cefalà Diana,current_name,,2021-12-31,ISTAT geometry 2021
082027,Cefalù,current_name,,2021-12-31,ISTAT geometry 2021
082028,Cerda,current_name,,2021-12-31,ISTAT geometry 2021
082029,Chiusa,historical_name,,1863-05-10,ISTAT SITUAS report 104
082029,Chiusa Sclafani,current_name,,2021-12-31,ISTAT geometry 2021
082030,Ciminna,current_name,,2021-12-31,ISTAT geometry 2021
082031,Cinisi,current_name,,2021-12-31,ISTAT geometry 2021
082032,Collesano,current_name,,2021-12-31,ISTAT geometry 2021
082033,Contessa,historical_name,,1875-08-10,ISTAT SITUAS report 104
082033,Contessa Entellina,current_name,,2021-12-31,ISTAT geometry 2021
082034,Corleone,current_name,,2021-12-31,ISTAT geometry 2021
082035,Ficarazzi,current_name,,2021-12-31,ISTAT geometry 2021
082036,Gangi,current_name,,2021-12-31,ISTAT geometry 2021
082037,Geraci,historical_name,,1863-09-27,ISTAT SITUAS report 104
082037,Geraci Siculo,current_name,,2021-12-31,ISTAT geometry 2021
082038,Giardinello,current_name,,2021-12-31,ISTAT geometry 2021
082039,Giuliana,current_name,,2021-12-31,ISTAT geometry 2021
082040,Godrano,current_name,,2021-12-31,ISTAT geometry 2021
082041,Gratteri,current_name,,2021-12-31,ISTAT geometry 2021
082042,Isnello,current_name,,2021-12-31,ISTAT geometry 2021
082043,Isola delle Femmine,current_name,,2021-12-31,ISTAT geometry 2021
082044,Lascari,current_name,,2021-12-31,ISTAT geometry 2021
082045,Lercara Friddi,current_name,,2021-12-31,ISTAT geometry 2021
082046,Marineo,current_name,,2021-12-31,ISTAT geometry 2021
082047,Mezzojuso,current_name,,2021-12-31,ISTAT geometry 2021
082048,Misilmeri,current_name,,2021-12-31,ISTAT geometry 2021
082049,Monreale,current_name,,2021-12-31,ISTAT geometry 2021
082050,Montelepre,current_name,,2021-12-31,ISTAT geometry 2021
082051,Montemaggiore,historical_name,,1863-04-10,ISTAT SITUAS report 104
082051,Montemaggiore Belsito,current_name,,2021-12-31,ISTAT geometry 2021
082052,Palazzo Adriano,current_name,,2021-12-31,ISTAT geometry 2021
082053,Palermo,current_name,,2021-12-31,ISTAT geometry 2021
082053,Palermo - Resuttana,election_source_name,1994-03-27,1994-03-27,official election source label
082054,Partinico,current_name,,2021-12-31,ISTAT geometry 2021
082055,Petralia Soprana,current_name,,2021-12-31,ISTAT geometry 2021
082056,Petralia Sottana,current_name,,2021-12-31,ISTAT geometry 2021
082057,Piana degli Albanesi,current_name,,2021-12-31,ISTAT geometry 2021
082057,Piana dei Greci,historical_name,,1941-08-20,ISTAT SITUAS report 104
082058,Polizzi,historical_name,,1863-05-27,ISTAT SITUAS report 104
082058,Polizzi Generosa,current_name,,2021-12-31,ISTAT geometry 2021
082059,Pollina,current_name,,2021-12-31,ISTAT geometry 2021
082060,Prizzi,current_name,,2021-12-31,ISTAT geometry 2021
082061,Roccamena,current_name,,2021-12-31,ISTAT geometry 2021
082062,Roccapalumba,current_name,,2021-12-31,ISTAT geometry 2021
082063,San Cipirello,current_name,,2021-12-31,ISTAT geometry 2021
082064,San Giuseppe,historical_name,,1864-04-01,ISTAT SITUAS report 104
082064,San Giuseppe Jato,current_name,,2021-12-31,ISTAT geometry 2021
082065,San Mauro,historical_name,,1863-05-27,ISTAT SITUAS report 104
082065,San Mauro Castelverde,current_name,,2021-12-31,ISTAT geometry 2021
082066,Santa Cristina,historical_name,,1864-03-11,ISTAT SITUAS report 104
082066,Santa Cristina Gela,current_name,,2021-12-31,ISTAT geometry 2021
082067,Santa Flavia,current_name,,2021-12-31,ISTAT geometry 2021
082067,Solanto,historical_name,,1880-04-01,ISTAT SITUAS report 104
082068,Sciara,current_name,,2021-12-31,ISTAT geometry 2021
082069,SCLAFANI,historical_name,1861-03-17,1954-01-02,ANPR historical archive
082069,Sclafani Bagni,current_name,,2021-12-31,ISTAT geometry 2021
082070,Termini,historical_name,,1863-05-27,ISTAT SITUAS report 104
082070,Termini Imerese,current_name,,2021-12-31,ISTAT geometry 2021
082071,Terrasini,current_name,,2021-12-31,ISTAT geometry 2021
082072,Torretta,current_name,,2021-12-31,ISTAT geometry 2021
082073,Trabia,current_name,,2021-12-31,ISTAT geometry 2021
082074,Trappeto,current_name,,2021-12-31,ISTAT geometry 2021
082075,Ustica,current_name,,2021-12-31,ISTAT geometry 2021
082076,Valledolmo,current_name,,2021-12-31,ISTAT geometry 2021
082077,Ventimiglia,historical_name,,1863-05-10,ISTAT SITUAS report 104
082077,Ventimiglia di Sicilia,current_name,,2021-12-31,ISTAT geometry 2021
082078,Vicari,current_name,,2021-12-31,ISTAT geometry 2021
082079,Villabate,current_name,,2021-12-31,ISTAT geometry 2021
082080,Villafrati,current_name,,2021-12-31,ISTAT geometry 2021
082081,Scillato,current_name,,2021-12-31,ISTAT geometry 2021
082082,Blufi,current_name,,2021-12-31,ISTAT geometry 2021
083001,Alcara li Fusi,current_name,,2021-12-31,ISTAT geometry 2021
083002,Alì,current_name,,2021-12-31,ISTAT geometry 2021
083002,Alì Marina,historical_name,,1910-07-26,ISTAT SITUAS report 103
083002,Ali' Terme,election_source_name,1946-06-02,1946-06-02,official election source label
083003,ALÌ MARINA,historical_name,1946-04-24,1954-08-14,ANPR historical archive
083003,Alì Terme,current_name,,2021-12-31,ISTAT geometry 2021
083004,Antillo,current_name,,2021-12-31,ISTAT geometry 2021
083005,Barcellona Pozzo di Gotto,current_name,,2021-12-31,ISTAT geometry 2021
083006,Basicò,current_name,,2021-12-31,ISTAT geometry 2021
083006,Casalnuovo,historical_name,,1862-12-09,ISTAT SITUAS report 104
083007,Brolo,current_name,,2021-12-31,ISTAT geometry 2021
083008,Capizzi,current_name,,2021-12-31,ISTAT geometry 2021
083009,Cao d'Orlando,election_source_name,1999-06-13,1999-06-13,official election source label
083009,Capo d'Orlando,current_name,,2021-12-31,ISTAT geometry 2021
083010,Capri,historical_name,,1862-12-09,ISTAT SITUAS report 104
083010,Capri Leone,current_name,,2021-12-31,ISTAT geometry 2021
083011,Caronia,current_name,,2021-12-31,ISTAT geometry 2021
083012,Casalvecchio Siculo,current_name,,2021-12-31,ISTAT geometry 2021
083013,Castel di Lucio,current_name,,2021-12-31,ISTAT geometry 2021
083013,Castelluccio,historical_name,,1863-06-21,ISTAT SITUAS report 104
083014,Castania,historical_name,,1865-08-28,ISTAT SITUAS report 104
083014,Castell'Umberto,current_name,,2021-12-31,ISTAT geometry 2021
083015,Castel Mola,election_source_name,1948-04-18,1948-04-18,official election source label
083015,Castelmola,current_name,,2021-12-31,ISTAT geometry 2021
083016,Castroreale,current_name,,2021-12-31,ISTAT geometry 2021
083016,Rodi,historical_name,,1923-11-28,ISTAT SITUAS report 103
083017,Cesarò,current_name,,2021-12-31,ISTAT geometry 2021
083018,Condrò,current_name,,2021-12-31,ISTAT geometry 2021
083019,Falcone,current_name,,2021-12-31,ISTAT geometry 2021
083020,Ficarra,current_name,,2021-12-31,ISTAT geometry 2021
083021,Fiumedinisi,current_name,,2021-12-31,ISTAT geometry 2021
083022,Floresta,current_name,,2021-12-31,ISTAT geometry 2021
083023,Fondachelli-Fantina,current_name,,2021-12-31,ISTAT geometry 2021
083024,Forza d'Agrò,current_name,,2021-12-31,ISTAT geometry 2021
083025,Francavilla,historical_name,,1863-05-27,ISTAT SITUAS report 104
083025,Francavilla di Sicilia,current_name,,2021-12-31,ISTAT geometry 2021
083026,Frazzanò,current_name,,2021-12-31,ISTAT geometry 2021
083027,Furci Siculo,current_name,,2021-12-31,ISTAT geometry 2021
083028,Furnari,current_name,,2021-12-31,ISTAT geometry 2021
083029,Gaggi,current_name,,2021-12-31,ISTAT geometry 2021
083029,Kaggi,historical_name,,1939-12-22,ISTAT SITUAS report 104
083030,Galati,historical_name,,1863-06-21,ISTAT SITUAS report 104
083030,Galati Mamertino,current_name,,2021-12-31,ISTAT geometry 2021
083031,Gallodoro,current_name,,2021-12-31,ISTAT geometry 2021
083032,GIARDINI,historical_name,1861-03-17,1978-07-01,ANPR historical archive
083032,Giardini-Naxos,current_name,,2021-12-31,ISTAT geometry 2021
083033,Giojosa,historical_name,,1862-12-09,ISTAT SITUAS report 104
083033,Gioiosa Marea,current_name,,2021-12-31,ISTAT geometry 2021
083034,Graniti,current_name,,2021-12-31,ISTAT geometry 2021
083035,Gualtieri Sicaminò,current_name,,2021-12-31,ISTAT geometry 2021
083036,Itala,current_name,,2021-12-31,ISTAT geometry 2021
083037,Leni,current_name,,2021-12-31,ISTAT geometry 2021
083038,Gallodoro,historical_name,,1880-05-08,ISTAT SITUAS report 104
083038,Letojanni,current_name,,2021-12-31,ISTAT geometry 2021
083038,LETOJANNI GALLODORO,historical_name,1880-02-22,1952-12-13,ANPR historical archive
083039,Librizzi,current_name,,2021-12-31,ISTAT geometry 2021
083040,Limina,current_name,,2021-12-31,ISTAT geometry 2021
083041,Lipari,current_name,,2021-12-31,ISTAT geometry 2021
083042,Longi,current_name,,2021-12-31,ISTAT geometry 2021
083043,Malfa,current_name,,2021-12-31,ISTAT geometry 2021
083044,Malvagna,current_name,,2021-12-31,ISTAT geometry 2021
083045,Mandanici,current_name,,2021-12-31,ISTAT geometry 2021
083046,Mazzarrà,historical_name,,1862-12-09,ISTAT SITUAS report 104
083046,Mazzarrà Sant'Andrea,current_name,,2021-12-31,ISTAT geometry 2021
083047,Merì,current_name,,2021-12-31,ISTAT geometry 2021
083048,Messina,current_name,,2021-12-31,ISTAT geometry 2021
083048,Messina centro storico,election_source_name,1994-03-27,1994-03-27,official election source label
083049,Milazzo,current_name,,2021-12-31,ISTAT geometry 2021
083050,Militello Rosmarino,current_name,,2021-12-31,ISTAT geometry 2021
083051,Mirto,current_name,,2021-12-31,ISTAT geometry 2021
083052,Mistretta,current_name,,2021-12-31,ISTAT geometry 2021
083053,Moio Alcantara,current_name,,2021-12-31,ISTAT geometry 2021
083054,Monforte,historical_name,,1863-05-27,ISTAT SITUAS report 104
083054,Monforte San Giorgio,current_name,,2021-12-31,ISTAT geometry 2021
083055,Mongiuffi Melia,current_name,,2021-12-31,ISTAT geometry 2021
083056,Montagnareale,current_name,,2021-12-31,ISTAT geometry 2021
083057,MONTALBANO DI ELICONA,historical_name,1862-11-10,1955-05-07,ANPR historical archive
083057,Montalbano Elicona,current_name,,2021-12-31,ISTAT geometry 2021
083057,Monte Albano,historical_name,,1862-12-09,ISTAT SITUAS report 104
083058,Motta Camastra,current_name,,2021-12-31,ISTAT geometry 2021
083059,Motta d'Affermo,current_name,,2021-12-31,ISTAT geometry 2021
083060,Naso,current_name,,2021-12-31,ISTAT geometry 2021
083061,Nizza di Sicilia,current_name,,2021-12-31,ISTAT geometry 2021
083062,Novara,historical_name,,1862-12-09,ISTAT SITUAS report 104
083062,Novara di Sicilia,current_name,,2021-12-31,ISTAT geometry 2021
083063,Oliveri,current_name,,2021-12-31,ISTAT geometry 2021
083064,Pace del Mela,current_name,,2021-12-31,ISTAT geometry 2021
083065,Pagliara,current_name,,2021-12-31,ISTAT geometry 2021
083066,Patti,current_name,,2021-12-31,ISTAT geometry 2021
083067,Pettineo,current_name,,2021-12-31,ISTAT geometry 2021
083068,Piraino,current_name,,2021-12-31,ISTAT geometry 2021
083069,Raccuja,current_name,,2021-12-31,ISTAT geometry 2021
083070,Reitano,current_name,,2021-12-31,ISTAT geometry 2021
083071,Roccafiorita,current_name,,2021-12-31,ISTAT geometry 2021
083072,Nizza di Sicilia,historical_name,,1863-05-27,ISTAT SITUAS report 104
083072,Roccalumera,current_name,,2021-12-31,ISTAT geometry 2021
083072,San Ferdinando,historical_name,,1863-05-27,ISTAT SITUAS report 104
083073,Rocca,historical_name,,1863-05-27,ISTAT SITUAS report 104
083073,Roccavaldina,current_name,,2021-12-31,ISTAT geometry 2021
083074,Roccella,historical_name,,1863-05-27,ISTAT SITUAS report 104
083074,Roccella Valdemone,current_name,,2021-12-31,ISTAT geometry 2021
083075,RODI,historical_name,1947-06-17,1948-12-24,ANPR historical archive
083075,Rodì Milici,current_name,,2021-12-31,ISTAT geometry 2021
083076,Rometta,current_name,,2021-12-31,ISTAT geometry 2021
083077,San Filippo del Mela,current_name,,2021-12-31,ISTAT geometry 2021
083078,San Fratello,current_name,,2021-12-31,ISTAT geometry 2021
083079,San Marco d'Alunzio,current_name,,2021-12-31,ISTAT geometry 2021
083080,San Pier Monforte,historical_name,,1873-05-15,ISTAT SITUAS report 104
083080,San Pier Niceto,current_name,,2021-12-31,ISTAT geometry 2021
083081,San Piero Patti,current_name,,2021-12-31,ISTAT geometry 2021
083081,San Pietro Sopra Patti,historical_name,,1912-12-18,ISTAT SITUAS report 104
083082,San Salvatore,historical_name,,1863-05-27,ISTAT SITUAS report 104
083082,San Salvatore di Fitalia,current_name,,2021-12-31,ISTAT geometry 2021
083083,Santa Domenica,historical_name,,1864-12-07,ISTAT SITUAS report 104
083083,Santa Domenica Vittoria,current_name,,2021-12-31,ISTAT geometry 2021
083084,Militello,historical_name,,1863-04-10,ISTAT SITUAS report 104
083084,Militello Rosmarino,historical_name,,1863-04-10,ISTAT SITUAS report 104
083084,San Marco,historical_name,,1862-12-09,ISTAT SITUAS report 104
083084,San Marco d'Alfonsio,historical_name,,1862-12-09,ISTAT SITUAS report 104
083084,San Marco d'Alunzio,historical_name,,1867-12-28,ISTAT SITUAS report 104
083084,Sant'Agata di Militello,current_name,,2021-12-31,ISTAT geometry 2021
083085,Sant'Alessio Siculo,current_name,,2021-12-31,ISTAT geometry 2021
083086,Santa Lucia,historical_name,,1863-05-27,ISTAT SITUAS report 104
083086,Santa Lucia del Mela,current_name,,2021-12-31,ISTAT geometry 2021
083087,Santa Marina Salina,current_name,,2021-12-31,ISTAT geometry 2021
083088,Sant'Angelo di Brolo,current_name,,2021-12-31,ISTAT geometry 2021
083089,Casalvecchio,historical_name,,1862-12-09,ISTAT SITUAS report 104
083089,Casalvecchio Siculo,historical_name,,1862-12-09,ISTAT SITUAS report 104
083089,Santa Teresa,historical_name,,1864-04-01,ISTAT SITUAS report 104
083089,Santa Teresa di Riva,current_name,,2021-12-31,ISTAT geometry 2021
083090,San Teodoro,current_name,,2021-12-31,ISTAT geometry 2021
083091,Santo Stefano di Camastra,current_name,,2021-12-31,ISTAT geometry 2021
083092,Saponara,current_name,,2021-12-31,ISTAT geometry 2021
083092,Saponara Villafranca,historical_name,,1929-06-02,ISTAT SITUAS report 98
083093,Savoca,current_name,,2021-12-31,ISTAT geometry 2021
083094,Scaletta,historical_name,,1863-05-27,ISTAT SITUAS report 104
083094,Scaletta Zanclea,current_name,,2021-12-31,ISTAT geometry 2021
083094,SCALETTA ZANGLEA,historical_name,1928-09-25,1947-05-11,ANPR historical archive
083095,Sinagra,current_name,,2021-12-31,ISTAT geometry 2021
083096,Sadafora,election_source_name,1999-06-13,1999-06-13,official election source label
083096,Spadafora,current_name,,2021-12-31,ISTAT geometry 2021
083097,Castelmola,historical_name,,1862-12-09,ISTAT SITUAS report 104
083097,Mola,historical_name,,1862-12-09,ISTAT SITUAS report 104
083097,Taormina,current_name,,2021-12-31,ISTAT geometry 2021
083098,Torregrotta,current_name,,2021-12-31,ISTAT geometry 2021
083099,Tortorici,current_name,,2021-12-31,ISTAT geometry 2021
083100,Tripi,current_name,,2021-12-31,ISTAT geometry 2021
083101,Tusa,current_name,,2021-12-31,ISTAT geometry 2021
083102,Ucria,current_name,,2021-12-31,ISTAT geometry 2021
083103,Valdina,current_name,,2021-12-31,ISTAT geometry 2021
083104,Venetico,current_name,,2021-12-31,ISTAT geometry 2021
083105,Calvaruso,historical_name,,1866-02-12,ISTAT SITUAS report 103
083105,Saponara,historical_name,,1863-05-27,ISTAT SITUAS report 104
083105,Saponara Villafranca,historical_name,,1863-05-27,ISTAT SITUAS report 104
083105,Villafranca Tirrena,current_name,,2021-12-31,ISTAT geometry 2021
083106,Terme Vigliatore,current_name,,2021-12-31,ISTAT geometry 2021
083107,Acquedolci,current_name,,2021-12-31,ISTAT geometry 2021
083108,Torrenova,current_name,,2021-12-31,ISTAT geometry 2021
084001,Agrigento,current_name,,2021-12-31,ISTAT geometry 2021
084001,Girgenti,historical_name,,1927-07-27,ISTAT SITUAS report 104
084002,Alessandria,historical_name,,1863-05-10,ISTAT SITUAS report 104
084002,Alessandria della Rocca,current_name,,2021-12-31,ISTAT geometry 2021
084003,Aragona,current_name,,2021-12-31,ISTAT geometry 2021
084004,Bivona,current_name,,2021-12-31,ISTAT geometry 2021
084005,Burgio,current_name,,2021-12-31,ISTAT geometry 2021
084006,Calamonaci,current_name,,2021-12-31,ISTAT geometry 2021
084007,Caltabellotta,current_name,,2021-12-31,ISTAT geometry 2021
084008,Camastra,current_name,,2021-12-31,ISTAT geometry 2021
084009,Cammarata,current_name,,2021-12-31,ISTAT geometry 2021
084010,Camobello di Licata,election_source_name,1999-06-13,1999-06-13,official election source label
084010,Campobello di Licata,current_name,,2021-12-31,ISTAT geometry 2021
084011,Canicattì,current_name,,2021-12-31,ISTAT geometry 2021
084012,Casteltermini,current_name,,2021-12-31,ISTAT geometry 2021
084013,Castrofilippo,current_name,,2021-12-31,ISTAT geometry 2021
084014,Cattolica,historical_name,,1874-07-08,ISTAT SITUAS report 104
084014,Cattolica Eraclea,current_name,,2021-12-31,ISTAT geometry 2021
084015,Cianciana,current_name,,2021-12-31,ISTAT geometry 2021
084016,Comitini,current_name,,2021-12-31,ISTAT geometry 2021
084017,Favara,current_name,,2021-12-31,ISTAT geometry 2021
084018,Grotte,current_name,,2021-12-31,ISTAT geometry 2021
084019,Joppolo Giancaxio,current_name,,2021-12-31,ISTAT geometry 2021
084020,Lampedusa,historical_name,,1875-08-31,ISTAT SITUAS report 104
084020,Lampedusa e Linosa,current_name,,2021-12-31,ISTAT geometry 2021
084021,Licata,current_name,,2021-12-31,ISTAT geometry 2021
084022,Lucca,historical_name,,1863-05-10,ISTAT SITUAS report 104
084022,Lucca Sicula,current_name,,2021-12-31,ISTAT geometry 2021
084023,Menfi,current_name,,2021-12-31,ISTAT geometry 2021
084024,Montallegro,current_name,,2021-12-31,ISTAT geometry 2021
084025,Montevago,current_name,,2021-12-31,ISTAT geometry 2021
084026,Naro,current_name,,2021-12-31,ISTAT geometry 2021
084027,Palma,historical_name,,1863-05-10,ISTAT SITUAS report 104
084027,Palma di Montechiaro,current_name,,2021-12-31,ISTAT geometry 2021
084028,Molo,historical_name,,1863-05-10,ISTAT SITUAS report 104
084028,Porto Empedocle,current_name,,2021-12-31,ISTAT geometry 2021
084029,Racalmuto,current_name,,2021-12-31,ISTAT geometry 2021
084030,Raffadali,current_name,,2021-12-31,ISTAT geometry 2021
084031,Ravanusa,current_name,,2021-12-31,ISTAT geometry 2021
084032,Realmonte,current_name,,2021-12-31,ISTAT geometry 2021
084033,Ribera,current_name,,2021-12-31,ISTAT geometry 2021
084034,Sambuca,historical_name,,1863-05-10,ISTAT SITUAS report 104
084034,Sambuca di Sicilia,current_name,,2021-12-31,ISTAT geometry 2021
084034,Sambuca Labat,historical_name,,1863-05-10,ISTAT SITUAS report 104
084034,Sambuca Zabut,historical_name,,1864-01-16,ISTAT SITUAS report 104
084035,San Biagio,historical_name,,1864-06-23,ISTAT SITUAS report 104
084035,San Biagio Platani,current_name,,2021-12-31,ISTAT geometry 2021
084036,San Giovanni di Cammarata,historical_name,,1879-04-22,ISTAT SITUAS report 104
084036,San Giovanni Gemini,current_name,,2021-12-31,ISTAT geometry 2021
084037,Santa Elisabetta,current_name,,2021-12-31,ISTAT geometry 2021
084038,Santa Margherita,historical_name,,1863-05-10,ISTAT SITUAS report 104
084038,Santa Margherita di Belice,current_name,,2021-12-31,ISTAT geometry 2021
084039,Sant'Angelo Muxaro,current_name,,2021-12-31,ISTAT geometry 2021
084040,Santo Stefano,historical_name,,1863-05-10,ISTAT SITUAS report 104
084040,Santo Stefano Quisquina,current_name,,2021-12-31,ISTAT geometry 2021
084041,Sciacca,current_name,,2021-12-31,ISTAT geometry 2021
084042,Siculiana,current_name,,2021-12-31,ISTAT geometry 2021
084043,Villafranca,historical_name,,1863-05-10,ISTAT SITUAS report 104
084043,Villafranca Sicula,current_name,,2021-12-31,ISTAT geometry 2021
085001,Acquaviva,historical_name,,1862-11-27,ISTAT SITUAS report 104
085001,Acquaviva Platani,current_name,,2021-12-31,ISTAT geometry 2021
085002,Bompensiere,current_name,,2021-12-31,ISTAT geometry 2021
085003,Butera,current_name,,2021-12-31,ISTAT geometry 2021
085004,Caltanissetta,current_name,,2021-12-31,ISTAT geometry 2021
085005,Campofranco,current_name,,2021-12-31,ISTAT geometry 2021
085006,Delia,current_name,,2021-12-31,ISTAT geometry 2021
085007,Gela,current_name,,2021-12-31,ISTAT geometry 2021
085007,Terranova,historical_name,,1862-11-27,ISTAT SITUAS report 104
085007,Terranova di Sicilia,historical_name,,1862-11-27,ISTAT SITUAS report 104
085008,Marianopoli,current_name,,2021-12-31,ISTAT geometry 2021
085009,Mazzarino,current_name,,2021-12-31,ISTAT geometry 2021
085010,Littoria Nissena,historical_name,,1933-10-03,ISTAT SITUAS report 104
085010,Milena,current_name,,2021-12-31,ISTAT geometry 2021
085010,Milocca,historical_name,,1924-02-09,ISTAT SITUAS report 103
085011,Montedoro,current_name,,2021-12-31,ISTAT geometry 2021
085012,Mussomeli,current_name,,2021-12-31,ISTAT geometry 2021
085013,Niscemi,current_name,,2021-12-31,ISTAT geometry 2021
085014,Resuttano,current_name,,2021-12-31,ISTAT geometry 2021
085015,Riesi,current_name,,2021-12-31,ISTAT geometry 2021
085016,San Cataldo,current_name,,2021-12-31,ISTAT geometry 2021
085017,Santa Caterina,historical_name,,1862-11-27,ISTAT SITUAS report 104
085017,Santa Caterina Villarmosa,current_name,,2021-12-31,ISTAT geometry 2021
085018,Serra di Falco,election_source_name,1979-06-10,1979-06-10,official election source label
085018,Serradifalco,current_name,,2021-12-31,ISTAT geometry 2021
085019,Sommatino,current_name,,2021-12-31,ISTAT geometry 2021
085020,Sutera,current_name,,2021-12-31,ISTAT geometry 2021
085021,Vallelunga,historical_name,,1865-04-02,ISTAT SITUAS report 104
085021,Vallelunga Pratameno,current_name,,2021-12-31,ISTAT geometry 2021
085022,Villalba,current_name,,2021-12-31,ISTAT geometry 2021
086001,Agira,current_name,,2021-12-31,ISTAT geometry 2021
086002,Aidone,current_name,,2021-12-31,ISTAT geometry 2021
086003,Assoro,current_name,,2021-12-31,ISTAT geometry 2021
086004,Barrafranca,current_name,,2021-12-31,ISTAT geometry 2021
086005,Calascibetta,current_name,,2021-12-31,ISTAT geometry 2021
086006,Catenanuova,current_name,,2021-12-31,ISTAT geometry 2021
086007,Centorbi,historical_name,,1863-04-10,ISTAT SITUAS report 104
086007,Centuripe,current_name,,2021-12-31,ISTAT geometry 2021
086007,Centurupi,historical_name,,1863-04-10,ISTAT SITUAS report 104
086008,Cerami,current_name,,2021-12-31,ISTAT geometry 2021
086009,Castrogiovanni,historical_name,,1927-01-12,ISTAT SITUAS report 105
086009,Enna,current_name,,2021-12-31,ISTAT geometry 2021
086010,Gagliano,historical_name,,1863-02-01,ISTAT SITUAS report 104
086010,Gagliano Castelferrato,current_name,,2021-12-31,ISTAT geometry 2021
086011,Leonforte,current_name,,2021-12-31,ISTAT geometry 2021
086012,Nicosia,current_name,,2021-12-31,ISTAT geometry 2021
086013,Nissoria,current_name,,2021-12-31,ISTAT geometry 2021
086014,Piazza,historical_name,,1862-11-27,ISTAT SITUAS report 104
086014,Piazza Armerina,current_name,,2021-12-31,ISTAT geometry 2021
086015,Pietraperzia,current_name,,2021-12-31,ISTAT geometry 2021
086016,Regalbuto,current_name,,2021-12-31,ISTAT geometry 2021
086017,Sperlinga,current_name,,2021-12-31,ISTAT geometry 2021
086018,Troina,current_name,,2021-12-31,ISTAT geometry 2021
086019,Valguarnera Caropepe,current_name,,2021-12-31,ISTAT geometry 2021
086020,Villarosa,current_name,,2021-12-31,ISTAT geometry 2021
087001,Aci Bonaccorsi,current_name,,2021-12-31,ISTAT geometry 2021
087002,Aci Castello,current_name,,2021-12-31,ISTAT geometry 2021
087003,Aci Catena,current_name,,2021-12-31,ISTAT geometry 2021
087004,Acireale,current_name,,2021-12-31,ISTAT geometry 2021
087005,Aci Sant'Antonio,current_name,,2021-12-31,ISTAT geometry 2021
087006,Adernò,historical_name,,1929-08-23,ISTAT SITUAS report 104
087006,Adrano,current_name,,2021-12-31,ISTAT geometry 2021
087007,Belpasso,current_name,,2021-12-31,ISTAT geometry 2021
087008,Biancavilla,current_name,,2021-12-31,ISTAT geometry 2021
087009,Bronte,current_name,,2021-12-31,ISTAT geometry 2021
087010,Calatabiano,current_name,,2021-12-31,ISTAT geometry 2021
087011,Caltagirone,current_name,,2021-12-31,ISTAT geometry 2021
087012,Camporotondo,historical_name,,1863-06-21,ISTAT SITUAS report 104
087012,Camporotondo Etneo,current_name,,2021-12-31,ISTAT geometry 2021
087013,Castel di Iudica,current_name,,2021-12-31,ISTAT geometry 2021
087014,Castiglione,historical_name,,1863-02-01,ISTAT SITUAS report 104
087014,Castiglione di Sicilia,current_name,,2021-12-31,ISTAT geometry 2021
087015,Catania,current_name,,2021-12-31,ISTAT geometry 2021
087015,Catania - Picanello,election_source_name,1994-03-27,1994-03-27,official election source label
087016,Fiumefreddo,historical_name,,1863-02-01,ISTAT SITUAS report 104
087016,Fiumefreddo di Sicilia,current_name,,2021-12-31,ISTAT geometry 2021
087017,Giarre,current_name,,2021-12-31,ISTAT geometry 2021
087018,Grammichele,current_name,,2021-12-31,ISTAT geometry 2021
087019,Gravina,historical_name,,1863-02-01,ISTAT SITUAS report 104
087019,Gravina di Catania,current_name,,2021-12-31,ISTAT geometry 2021
087020,Licodia,historical_name,,1873-05-16,ISTAT SITUAS report 104
087020,Licodia Eubea,current_name,,2021-12-31,ISTAT geometry 2021
087021,Linguaglossa,current_name,,2021-12-31,ISTAT geometry 2021
087022,Maletto,current_name,,2021-12-31,ISTAT geometry 2021
087023,Mascali,current_name,,2021-12-31,ISTAT geometry 2021
087024,Mascalucia,current_name,,2021-12-31,ISTAT geometry 2021
087025,Militello,historical_name,,1863-02-01,ISTAT SITUAS report 104
087025,Militello in Val di Catania,current_name,,2021-12-31,ISTAT geometry 2021
087026,Milo,current_name,,2021-12-31,ISTAT geometry 2021
087027,Mineo,current_name,,2021-12-31,ISTAT geometry 2021
087028,Mirabella,historical_name,,1863-02-01,ISTAT SITUAS report 104
087028,Mirabella Imbaccari,current_name,,2021-12-31,ISTAT geometry 2021
087029,Misterbianco,current_name,,2021-12-31,ISTAT geometry 2021
087030,Motta Sant'Anastasia,current_name,,2021-12-31,ISTAT geometry 2021
087031,Nicolosi,current_name,,2021-12-31,ISTAT geometry 2021
087032,Palagonia,current_name,,2021-12-31,ISTAT geometry 2021
087033,Paternò,current_name,,2021-12-31,ISTAT geometry 2021
087034,Pedara,current_name,,2021-12-31,ISTAT geometry 2021
087035,Piedimonte,historical_name,,1863-02-01,ISTAT SITUAS report 104
087035,Piedimonte Etneo,current_name,,2021-12-31,ISTAT geometry 2021
087036,Raddusa,current_name,,2021-12-31,ISTAT geometry 2021
087037,Ramacca,current_name,,2021-12-31,ISTAT geometry 2021
087038,Randazzo,current_name,,2021-12-31,ISTAT geometry 2021
087039,Riosto,election_source_name,1999-06-13,1999-06-13,official election source label
087039,Riposto,current_name,,2021-12-31,ISTAT geometry 2021
087040,San Cono,current_name,,2021-12-31,ISTAT geometry 2021
087041,San Giovanni la Punta,current_name,,2021-12-31,ISTAT geometry 2021
087042,San Gregorio,historical_name,,1863-02-01,ISTAT SITUAS report 104
087042,San Gregorio di Catania,current_name,,2021-12-31,ISTAT geometry 2021
087043,San Michele,historical_name,,1863-02-01,ISTAT SITUAS report 104
087043,San Michele di Ganzaria,current_name,,2021-12-31,ISTAT geometry 2021
087044,San Pietro Clarenza,current_name,,2021-12-31,ISTAT geometry 2021
087045,Sant'Agata li Battiati,current_name,,2021-12-31,ISTAT geometry 2021
087046,Sant'Alfio,current_name,,2021-12-31,ISTAT geometry 2021
087047,Santa Maria di Licodia,current_name,,2021-12-31,ISTAT geometry 2021
087048,Santa Venerina,current_name,,2021-12-31,ISTAT geometry 2021
087049,Scordia,current_name,,2021-12-31,ISTAT geometry 2021
087050,Trecastagni,current_name,,2021-12-31,ISTAT geometry 2021
087051,Tremestieri,historical_name,,1874-07-16,ISTAT SITUAS report 104
087051,Tremestieri Etneo,current_name,,2021-12-31,ISTAT geometry 2021
087052,Valverde,current_name,,2021-12-31,ISTAT geometry 2021
087053,Viagrande,current_name,,2021-12-31,ISTAT geometry 2021
087054,Vizzini,current_name,,2021-12-31,ISTAT geometry 2021
087055,Zafferana Etnea,current_name,,2021-12-31,ISTAT geometry 2021
087056,Mazzarrone,current_name,,2021-12-31,ISTAT geometry 2021
087057,Maniace,current_name,,2021-12-31,ISTAT geometry 2021
087058,Ragalna,current_name,,2021-12-31,ISTAT geometry 2021
088001,Acate,current_name,,2021-12-31,ISTAT geometry 2021
088001,Biscari,historical_name,,1927-01-12,ISTAT SITUAS report 105
088002,Chiaramonte,historical_name,,1881-09-01,ISTAT SITUAS report 104
088002,Chiaramonte Gulfi,current_name,,2021-12-31,ISTAT geometry 2021
088003,Comiso,current_name,,2021-12-31,ISTAT geometry 2021
088004,Giarratana,current_name,,2021-12-31,ISTAT geometry 2021
088005,Ispica,current_name,,2021-12-31,ISTAT geometry 2021
088005,Spaccaforno,historical_name,,1927-01-12,ISTAT SITUAS report 105
088006,Modica,current_name,,2021-12-31,ISTAT geometry 2021
088007,Monterosso,historical_name,,1863-09-27,ISTAT SITUAS report 104
088007,Monterosso Almo,current_name,,2021-12-31,ISTAT geometry 2021
088008,Pozzallo,current_name,,2021-12-31,ISTAT geometry 2021
088009,Ragusa,current_name,,2021-12-31,ISTAT geometry 2021
088010,Santa Croce,historical_name,,1863-09-27,ISTAT SITUAS report 104
088010,Santa Croce Camerina,current_name,,2021-12-31,ISTAT geometry 2021
088011,Scicli,current_name,,2021-12-31,ISTAT geometry 2021
088012,Vittoria,current_name,,2021-12-31,ISTAT geometry 2021
089001,Augusta,current_name,,2021-12-31,ISTAT geometry 2021
089002,Avola,current_name,,2021-12-31,ISTAT geometry 2021
089003,Buccheri,current_name,,2021-12-31,ISTAT geometry 2021
089004,Buscemi,current_name,,2021-12-31,ISTAT geometry 2021
089005,Canicattini Bagni,current_name,,2021-12-31,ISTAT geometry 2021
089006,Carlentini,current_name,,2021-12-31,ISTAT geometry 2021
089007,Cassaro,current_name,,2021-12-31,ISTAT geometry 2021
089008,Ferla,current_name,,2021-12-31,ISTAT geometry 2021
089009,Floridia,current_name,,2021-12-31,ISTAT geometry 2021
089010,Francofonte,current_name,,2021-12-31,ISTAT geometry 2021
089011,Lentini,current_name,,2021-12-31,ISTAT geometry 2021
089012,Melilli,current_name,,2021-12-31,ISTAT geometry 2021
089013,Noto,current_name,,2021-12-31,ISTAT geometry 2021
089014,Pachino,current_name,,2021-12-31,ISTAT geometry 2021
089015,Palazzolo,historical_name,,1863-09-27,ISTAT SITUAS report 104
089015,Palazzolo Acreide,current_name,,2021-12-31,ISTAT geometry 2021
089016,Rosolini,current_name,,2021-12-31,ISTAT geometry 2021
089017,Siracusa,current_name,,2021-12-31,ISTAT geometry 2021
089018,Solarino,current_name,,2021-12-31,ISTAT geometry 2021
089019,Sortino,current_name,,2021-12-31,ISTAT geometry 2021
089020,Portopalo di Capo Passero,current_name,,2021-12-31,ISTAT geometry 2021
089021,Priolo Gargallo,current_name,,2021-12-31,ISTAT geometry 2021
090001,Aggius,current_name,,2021-12-31,ISTAT geometry 2021
090002,Alà,historical_name,,1864-02-14,ISTAT SITUAS report 104
090002,Alà dei Sardi,current_name,,2021-12-31,ISTAT geometry 2021
090003,Alghero,current_name,,2021-12-31,ISTAT geometry 2021
090004,Anela,current_name,,2021-12-31,ISTAT geometry 2021
090005,Ardara,current_name,,2021-12-31,ISTAT geometry 2021
090006,Arzachena,current_name,,2021-12-31,ISTAT geometry 2021
090007,Banari,current_name,,2021-12-31,ISTAT geometry 2021
090008,Benetutti,current_name,,2021-12-31,ISTAT geometry 2021
090009,Berchidda,current_name,,2021-12-31,ISTAT geometry 2021
090010,Bessude,current_name,,2021-12-31,ISTAT geometry 2021
090011,Bonnanaro,current_name,,2021-12-31,ISTAT geometry 2021
090012,Bono,current_name,,2021-12-31,ISTAT geometry 2021
090013,Bonorva,current_name,,2021-12-31,ISTAT geometry 2021
090014,Bortigiadas,current_name,,2021-12-31,ISTAT geometry 2021
090015,Borutta,current_name,,2021-12-31,ISTAT geometry 2021
090016,Bottidda,current_name,,2021-12-31,ISTAT geometry 2021
090017,Buddusò,current_name,,2021-12-31,ISTAT geometry 2021
090018,Bultei,current_name,,2021-12-31,ISTAT geometry 2021
090019,Bulzi,current_name,,2021-12-31,ISTAT geometry 2021
090020,Burgos,current_name,,2021-12-31,ISTAT geometry 2021
090021,Calangianus,current_name,,2021-12-31,ISTAT geometry 2021
090022,Cargeghe,current_name,,2021-12-31,ISTAT geometry 2021
090023,Castelsardo,current_name,,2021-12-31,ISTAT geometry 2021
090024,Cheremule,current_name,,2021-12-31,ISTAT geometry 2021
090025,Chiaramonti,current_name,,2021-12-31,ISTAT geometry 2021
090026,Codrongianos,current_name,,2021-12-31,ISTAT geometry 2021
090027,Cossoine,current_name,,2021-12-31,ISTAT geometry 2021
090028,Esporlatu,current_name,,2021-12-31,ISTAT geometry 2021
090029,Florinas,current_name,,2021-12-31,ISTAT geometry 2021
090030,Giave,current_name,,2021-12-31,ISTAT geometry 2021
090031,Illorai,current_name,,2021-12-31,ISTAT geometry 2021
090032,Ittireddu,current_name,,2021-12-31,ISTAT geometry 2021
090033,Ittiri,current_name,,2021-12-31,ISTAT geometry 2021
090034,Laerru,current_name,,2021-12-31,ISTAT geometry 2021
090035,La Maddalena,current_name,,2021-12-31,ISTAT geometry 2021
090036,Luogosanto,current_name,,2021-12-31,ISTAT geometry 2021
090037,Luras,current_name,,2021-12-31,ISTAT geometry 2021
090038,Mara,current_name,,2021-12-31,ISTAT geometry 2021
090039,Martis,current_name,,2021-12-31,ISTAT geometry 2021
090040,Monteleone,historical_name,,1862-10-16,ISTAT SITUAS report 104
090040,Monteleone Rocca Doria,current_name,,2021-12-31,ISTAT geometry 2021
090041,Monti,current_name,,2021-12-31,ISTAT geometry 2021
090042,Mores,current_name,,2021-12-31,ISTAT geometry 2021
090043,Muros,current_name,,2021-12-31,ISTAT geometry 2021
090044,NUGHEDU DI SAN NICOLÒ,historical_name,1861-03-17,1996-08-12,ANPR historical archive
090044,Nughedu San Nicolò,current_name,,2021-12-31,ISTAT geometry 2021
090045,Nule,current_name,,2021-12-31,ISTAT geometry 2021
090046,Nulvi,current_name,,2021-12-31,ISTAT geometry 2021
090047,Olbia,current_name,,2021-12-31,ISTAT geometry 2021
090047,Terranova,historical_name,,1862-10-16,ISTAT SITUAS report 104
090047,Terranova Pausania,historical_name,,1862-10-16,ISTAT SITUAS report 104
090048,Olmedo,current_name,,2021-12-31,ISTAT geometry 2021
090049,Oschiri,current_name,,2021-12-31,ISTAT geometry 2021
090050,Osilo,current_name,,2021-12-31,ISTAT geometry 2021
090051,Ossi,current_name,,2021-12-31,ISTAT geometry 2021
090052,Ozieri,current_name,,2021-12-31,ISTAT geometry 2021
090053,Padria,current_name,,2021-12-31,ISTAT geometry 2021
090054,Palau,current_name,,2021-12-31,ISTAT geometry 2021
090055,Pattada,current_name,,2021-12-31,ISTAT geometry 2021
090056,Perfugas,current_name,,2021-12-31,ISTAT geometry 2021
090057,Ploaghe,current_name,,2021-12-31,ISTAT geometry 2021
090058,Porto Torres,current_name,,2021-12-31,ISTAT geometry 2021
090059,Pozzomaggiore,current_name,,2021-12-31,ISTAT geometry 2021
090060,Putifigari,current_name,,2021-12-31,ISTAT geometry 2021
090061,Romana,current_name,,2021-12-31,ISTAT geometry 2021
090062,Aglientu,current_name,,2021-12-31,ISTAT geometry 2021
090062,SAN FRANCESCO D'AGLIENTU,historical_name,1959-04-09,1968-05-06,ANPR historical archive
090063,Santa Teresa,historical_name,,1862-10-16,ISTAT SITUAS report 104
090063,Santa Teresa di Gallura,election_source_name,2006-04-09,2006-04-09,official election source label
090063,Santa Teresa Gallura,current_name,,2021-12-31,ISTAT geometry 2021
090064,Sassari,current_name,,2021-12-31,ISTAT geometry 2021
090065,Sedini,current_name,,2021-12-31,ISTAT geometry 2021
090066,Semestene,current_name,,2021-12-31,ISTAT geometry 2021
090067,Sennori,current_name,,2021-12-31,ISTAT geometry 2021
090068,Siligo,current_name,,2021-12-31,ISTAT geometry 2021
090069,Sorso,current_name,,2021-12-31,ISTAT geometry 2021
090070,Temio Ausania,election_source_name,1999-06-13,1999-06-13,official election source label
090070,Tempio Pausania,current_name,,2021-12-31,ISTAT geometry 2021
090071,Thiesi,current_name,,2021-12-31,ISTAT geometry 2021
090072,Tissi,current_name,,2021-12-31,ISTAT geometry 2021
090073,Torralba,current_name,,2021-12-31,ISTAT geometry 2021
090074,Trinità d'Agultu e Vignola,current_name,,2021-12-31,ISTAT geometry 2021
090075,Tula,current_name,,2021-12-31,ISTAT geometry 2021
090076,Uri,current_name,,2021-12-31,ISTAT geometry 2021
090077,Usini,current_name,,2021-12-31,ISTAT geometry 2021
090078,Villanova Monteleone,current_name,,2021-12-31,ISTAT geometry 2021
090079,Valledoria,current_name,,2021-12-31,ISTAT geometry 2021
090080,Telti,current_name,,2021-12-31,ISTAT geometry 2021
090081,Badesi,current_name,,2021-12-31,ISTAT geometry 2021
090082,Viddalba,current_name,,2021-12-31,ISTAT geometry 2021
090083,Golfo Aranci,current_name,,2021-12-31,ISTAT geometry 2021
090084,Loiri Porto San Paolo,current_name,,2021-12-31,ISTAT geometry 2021
090085,Sant'Antonio di Gallura,current_name,,2021-12-31,ISTAT geometry 2021
090086,Tergu,current_name,,2021-12-31,ISTAT geometry 2021
090087,Santa Maria Coghinas,current_name,,2021-12-31,ISTAT geometry 2021
090088,Erula,current_name,,2021-12-31,ISTAT geometry 2021
090089,Stintino,current_name,,2021-12-31,ISTAT geometry 2021
090090,Padru,current_name,,2021-12-31,ISTAT geometry 2021
090091,Budoni,current_name,,2021-12-31,ISTAT geometry 2021
090092,San Teodoro,current_name,,2021-12-31,ISTAT geometry 2021
091001,Aritzo,current_name,,2021-12-31,ISTAT geometry 2021
091002,Arzana,current_name,,2021-12-31,ISTAT geometry 2021
091003,Atzara,current_name,,2021-12-31,ISTAT geometry 2021
091004,Austis,current_name,,2021-12-31,ISTAT geometry 2021
091005,Bari,historical_name,,1862-10-15,ISTAT SITUAS report 104
091005,Bari Sardo,current_name,,2021-12-31,ISTAT geometry 2021
091006,Baunei,current_name,,2021-12-31,ISTAT geometry 2021
091007,Belvì,current_name,,2021-12-31,ISTAT geometry 2021
091008,Birori,current_name,,2021-12-31,ISTAT geometry 2021
091009,Bitti,current_name,,2021-12-31,ISTAT geometry 2021
091010,Bolotana,current_name,,2021-12-31,ISTAT geometry 2021
091011,Borore,current_name,,2021-12-31,ISTAT geometry 2021
091011,Dualchi,historical_name,,1927-01-12,ISTAT SITUAS report 105
091011,Noragugume,historical_name,,1927-01-12,ISTAT SITUAS report 105
091012,Bortigali,current_name,,2021-12-31,ISTAT geometry 2021
091016,Desulo,current_name,,2021-12-31,ISTAT geometry 2021
091017,Dorgali,current_name,,2021-12-31,ISTAT geometry 2021
091018,Dualchi,current_name,,2021-12-31,ISTAT geometry 2021
091019,Elini,current_name,,2021-12-31,ISTAT geometry 2021
091024,Fonni,current_name,,2021-12-31,ISTAT geometry 2021
091025,Gadoni,current_name,,2021-12-31,ISTAT geometry 2021
091026,Gairo,current_name,,2021-12-31,ISTAT geometry 2021
091027,Galtellì,current_name,,2021-12-31,ISTAT geometry 2021
091028,Gavoi,current_name,,2021-12-31,ISTAT geometry 2021
091028,Lodine,historical_name,,1927-01-12,ISTAT SITUAS report 105
091031,Girasole,current_name,,2021-12-31,ISTAT geometry 2021
091032,Ilbono,current_name,,2021-12-31,ISTAT geometry 2021
091033,Irgoli,current_name,,2021-12-31,ISTAT geometry 2021
091035,Jerzu,current_name,,2021-12-31,ISTAT geometry 2021
091037,Lanusei,current_name,,2021-12-31,ISTAT geometry 2021
091038,Lei,current_name,,2021-12-31,ISTAT geometry 2021
091039,Loceri,current_name,,2021-12-31,ISTAT geometry 2021
091040,Loculi,current_name,,2021-12-31,ISTAT geometry 2021
091041,Lodè,current_name,,2021-12-31,ISTAT geometry 2021
091042,Lotzorai,current_name,,2021-12-31,ISTAT geometry 2021
091043,Lula,current_name,,2021-12-31,ISTAT geometry 2021
091044,Birori,historical_name,,1927-01-12,ISTAT SITUAS report 105
091044,Macomer,current_name,,2021-12-31,ISTAT geometry 2021
091046,Mamoiada,current_name,,2021-12-31,ISTAT geometry 2021
091047,Meana,historical_name,,1862-10-15,ISTAT SITUAS report 104
091047,Meana Sardo,current_name,,2021-12-31,ISTAT geometry 2021
091050,Noragugume,current_name,,2021-12-31,ISTAT geometry 2021
091051,Nuoro,current_name,,2021-12-31,ISTAT geometry 2021
091055,Oliena,current_name,,2021-12-31,ISTAT geometry 2021
091056,Ollolai,current_name,,2021-12-31,ISTAT geometry 2021
091057,Olzai,current_name,,2021-12-31,ISTAT geometry 2021
091058,Onanì,current_name,,2021-12-31,ISTAT geometry 2021
091059,Onifai,current_name,,2021-12-31,ISTAT geometry 2021
091060,Oniferi,current_name,,2021-12-31,ISTAT geometry 2021
091061,Orani,current_name,,2021-12-31,ISTAT geometry 2021
091062,Orgosolo,current_name,,2021-12-31,ISTAT geometry 2021
091063,Orosei,current_name,,2021-12-31,ISTAT geometry 2021
091064,Orotelli,current_name,,2021-12-31,ISTAT geometry 2021
091066,Ortueri,current_name,,2021-12-31,ISTAT geometry 2021
091067,Orune,current_name,,2021-12-31,ISTAT geometry 2021
091068,Osidda,current_name,,2021-12-31,ISTAT geometry 2021
091069,Orsini,election_source_name,1948-04-18,1948-04-18,official election source label
091069,Osini,current_name,,2021-12-31,ISTAT geometry 2021
091070,Ottana,current_name,,2021-12-31,ISTAT geometry 2021
091071,Ovodda,current_name,,2021-12-31,ISTAT geometry 2021
091072,Perdasdefogu,current_name,,2021-12-31,ISTAT geometry 2021
091073,Posada,current_name,,2021-12-31,ISTAT geometry 2021
091077,Sarule,current_name,,2021-12-31,ISTAT geometry 2021
091083,Silanus,current_name,,2021-12-31,ISTAT geometry 2021
091084,Sindia,current_name,,2021-12-31,ISTAT geometry 2021
091085,Siniscola,current_name,,2021-12-31,ISTAT geometry 2021
091086,Sorgono,current_name,,2021-12-31,ISTAT geometry 2021
091088,Talana,current_name,,2021-12-31,ISTAT geometry 2021
091089,Tertenia,current_name,,2021-12-31,ISTAT geometry 2021
091090,Teti,current_name,,2021-12-31,ISTAT geometry 2021
091091,Tiana,current_name,,2021-12-31,ISTAT geometry 2021
091093,Tonara,current_name,,2021-12-31,ISTAT geometry 2021
091094,Torpè,current_name,,2021-12-31,ISTAT geometry 2021
091095,Arbatax di Tortolì,historical_name,,1928-05-12,ISTAT SITUAS report 98
091095,Girasole,historical_name,,1927-01-12,ISTAT SITUAS report 105
091095,Lotzorai,historical_name,,1927-01-12,ISTAT SITUAS report 105
091095,Tortolì,current_name,,2021-12-31,ISTAT geometry 2021
091097,Triei,current_name,,2021-12-31,ISTAT geometry 2021
091098,Ulassai,current_name,,2021-12-31,ISTAT geometry 2021
091099,Urzulei,current_name,,2021-12-31,ISTAT geometry 2021
091100,Ussassai,current_name,,2021-12-31,ISTAT geometry 2021
091101,Villagrande Str.,election_source_name,1996-04-21,1996-04-21,official election source label
091101,Villagrande Strisaili,current_name,,2021-12-31,ISTAT geometry 2021
091103,Cardedu,current_name,,2021-12-31,ISTAT geometry 2021
091104,Lodine,current_name,,2021-12-31,ISTAT geometry 2021
092003,Ales,historical_name,,1974-08-20,ISTAT SITUAS report 105
092003,Assemini,current_name,,2021-12-31,ISTAT geometry 2021
092009,Assemini,historical_name,,1974-08-20,ISTAT SITUAS report 105
092009,Cagliari,current_name,,2021-12-31,ISTAT geometry 2021
092009,Cagliari centro,election_source_name,1994-03-27,1994-03-27,official election source label
092009,Monserrato,historical_name,,1888-04-01,ISTAT SITUAS report 104
092009,Pauli Monserrato,historical_name,,1882-01-01,ISTAT SITUAS report 104
092009,Pauli Pirri,historical_name,,1882-01-01,ISTAT SITUAS report 104
092011,Asuni,historical_name,,1974-08-20,ISTAT SITUAS report 105
092011,Capoterra,current_name,,2021-12-31,ISTAT geometry 2021
092015,Baressa,historical_name,,1974-08-20,ISTAT SITUAS report 105
092015,Decimomannu,current_name,,2021-12-31,ISTAT geometry 2021
092037,Donori,historical_name,,1974-08-20,ISTAT SITUAS report 105
092037,Maracalagonis,current_name,,2021-12-31,ISTAT geometry 2021
092050,Gonnosfanadiga,historical_name,,1974-08-20,ISTAT SITUAS report 105
092050,Pula,current_name,,2021-12-31,ISTAT geometry 2021
092051,Gonnostramatza,historical_name,,1974-08-20,ISTAT SITUAS report 105
092051,Quartu,historical_name,,1862-10-15,ISTAT SITUAS report 104
092051,Quartu Sant'Elena,current_name,,2021-12-31,ISTAT geometry 2021
092066,Morgongiori,historical_name,,1974-08-20,ISTAT SITUAS report 105
092066,Sarroch,current_name,,2021-12-31,ISTAT geometry 2021
092068,Musei,historical_name,,1974-08-20,ISTAT SITUAS report 105
092068,Selargius,current_name,,2021-12-31,ISTAT geometry 2021
092074,Nurachi,historical_name,,1974-08-20,ISTAT SITUAS report 105
092074,Sestu,current_name,,2021-12-31,ISTAT geometry 2021
092075,Nuraminis,historical_name,,1974-08-20,ISTAT SITUAS report 105
092075,Settimo San Pietro,current_name,,2021-12-31,ISTAT geometry 2021
092080,Oristano,historical_name,,1974-08-20,ISTAT SITUAS report 105
092080,Settimo,historical_name,,1862-10-15,ISTAT SITUAS report 104
092080,Settimo San Pietro,historical_name,,1862-10-15,ISTAT SITUAS report 104
092080,Sinnai,current_name,,2021-12-31,ISTAT geometry 2021
092090,Pula,historical_name,,1974-08-20,ISTAT SITUAS report 105
092090,Uta,current_name,,2021-12-31,ISTAT geometry 2021
092099,San Giovanni Suergiu,historical_name,,1974-08-20,ISTAT SITUAS report 105
092099,SAN PIETRO PULA,historical_name,1948-05-07,1950-01-28,ANPR historical archive
092099,Villa San Pietro,current_name,,2021-12-31,ISTAT geometry 2021
092105,Quartucciu,current_name,,2021-12-31,ISTAT geometry 2021
092105,Santa Giusta,historical_name,,1974-08-20,ISTAT SITUAS report 105
092108,Elmas,current_name,,2021-12-31,ISTAT geometry 2021
092108,Sant'Antonio Ruinas,historical_name,,1974-08-20,ISTAT SITUAS report 105
092109,Monserrato,current_name,,2021-12-31,ISTAT geometry 2021
092109,Santu Lussurgiu,historical_name,,1974-08-20,ISTAT SITUAS report 105
093001,Andreis,current_name,,2021-12-31,ISTAT geometry 2021
093002,Arba,current_name,,2021-12-31,ISTAT geometry 2021
093004,Aviano,current_name,,2021-12-31,ISTAT geometry 2021
093005,Azzano,historical_name,,1866-11-20,ISTAT SITUAS report 100
093005,Azzano Decimo,current_name,,2021-12-31,ISTAT geometry 2021
093006,Barcis,current_name,,2021-12-31,ISTAT geometry 2021
093007,Brugnera,current_name,,2021-12-31,ISTAT geometry 2021
093008,Budoia,current_name,,2021-12-31,ISTAT geometry 2021
093009,Caneva,current_name,,2021-12-31,ISTAT geometry 2021
093010,Casarsa,historical_name,,1866-11-20,ISTAT SITUAS report 100
093010,Casarsa della Delizia,current_name,,2021-12-31,ISTAT geometry 2021
093011,Castelnovo,historical_name,,1866-11-20,ISTAT SITUAS report 100
093011,Castelnovo del Friuli,current_name,,2021-12-31,ISTAT geometry 2021
093012,Cavasso,historical_name,,1866-11-20,ISTAT SITUAS report 100
093012,Cavasso Nuovo,current_name,,2021-12-31,ISTAT geometry 2021
093013,Chions,current_name,,2021-12-31,ISTAT geometry 2021
093014,Cimolais,current_name,,2021-12-31,ISTAT geometry 2021
093015,Claut,current_name,,2021-12-31,ISTAT geometry 2021
093016,Clauzetto,current_name,,2021-12-31,ISTAT geometry 2021
093017,Cordenons,current_name,,2021-12-31,ISTAT geometry 2021
093018,Cordovado,current_name,,2021-12-31,ISTAT geometry 2021
093019,Erto e Casso,current_name,,2021-12-31,ISTAT geometry 2021
093020,Fanna,current_name,,2021-12-31,ISTAT geometry 2021
093021,Fiume,historical_name,,1866-11-20,ISTAT SITUAS report 100
093021,Fiume Veneto,current_name,,2021-12-31,ISTAT geometry 2021
093022,Fontanafredda,current_name,,2021-12-31,ISTAT geometry 2021
093024,Frisanco,current_name,,2021-12-31,ISTAT geometry 2021
093025,Maniago,current_name,,2021-12-31,ISTAT geometry 2021
093026,Meduno,current_name,,2021-12-31,ISTAT geometry 2021
093027,Montereale,historical_name,,1866-11-20,ISTAT SITUAS report 100
093027,MONTEREALE CELLINA,historical_name,1867-11-25,1953-07-15,ANPR historical archive
093027,Montereale Valcellina,current_name,,2021-12-31,ISTAT geometry 2021
093028,Morsano al Tagliamento,current_name,,2021-12-31,ISTAT geometry 2021
093029,Pasiano,election_source_name,1948-04-18,1948-04-18,official election source label
093029,Pasiano di Pordenone,current_name,,2021-12-31,ISTAT geometry 2021
093030,Pinzano,historical_name,,1866-11-20,ISTAT SITUAS report 100
093030,Pinzano al Tagliamento,current_name,,2021-12-31,ISTAT geometry 2021
093031,Polcenigo,current_name,,2021-12-31,ISTAT geometry 2021
093032,Porcia,current_name,,2021-12-31,ISTAT geometry 2021
093033,Pordenone,current_name,,2021-12-31,ISTAT geometry 2021
093033,Vallenoncello,historical_name,,1866-11-20,ISTAT SITUAS report 100
093034,Prata,historical_name,,1866-11-20,ISTAT SITUAS report 100
093034,Prata di Pordenone,current_name,,2021-12-31,ISTAT geometry 2021
093035,Pravisdomini,current_name,,2021-12-31,ISTAT geometry 2021
093036,Roveredo,historical_name,,1866-11-20,ISTAT SITUAS report 100
093036,Roveredo in Piano,current_name,,2021-12-31,ISTAT geometry 2021
093037,Sacile,current_name,,2021-12-31,ISTAT geometry 2021
093038,San Giorgio,historical_name,,1866-11-20,ISTAT SITUAS report 100
093038,San Giorgio della Richinvelda,current_name,,2021-12-31,ISTAT geometry 2021
093039,San Martino al Tagliamento,current_name,,2021-12-31,ISTAT geometry 2021
093040,San Quirino,current_name,,2021-12-31,ISTAT geometry 2021
093041,San Vito al Tagliamento,current_name,,2021-12-31,ISTAT geometry 2021
093042,Sequals,current_name,,2021-12-31,ISTAT geometry 2021
093043,Sesto,historical_name,,1866-11-20,ISTAT SITUAS report 100
093043,Sesto al Reghena,current_name,,2021-12-31,ISTAT geometry 2021
093044,Spilimbergo,current_name,,2021-12-31,ISTAT geometry 2021
093045,Tramonti di Sopra,current_name,,2021-12-31,ISTAT geometry 2021
093046,Tramonti di Sotto,current_name,,2021-12-31,ISTAT geometry 2021
093047,Traves,election_source_name,1946-06-02,1946-06-02,official election source label
093047,Travesio,current_name,,2021-12-31,ISTAT geometry 2021
093049,Vito d'Asio,current_name,,2021-12-31,ISTAT geometry 2021
093050,Vivaro,current_name,,2021-12-31,ISTAT geometry 2021
093051,Zoppola,current_name,,2021-12-31,ISTAT geometry 2021
093052,Vajont,current_name,,2021-12-31,ISTAT geometry 2021
093053,ARZENE,historical_name,1946-12-24,1968-04-05,ANPR historical archive
093053,San Martino,historical_name,,1866-11-20,ISTAT SITUAS report 100
093053,San Martino al Tagliamento,historical_name,,1867-10-08,ISTAT SITUAS report 104
093053,VALVASONE,historical_name,1928-12-15,1946-12-23,ANPR historical archive
093053,Valvasone Arzene,current_name,,2021-12-31,ISTAT geometry 2021
094001,Acquaviva d'Isernia,current_name,,2021-12-31,ISTAT geometry 2021
094002,Agnone,current_name,,2021-12-31,ISTAT geometry 2021
094002,Belmonte,historical_name,,1863-04-10,ISTAT SITUAS report 104
094002,Belmonte del Sannio,historical_name,,1863-04-10,ISTAT SITUAS report 104
094003,Bagnoli,historical_name,,1863-05-27,ISTAT SITUAS report 104
094003,Bagnoli del Trigno,current_name,,2021-12-31,ISTAT geometry 2021
094004,Belmonte del Sannio,current_name,,2021-12-31,ISTAT geometry 2021
094005,Cantalupo,historical_name,,1864-03-11,ISTAT SITUAS report 104
094005,Cantalupo del Sannio,election_source_name,1953-06-07,1953-06-07,official election source label
094005,Cantalupo nel Sannio,current_name,,2021-12-31,ISTAT geometry 2021
094006,Capracotta,current_name,,2021-12-31,ISTAT geometry 2021
094007,Carovilli,current_name,,2021-12-31,ISTAT geometry 2021
094008,Carpinone,current_name,,2021-12-31,ISTAT geometry 2021
094009,Castel del Giudice,current_name,,2021-12-31,ISTAT geometry 2021
094010,Castelpetroso,current_name,,2021-12-31,ISTAT geometry 2021
094011,Castelpizzuto,current_name,,2021-12-31,ISTAT geometry 2021
094012,Castel San Vincenzo,current_name,,2021-12-31,ISTAT geometry 2021
094012,San Vincenzo,historical_name,,1863-04-10,ISTAT SITUAS report 104
094012,San Vincenzo a Volturno,historical_name,,1863-04-10,ISTAT SITUAS report 104
094013,Castel Verrino,historical_name,,1928-06-14,ISTAT SITUAS report 98
094013,Castelverrino,current_name,,2021-12-31,ISTAT geometry 2021
094014,Cerro,historical_name,,1863-05-27,ISTAT SITUAS report 104
094014,Cerro al Volturno,current_name,,2021-12-31,ISTAT geometry 2021
094015,Chiauci,current_name,,2021-12-31,ISTAT geometry 2021
094016,Civitanova,historical_name,,1864-03-11,ISTAT SITUAS report 104
094016,Civitanova del Sannio,current_name,,2021-12-31,ISTAT geometry 2021
094017,Colli,historical_name,,1863-09-20,ISTAT SITUAS report 104
094017,Colli a Volturno,current_name,,2021-12-31,ISTAT geometry 2021
094017,Rocchetta,historical_name,,1863-04-10,ISTAT SITUAS report 104
094017,Rocchetta a Volturno,historical_name,,1863-04-10,ISTAT SITUAS report 104
094018,Conca Casale,current_name,,2021-12-31,ISTAT geometry 2021
094019,Filignano,current_name,,2021-12-31,ISTAT geometry 2021
094020,Forlì,historical_name,,1863-04-10,ISTAT SITUAS report 104
094020,Forlì del Sannio,current_name,,2021-12-31,ISTAT geometry 2021
094021,Fornelli,current_name,,2021-12-31,ISTAT geometry 2021
094022,Frosolone,current_name,,2021-12-31,ISTAT geometry 2021
094023,Isernia,current_name,,2021-12-31,ISTAT geometry 2021
094023,Pettoranello di Molise,historical_name,,1863-04-10,ISTAT SITUAS report 104
094023,Pettorano,historical_name,,1863-04-10,ISTAT SITUAS report 104
094024,Longano,current_name,,2021-12-31,ISTAT geometry 2021
094025,Macchia d'Isernia,current_name,,2021-12-31,ISTAT geometry 2021
094025,Macchia Disernia,election_source_name,1946-06-02,1946-06-02,official election source label
094026,Macchiagodena,current_name,,2021-12-31,ISTAT geometry 2021
094027,Miranda,current_name,,2021-12-31,ISTAT geometry 2021
094028,Montaquila,current_name,,2021-12-31,ISTAT geometry 2021
094029,Montenero Val Cocchiara,current_name,,2021-12-31,ISTAT geometry 2021
094030,Monteroduni,current_name,,2021-12-31,ISTAT geometry 2021
094031,Pesche,current_name,,2021-12-31,ISTAT geometry 2021
094032,Pescolanciano,current_name,,2021-12-31,ISTAT geometry 2021
094033,Pescopennataro,current_name,,2021-12-31,ISTAT geometry 2021
094034,Pettoranello del Molise,current_name,,2021-12-31,ISTAT geometry 2021
094034,Pettoranello di Molise,historical_name,,1928-08-07,ISTAT SITUAS report 103
094035,Castel Verrino,historical_name,,1893-12-05,ISTAT SITUAS report 104
094035,Castelluccio in Verrino,historical_name,,1891-09-05,ISTAT SITUAS report 104
094035,Pietrabbondante,current_name,,2021-12-31,ISTAT geometry 2021
094035,Verrino,historical_name,,1891-09-05,ISTAT SITUAS report 104
094036,Pizzone,current_name,,2021-12-31,ISTAT geometry 2021
094037,Caccavone,historical_name,,1922-03-07,ISTAT SITUAS report 104
094037,Poggio Sannita,current_name,,2021-12-31,ISTAT geometry 2021
094038,Pozzilli,current_name,,2021-12-31,ISTAT geometry 2021
094039,Rionero,historical_name,,1864-03-11,ISTAT SITUAS report 104
094039,Rionero Sannitico,current_name,,2021-12-31,ISTAT geometry 2021
094040,Roccamandolfi,current_name,,2021-12-31,ISTAT geometry 2021
094041,Roccasicura,current_name,,2021-12-31,ISTAT geometry 2021
094042,Rocchetta a Volturno,current_name,,2021-12-31,ISTAT geometry 2021
094043,San Pietro Avellana,current_name,,2021-12-31,ISTAT geometry 2021
094044,Sant'Agapito,current_name,,2021-12-31,ISTAT geometry 2021
094045,SANT'ANGELO IN GROTTE,historical_name,1861-03-17,1958-08-27,ANPR historical archive
094045,Santa Maria del Molise,current_name,,2021-12-31,ISTAT geometry 2021
094046,Sant'Angelo del Pesco,current_name,,2021-12-31,ISTAT geometry 2021
094047,Cameli,historical_name,,1896-12-01,ISTAT SITUAS report 104
094047,Sant'Elena Sannita,current_name,,2021-12-31,ISTAT geometry 2021
094048,Scapoli,current_name,,2021-12-31,ISTAT geometry 2021
094049,SESSANO,historical_name,1861-03-17,1966-10-14,ANPR historical archive
094049,Sessano del Molise,current_name,,2021-12-31,ISTAT geometry 2021
094050,Sesto Campano,current_name,,2021-12-31,ISTAT geometry 2021
094051,Vastogirardi,current_name,,2021-12-31,ISTAT geometry 2021
094052,Conca Casale,historical_name,,1911-07-28,ISTAT SITUAS report 100
094052,Pozzilli,historical_name,,1911-07-28,ISTAT SITUAS report 100
094052,Sesto,historical_name,,1863-05-27,ISTAT SITUAS report 104
094052,Sesto Campano,historical_name,,1863-05-27,ISTAT SITUAS report 104
094052,Venafro,current_name,,2021-12-31,ISTAT geometry 2021
095001,Abbasanta,current_name,,2021-12-31,ISTAT geometry 2021
095002,Aidomaggiore,current_name,,2021-12-31,ISTAT geometry 2021
095003,Albagiara,current_name,,2021-12-31,ISTAT geometry 2021
095003,OLLASTA,historical_name,1959-04-08,1964-06-08,ANPR historical archive
095003,Ollastra Usellus,historical_name,,1927-10-09,ISTAT SITUAS report 98
095004,Ales,current_name,,2021-12-31,ISTAT geometry 2021
095005,Allai,current_name,,2021-12-31,ISTAT geometry 2021
095006,Arborea,current_name,,2021-12-31,ISTAT geometry 2021
095006,Mussolinia di Sardegna,historical_name,,1931-02-20,ISTAT SITUAS report 100
095007,Ardauli,current_name,,2021-12-31,ISTAT geometry 2021
095008,Assolo,current_name,,2021-12-31,ISTAT geometry 2021
095009,Asuni,current_name,,2021-12-31,ISTAT geometry 2021
095010,Baradili,current_name,,2021-12-31,ISTAT geometry 2021
095011,Baratili San Pietro,current_name,,2021-12-31,ISTAT geometry 2021
095012,Baressa,current_name,,2021-12-31,ISTAT geometry 2021
095013,Bauladu,current_name,,2021-12-31,ISTAT geometry 2021
095014,Bidonì,current_name,,2021-12-31,ISTAT geometry 2021
095015,Bonarcado,current_name,,2021-12-31,ISTAT geometry 2021
095016,Boroneddu,current_name,,2021-12-31,ISTAT geometry 2021
095017,Busachi,current_name,,2021-12-31,ISTAT geometry 2021
095017,Ula,historical_name,,1870-10-28,ISTAT SITUAS report 104
095017,Ulà Tirso,historical_name,,1870-10-28,ISTAT SITUAS report 104
095018,Cabras,current_name,,2021-12-31,ISTAT geometry 2021
095019,Cuglieri,current_name,,2021-12-31,ISTAT geometry 2021
095020,Fordongianus,current_name,,2021-12-31,ISTAT geometry 2021
095021,Ghilarza,current_name,,2021-12-31,ISTAT geometry 2021
095021,Norbello,historical_name,,1863-02-04,ISTAT SITUAS report 104
095021,Norghiddo,historical_name,,1863-02-04,ISTAT SITUAS report 104
095022,Gonnoscodina,current_name,,2021-12-31,ISTAT geometry 2021
095023,FIGU-GONNOSNÒ,historical_name,1947-10-17,1964-06-08,ANPR historical archive
095023,Gonnosnò,current_name,,2021-12-31,ISTAT geometry 2021
095024,Gonnostramatza,current_name,,2021-12-31,ISTAT geometry 2021
095025,Marrubiu,current_name,,2021-12-31,ISTAT geometry 2021
095026,Masullas,current_name,,2021-12-31,ISTAT geometry 2021
095027,Milis,current_name,,2021-12-31,ISTAT geometry 2021
095028,Mogorella,current_name,,2021-12-31,ISTAT geometry 2021
095029,Mogoro,current_name,,2021-12-31,ISTAT geometry 2021
095030,Morgongiori,current_name,,2021-12-31,ISTAT geometry 2021
095031,Narbolia,current_name,,2021-12-31,ISTAT geometry 2021
095032,Neoneli,current_name,,2021-12-31,ISTAT geometry 2021
095033,Norbello,current_name,,2021-12-31,ISTAT geometry 2021
095034,Nughedu Santa Vittoria,current_name,,2021-12-31,ISTAT geometry 2021
095035,Nurachi,current_name,,2021-12-31,ISTAT geometry 2021
095036,Nureci,current_name,,2021-12-31,ISTAT geometry 2021
095037,Ollastra,current_name,,2021-12-31,ISTAT geometry 2021
095037,OLLASTRA SIMAXIS,historical_name,1946-04-13,1974-08-19,ANPR historical archive
095038,Donigala,historical_name,,1862-10-15,ISTAT SITUAS report 104
095038,Donigala Fenughedu,historical_name,,1862-10-15,ISTAT SITUAS report 104
095038,Oristano,current_name,,2021-12-31,ISTAT geometry 2021
095038,Palmas,historical_name,,1862-10-15,ISTAT SITUAS report 104
095038,Palmas Arborea,historical_name,,1862-10-15,ISTAT SITUAS report 104
095039,Palmas Arborea,current_name,,2021-12-31,ISTAT geometry 2021
095040,Pau,current_name,,2021-12-31,ISTAT geometry 2021
095041,Paulilatino,current_name,,2021-12-31,ISTAT geometry 2021
095042,Pompu,current_name,,2021-12-31,ISTAT geometry 2021
095043,Baratili,historical_name,,1864-12-07,ISTAT SITUAS report 104
095043,Baratili San Pietro,historical_name,,1864-12-07,ISTAT SITUAS report 104
095043,Riola,historical_name,,1927-10-11,ISTAT SITUAS report 98
095043,Riola Sardo,current_name,,2021-12-31,ISTAT geometry 2021
095044,Mogorella Ruinas,historical_name,,1928-06-14,ISTAT SITUAS report 98
095044,Ruinas,current_name,,2021-12-31,ISTAT geometry 2021
095045,Samugheo,current_name,,2021-12-31,ISTAT geometry 2021
095046,San Nicolò d'Arcidano,current_name,,2021-12-31,ISTAT geometry 2021
095047,Santa Giusta,current_name,,2021-12-31,ISTAT geometry 2021
095048,SANT'ANTONIO RUINAS,historical_name,1951-01-12,1974-08-19,ANPR historical archive
095048,Villa Sant'Antonio,current_name,,2021-12-31,ISTAT geometry 2021
095049,Santu Lussurgiu,current_name,,2021-12-31,ISTAT geometry 2021
095050,San Vero Milis,current_name,,2021-12-31,ISTAT geometry 2021
095051,Scano,historical_name,,1862-10-15,ISTAT SITUAS report 104
095051,Scano di Montiferro,current_name,,2021-12-31,ISTAT geometry 2021
095052,Sedilo,current_name,,2021-12-31,ISTAT geometry 2021
095053,Seneghe,current_name,,2021-12-31,ISTAT geometry 2021
095054,Senis,current_name,,2021-12-31,ISTAT geometry 2021
095055,Sennariolo,current_name,,2021-12-31,ISTAT geometry 2021
095056,Siamaggiore,current_name,,2021-12-31,ISTAT geometry 2021
095057,Siamanna,current_name,,2021-12-31,ISTAT geometry 2021
095057,SIAMANNA-SIAPICCIA,historical_name,1947-12-13,1974-08-19,ANPR historical archive
095058,Simala,current_name,,2021-12-31,ISTAT geometry 2021
095059,Simaxis,current_name,,2021-12-31,ISTAT geometry 2021
095060,Sini,current_name,,2021-12-31,ISTAT geometry 2021
095061,Siris,current_name,,2021-12-31,ISTAT geometry 2021
095062,Solarussa,current_name,,2021-12-31,ISTAT geometry 2021
095063,Nughedu,historical_name,,1862-10-15,ISTAT SITUAS report 104
095063,Nughedu Santa Vittoria,historical_name,,1862-10-15,ISTAT SITUAS report 104
095063,Sorradile,current_name,,2021-12-31,ISTAT geometry 2021
095064,Tadasuni,current_name,,2021-12-31,ISTAT geometry 2021
095065,Arcidano,historical_name,,1864-01-29,ISTAT SITUAS report 104
095065,San Nicolò d'Arcidano,historical_name,,1864-01-29,ISTAT SITUAS report 104
095065,Terralba,current_name,,2021-12-31,ISTAT geometry 2021
095066,Tramatza,current_name,,2021-12-31,ISTAT geometry 2021
095067,Tresnuraghes,current_name,,2021-12-31,ISTAT geometry 2021
095068,Ulà Tirso,current_name,,2021-12-31,ISTAT geometry 2021
095069,Uras,current_name,,2021-12-31,ISTAT geometry 2021
095070,Bannari,historical_name,,1868-12-31,ISTAT SITUAS report 104
095070,Bannari di Usellus,historical_name,,1868-12-31,ISTAT SITUAS report 104
095070,Usellus,current_name,,2021-12-31,ISTAT geometry 2021
095071,Villanova Truschedu,current_name,,2021-12-31,ISTAT geometry 2021
095072,Villa Urbana,election_source_name,1946-06-02,1946-06-02,official election source label
095072,Villaurbana,current_name,,2021-12-31,ISTAT geometry 2021
095073,BANNARI DI USELLUS,historical_name,1947-03-30,1954-05-25,ANPR historical archive
095073,Villa Verde,current_name,,2021-12-31,ISTAT geometry 2021
095074,Zeddiani,current_name,,2021-12-31,ISTAT geometry 2021
095075,Zerfaliu,current_name,,2021-12-31,ISTAT geometry 2021
095076,Siapiccia,current_name,,2021-12-31,ISTAT geometry 2021
095077,Curcuris,current_name,,2021-12-31,ISTAT geometry 2021
095078,Soddì,current_name,,2021-12-31,ISTAT geometry 2021
095079,Bosa,current_name,,2021-12-31,ISTAT geometry 2021
095080,Flussio,current_name,,2021-12-31,ISTAT geometry 2021
095082,Laconi,current_name,,2021-12-31,ISTAT geometry 2021
095083,Magomadas,current_name,,2021-12-31,ISTAT geometry 2021
095084,Modolo,current_name,,2021-12-31,ISTAT geometry 2021
095085,Montresta,current_name,,2021-12-31,ISTAT geometry 2021
095086,Sagama,current_name,,2021-12-31,ISTAT geometry 2021
095087,Flussio,historical_name,,1927-01-12,ISTAT SITUAS report 105
095087,Sagama,historical_name,,1927-01-12,ISTAT SITUAS report 105
095087,Suni,current_name,,2021-12-31,ISTAT geometry 2021
095087,Tinnura,historical_name,,1927-01-12,ISTAT SITUAS report 105
095088,Tinnura,current_name,,2021-12-31,ISTAT geometry 2021
096001,Ailoche,current_name,,2021-12-31,ISTAT geometry 2021
096002,Andorno Cacciorna,historical_name,,1927-01-12,ISTAT SITUAS report 105
096002,Andorno Micca,current_name,,2021-12-31,ISTAT geometry 2021
096002,Miagliano,historical_name,,1927-01-12,ISTAT SITUAS report 105
096002,Sagliano,historical_name,,1863-06-01,ISTAT SITUAS report 104
096002,Sagliano Micca,historical_name,,1863-06-01,ISTAT SITUAS report 104
096002,San Giuseppe,historical_name,,1863-06-01,ISTAT SITUAS report 104
096002,San Giuseppe di Casto,historical_name,,1863-06-01,ISTAT SITUAS report 104
096002,Tavigliano,historical_name,,1927-01-12,ISTAT SITUAS report 105
096003,Benna,current_name,,2021-12-31,ISTAT geometry 2021
096004,Biella,current_name,,2021-12-31,ISTAT geometry 2021
096004,Cossila,historical_name,,1927-01-12,ISTAT SITUAS report 105
096005,Bioglio,current_name,,2021-12-31,ISTAT geometry 2021
096006,Borriana,current_name,,2021-12-31,ISTAT geometry 2021
096007,Brusnengo,current_name,,2021-12-31,ISTAT geometry 2021
096008,Callabiana,current_name,,2021-12-31,ISTAT geometry 2021
096009,Camandona,current_name,,2021-12-31,ISTAT geometry 2021
096010,Camburzano,current_name,,2021-12-31,ISTAT geometry 2021
096012,Candelo,current_name,,2021-12-31,ISTAT geometry 2021
096013,Caprile,current_name,,2021-12-31,ISTAT geometry 2021
096014,Casapinta,current_name,,2021-12-31,ISTAT geometry 2021
096015,Castelletto Cervo,current_name,,2021-12-31,ISTAT geometry 2021
096016,Cavaglià,current_name,,2021-12-31,ISTAT geometry 2021
096018,Cerrione,current_name,,2021-12-31,ISTAT geometry 2021
096019,Coggiola,current_name,,2021-12-31,ISTAT geometry 2021
096020,Castellengo,historical_name,,1927-01-12,ISTAT SITUAS report 105
096020,Cossato,current_name,,2021-12-31,ISTAT geometry 2021
096021,Crevacuore,current_name,,2021-12-31,ISTAT geometry 2021
096023,Curino,current_name,,2021-12-31,ISTAT geometry 2021
096024,Donato,current_name,,2021-12-31,ISTAT geometry 2021
096025,Dorzano,current_name,,2021-12-31,ISTAT geometry 2021
096026,Gaglianico,current_name,,2021-12-31,ISTAT geometry 2021
096027,Gifflenga,current_name,,2021-12-31,ISTAT geometry 2021
096028,Graglia,current_name,,2021-12-31,ISTAT geometry 2021
096030,Magnano,current_name,,2021-12-31,ISTAT geometry 2021
096031,Massazza,current_name,,2021-12-31,ISTAT geometry 2021
096032,Masserano,current_name,,2021-12-31,ISTAT geometry 2021
096033,Mezzana,historical_name,,1863-06-01,ISTAT SITUAS report 104
096033,Mezzana Mortigliengo,current_name,,2021-12-31,ISTAT geometry 2021
096034,Miagliano,current_name,,2021-12-31,ISTAT geometry 2021
096035,Mongrando,current_name,,2021-12-31,ISTAT geometry 2021
096037,Mottalciata,current_name,,2021-12-31,ISTAT geometry 2021
096038,Muzzano,current_name,,2021-12-31,ISTAT geometry 2021
096039,Netro,current_name,,2021-12-31,ISTAT geometry 2021
096040,Occhieppo Inferiore,current_name,,2021-12-31,ISTAT geometry 2021
096041,Occhieppo Superiore,current_name,,2021-12-31,ISTAT geometry 2021
096042,Pettinengo,current_name,,2021-12-31,ISTAT geometry 2021
096042,Selve,historical_name,,1863-06-01,ISTAT SITUAS report 104
096042,SELVE MARCONE,historical_name,1927-01-12,1992-04-15,ANPR historical archive
096043,Piatto,current_name,,2021-12-31,ISTAT geometry 2021
096044,Piedicavallo,current_name,,2021-12-31,ISTAT geometry 2021
096046,Pollone,current_name,,2021-12-31,ISTAT geometry 2021
096047,Ponderano,current_name,,2021-12-31,ISTAT geometry 2021
096048,Portula,current_name,,2021-12-31,ISTAT geometry 2021
096049,Pralungo,current_name,,2021-12-31,ISTAT geometry 2021
096050,Flecchia,historical_name,,1927-01-12,ISTAT SITUAS report 105
096050,Pianceri,historical_name,,1927-01-12,ISTAT SITUAS report 105
096050,Pray,current_name,,2021-12-31,ISTAT geometry 2021
096053,Ronco,historical_name,,1863-06-01,ISTAT SITUAS report 104
096053,Ronco Biellese,current_name,,2021-12-31,ISTAT geometry 2021
096054,Roppolo,current_name,,2021-12-31,ISTAT geometry 2021
096055,Rosazza,current_name,,2021-12-31,ISTAT geometry 2021
096056,Sagliano Micca,current_name,,2021-12-31,ISTAT geometry 2021
096057,Sala,historical_name,,1863-06-01,ISTAT SITUAS report 104
096057,Sala Biellese,current_name,,2021-12-31,ISTAT geometry 2021
096058,Salussola,current_name,,2021-12-31,ISTAT geometry 2021
096059,Sandigliano,current_name,,2021-12-31,ISTAT geometry 2021
096063,Sordevolo,current_name,,2021-12-31,ISTAT geometry 2021
096064,Sostegno,current_name,,2021-12-31,ISTAT geometry 2021
096065,Strona,current_name,,2021-12-31,ISTAT geometry 2021
096066,Tavigliano,current_name,,2021-12-31,ISTAT geometry 2021
096067,Ternengo,current_name,,2021-12-31,ISTAT geometry 2021
096068,Tollegno,current_name,,2021-12-31,ISTAT geometry 2021
096069,Torrazzo,current_name,,2021-12-31,ISTAT geometry 2021
096071,Valdengo,current_name,,2021-12-31,ISTAT geometry 2021
096072,Vallanzengo,current_name,,2021-12-31,ISTAT geometry 2021
096074,Valle San Nicolao,current_name,,2021-12-31,ISTAT geometry 2021
096075,Veglio,current_name,,2021-12-31,ISTAT geometry 2021
096076,Verrone,current_name,,2021-12-31,ISTAT geometry 2021
096077,Vigliano,historical_name,,1863-06-01,ISTAT SITUAS report 104
096077,Vigliano Biellese,current_name,,2021-12-31,ISTAT geometry 2021
096078,Villa del Bosco,current_name,,2021-12-31,ISTAT geometry 2021
096079,Villanova,historical_name,,1863-06-01,ISTAT SITUAS report 104
096079,Villanova Biellese,current_name,,2021-12-31,ISTAT geometry 2021
096080,Viverone,current_name,,2021-12-31,ISTAT geometry 2021
096081,Zimone,current_name,,2021-12-31,ISTAT geometry 2021
096082,Zubiena,current_name,,2021-12-31,ISTAT geometry 2021
096083,Zumaglia,current_name,,2021-12-31,ISTAT geometry 2021
096085,CROSA,historical_name,1927-01-12,1992-04-15,ANPR historical archive
096085,Lessona,current_name,,2021-12-31,ISTAT geometry 2021
096086,Campiglia,historical_name,,1863-06-01,ISTAT SITUAS report 104
096086,Campiglia Cervo,current_name,,2021-12-31,ISTAT geometry 2021
096086,QUITTENGO,historical_name,1927-01-12,1992-04-15,ANPR historical archive
096086,San Paolo,historical_name,,1863-06-01,ISTAT SITUAS report 104
096086,SAN PAOLO CERVO,historical_name,1927-01-12,1992-04-15,ANPR historical archive
096087,Cerreto,historical_name,,1863-06-01,ISTAT SITUAS report 104
096087,CERRETO CASTELLO,historical_name,1927-01-12,1992-04-15,ANPR historical archive
096087,QUAREGNA,historical_name,1927-01-12,1992-04-15,ANPR historical archive
096087,Quaregna Cerreto,current_name,,2021-12-31,ISTAT geometry 2021
096088,Croce di Mosso,historical_name,,1927-01-12,ISTAT SITUAS report 105
096088,MOSSO,historical_name,1999-01-01,2018-12-31,ANPR historical archive
096088,MOSSO SANTA MARIA,historical_name,1938-04-07,1992-04-15,ANPR historical archive
096088,PISTOLESA,historical_name,1927-01-12,1992-04-15,ANPR historical archive
096088,SOPRANA,historical_name,1927-01-12,1992-04-15,ANPR historical archive
096088,TRIVERO,historical_name,1927-01-12,1992-04-15,ANPR historical archive
096088,Valdilana,current_name,,2021-12-31,ISTAT geometry 2021
096088,Valle Inferiore Mosso,historical_name,,1916-06-23,ISTAT SITUAS report 104
096088,VALLE MOSSO,historical_name,1929-06-15,1992-04-15,ANPR historical archive
096088,Valle Superiore Mosso,historical_name,,1927-01-12,ISTAT SITUAS report 105
097001,Abbadia,historical_name,,1863-05-09,ISTAT SITUAS report 104
097001,Abbadia Lariana,current_name,,2021-12-31,ISTAT geometry 2021
097001,Abbadia Sopra Adda,historical_name,,1863-05-09,ISTAT SITUAS report 104
097002,Airuno,current_name,,2021-12-31,ISTAT geometry 2021
097003,Annone,historical_name,,1863-05-09,ISTAT SITUAS report 104
097003,Annone di Brianza,current_name,,2021-12-31,ISTAT geometry 2021
097004,Balabio,election_source_name,1948-04-18,1948-04-18,official election source label
097004,Ballabio,current_name,,2021-12-31,ISTAT geometry 2021
097005,Barzago,current_name,,2021-12-31,ISTAT geometry 2021
097006,Barzanò,current_name,,2021-12-31,ISTAT geometry 2021
097007,Barzio,current_name,,2021-12-31,ISTAT geometry 2021
097008,Bellano,current_name,,2021-12-31,ISTAT geometry 2021
097008,VENDROGNO,historical_name,1861-03-17,1992-04-15,ANPR historical archive
097009,Bosisio,historical_name,,1929-07-10,ISTAT SITUAS report 104
097009,Bosisio Parini,current_name,,2021-12-31,ISTAT geometry 2021
097010,Brivio,current_name,,2021-12-31,ISTAT geometry 2021
097011,Bulciago,current_name,,2021-12-31,ISTAT geometry 2021
097012,Calco,current_name,,2021-12-31,ISTAT geometry 2021
097013,Calolzio,historical_name,,1893-06-01,ISTAT SITUAS report 103
097013,Calolziocorte,current_name,,2021-12-31,ISTAT geometry 2021
097013,Corte,historical_name,,1893-06-01,ISTAT SITUAS report 103
097014,Carenno,current_name,,2021-12-31,ISTAT geometry 2021
097015,Casargo,current_name,,2021-12-31,ISTAT geometry 2021
097015,Indovero,historical_name,,1879-03-07,ISTAT SITUAS report 104
097015,Narro,historical_name,,1879-03-07,ISTAT SITUAS report 104
097016,Casatenovo,current_name,,2021-12-31,ISTAT geometry 2021
097017,Cassago Brianza,current_name,,2021-12-31,ISTAT geometry 2021
097017,Oriano,historical_name,,1863-05-09,ISTAT SITUAS report 104
097017,Oriano di Brianza,historical_name,,1863-05-09,ISTAT SITUAS report 104
097018,Cassina Valsassina,current_name,,2021-12-31,ISTAT geometry 2021
097019,Castello di Brianza,current_name,,2021-12-31,ISTAT geometry 2021
097020,Cernusco Lombardone,current_name,,2021-12-31,ISTAT geometry 2021
097021,Cesana Brianza,current_name,,2021-12-31,ISTAT geometry 2021
097022,Civate,current_name,,2021-12-31,ISTAT geometry 2021
097023,Colico,current_name,,2021-12-31,ISTAT geometry 2021
097024,Colle Brianza,current_name,,2021-12-31,ISTAT geometry 2021
097024,Ravellino,historical_name,,1864-01-29,ISTAT SITUAS report 104
097024,Tegnone,historical_name,,1864-01-29,ISTAT SITUAS report 104
097025,Cortenova,current_name,,2021-12-31,ISTAT geometry 2021
097026,Brenno,historical_name,,1863-05-09,ISTAT SITUAS report 104
097026,Brenno della Torre,historical_name,,1863-05-09,ISTAT SITUAS report 104
097026,Costa Masnaga,current_name,,2021-12-31,ISTAT geometry 2021
097027,CRANDOLA,historical_name,1957-05-03,1962-07-02,ANPR historical archive
097027,Crandola Valsassina,current_name,,2021-12-31,ISTAT geometry 2021
097028,Cremella,current_name,,2021-12-31,ISTAT geometry 2021
097029,Cremeno,current_name,,2021-12-31,ISTAT geometry 2021
097030,Corenno,historical_name,,1864-03-11,ISTAT SITUAS report 104
097030,Corenno Plinio,historical_name,,1864-03-11,ISTAT SITUAS report 104
097030,Dervio,current_name,,2021-12-31,ISTAT geometry 2021
097031,Dolzago,current_name,,2021-12-31,ISTAT geometry 2021
097032,Dorio,current_name,,2021-12-31,ISTAT geometry 2021
097033,Ello,current_name,,2021-12-31,ISTAT geometry 2021
097034,Erve,current_name,,2021-12-31,ISTAT geometry 2021
097035,Esino Lario,current_name,,2021-12-31,ISTAT geometry 2021
097036,Galbiate,current_name,,2021-12-31,ISTAT geometry 2021
097036,Sala,historical_name,,1863-05-09,ISTAT SITUAS report 104
097036,Sala al Barro,historical_name,,1863-05-09,ISTAT SITUAS report 104
097036,Vergano,historical_name,,1863-05-09,ISTAT SITUAS report 104
097036,Villa Vergano,historical_name,,1863-05-09,ISTAT SITUAS report 104
097037,Garbagnate Monastero,current_name,,2021-12-31,ISTAT geometry 2021
097038,Garlate,current_name,,2021-12-31,ISTAT geometry 2021
097039,Imbersago,current_name,,2021-12-31,ISTAT geometry 2021
097040,Introbio,current_name,,2021-12-31,ISTAT geometry 2021
097042,Castello,historical_name,,1863-05-09,ISTAT SITUAS report 104
097042,Castello Sopra Lecco,historical_name,,1863-05-09,ISTAT SITUAS report 104
097042,Lecco,current_name,,2021-12-31,ISTAT geometry 2021
097042,Maggianico,historical_name,,1869-02-08,ISTAT SITUAS report 98
097042,Rancio,historical_name,,1863-05-09,ISTAT SITUAS report 104
097042,Rancio di Lecco,historical_name,,1863-05-09,ISTAT SITUAS report 104
097043,Lierna,current_name,,2021-12-31,ISTAT geometry 2021
097044,Lomagna,current_name,,2021-12-31,ISTAT geometry 2021
097045,Malgrate,current_name,,2021-12-31,ISTAT geometry 2021
097046,Mandello,historical_name,,1863-05-09,ISTAT SITUAS report 104
097046,Mandello del Lario,current_name,,2021-12-31,ISTAT geometry 2021
097047,Margno,current_name,,2021-12-31,ISTAT geometry 2021
097048,Merate,current_name,,2021-12-31,ISTAT geometry 2021
097048,Novate,historical_name,,1863-05-09,ISTAT SITUAS report 104
097048,Novate Brianza,historical_name,,1863-05-09,ISTAT SITUAS report 104
097048,Sartirana,historical_name,,1863-05-09,ISTAT SITUAS report 104
097048,Sartirana Briantea,historical_name,,1863-05-09,ISTAT SITUAS report 104
097049,Missaglia,current_name,,2021-12-31,ISTAT geometry 2021
097050,Moggio,current_name,,2021-12-31,ISTAT geometry 2021
097051,Molteno,current_name,,2021-12-31,ISTAT geometry 2021
097052,Monte Marenzo,current_name,,2021-12-31,ISTAT geometry 2021
097053,Montevecchia,current_name,,2021-12-31,ISTAT geometry 2021
097054,Monticello,election_source_name,1948-04-18,1948-04-18,official election source label
097054,Monticello Brianza,current_name,,2021-12-31,ISTAT geometry 2021
097055,Morterone,current_name,,2021-12-31,ISTAT geometry 2021
097056,Nibionno,current_name,,2021-12-31,ISTAT geometry 2021
097057,Oggiono,current_name,,2021-12-31,ISTAT geometry 2021
097058,Olgiate,historical_name,,1863-05-09,ISTAT SITUAS report 104
097058,OLGIATE CALCO,historical_name,1928-02-21,1953-09-12,ANPR historical archive
097058,Olgiate Molgora,current_name,,2021-12-31,ISTAT geometry 2021
097059,Olginate,current_name,,2021-12-31,ISTAT geometry 2021
097060,Oliveto Lario,current_name,,2021-12-31,ISTAT geometry 2021
097061,Osnago,current_name,,2021-12-31,ISTAT geometry 2021
097062,Paderno d'Adda,current_name,,2021-12-31,ISTAT geometry 2021
097063,Pagnona,current_name,,2021-12-31,ISTAT geometry 2021
097064,Parlasco,current_name,,2021-12-31,ISTAT geometry 2021
097065,Pasturo,current_name,,2021-12-31,ISTAT geometry 2021
097067,Perledo,current_name,,2021-12-31,ISTAT geometry 2021
097068,Pescate,current_name,,2021-12-31,ISTAT geometry 2021
097069,Premana,current_name,,2021-12-31,ISTAT geometry 2021
097070,Pessina,historical_name,,1863-05-09,ISTAT SITUAS report 104
097070,Pessina Valsassina,historical_name,,1863-05-09,ISTAT SITUAS report 104
097070,Primaluna,current_name,,2021-12-31,ISTAT geometry 2021
097071,Paderno,historical_name,,1863-05-09,ISTAT SITUAS report 104
097071,Paderno d'Adda,historical_name,,1863-05-09,ISTAT SITUAS report 104
097071,PADERNO ROBBIATE,historical_name,1933-12-01,1947-10-01,ANPR historical archive
097071,Robbiate,current_name,,2021-12-31,ISTAT geometry 2021
097071,Robbiate Paderno,historical_name,,1930-10-16,ISTAT SITUAS report 104
097072,Rogeno,current_name,,2021-12-31,ISTAT geometry 2021
097074,Santa Maria Hoè,current_name,,2021-12-31,ISTAT geometry 2021
097075,Sirone,current_name,,2021-12-31,ISTAT geometry 2021
097076,Sirtori,current_name,,2021-12-31,ISTAT geometry 2021
097077,Sueglio,current_name,,2021-12-31,ISTAT geometry 2021
097078,Suello,current_name,,2021-12-31,ISTAT geometry 2021
097079,Taceno,current_name,,2021-12-31,ISTAT geometry 2021
097082,Valgreghentino,current_name,,2021-12-31,ISTAT geometry 2021
097083,Valmadrera,current_name,,2021-12-31,ISTAT geometry 2021
097084,Varenna,current_name,,2021-12-31,ISTAT geometry 2021
097086,Vercurago,current_name,,2021-12-31,ISTAT geometry 2021
097090,Viganò,current_name,,2021-12-31,ISTAT geometry 2021
097091,Verderio,current_name,,2021-12-31,ISTAT geometry 2021
097091,VERDERIO INFERIORE,historical_name,1905-04-24,1992-04-15,ANPR historical archive
097091,VERDERIO SUPERIORE,historical_name,1905-04-24,1992-04-15,ANPR historical archive
097092,La Valletta Brianza,current_name,,2021-12-31,ISTAT geometry 2021
097092,PEREGO,historical_name,1953-09-13,1992-04-15,ANPR historical archive
097092,ROVAGNATE,historical_name,1953-09-13,1992-04-15,ANPR historical archive
097093,INTROZZO,historical_name,1861-03-17,1992-04-15,ANPR historical archive
097093,TREMENICO,historical_name,1861-03-17,1992-04-15,ANPR historical archive
097093,Valvarrone,current_name,,2021-12-31,ISTAT geometry 2021
097093,VESTRENO,historical_name,1861-03-17,1992-04-15,ANPR historical archive
098001,Abbadia Cerreto,current_name,,2021-12-31,ISTAT geometry 2021
098002,Bertonico,current_name,,2021-12-31,ISTAT geometry 2021
098003,Boffalora,historical_name,,1863-02-21,ISTAT SITUAS report 104
098003,Boffalora d'Adda,current_name,,2021-12-31,ISTAT geometry 2021
098004,Borghetto,historical_name,,1863-02-21,ISTAT SITUAS report 104
098004,Borghetto Lodigiano,current_name,,2021-12-31,ISTAT geometry 2021
098005,BORGO LITTORIO,historical_name,1929-03-15,1947-05-13,ANPR historical archive
098005,Borgo San Giovanni,current_name,,2021-12-31,ISTAT geometry 2021
098005,Cazzimani,historical_name,,1866-02-12,ISTAT SITUAS report 103
098006,Brembio,current_name,,2021-12-31,ISTAT geometry 2021
098008,Casaletto,historical_name,,1863-06-14,ISTAT SITUAS report 104
098008,Casaletto Lodigiano,current_name,,2021-12-31,ISTAT geometry 2021
098009,Casalmaiocco,current_name,,2021-12-31,ISTAT geometry 2021
098009,Cologno,historical_name,,1863-02-21,ISTAT SITUAS report 104
098010,Casalpusterlengo,current_name,,2021-12-31,ISTAT geometry 2021
098010,Casalusterlengo,election_source_name,1999-06-13,1999-06-13,official election source label
098011,Caselle Landi,current_name,,2021-12-31,ISTAT geometry 2021
098012,Caselle,historical_name,,1863-06-14,ISTAT SITUAS report 104
098012,Caselle Lurani,current_name,,2021-12-31,ISTAT geometry 2021
098013,Castelnuovo Bocca d'Adda,current_name,,2021-12-31,ISTAT geometry 2021
098014,Castiglione,historical_name,,1863-02-21,ISTAT SITUAS report 104
098014,Castiglione d'Adda,current_name,,2021-12-31,ISTAT geometry 2021
098015,Castiraga Vidardo,current_name,,2021-12-31,ISTAT geometry 2021
098017,Cavenago,historical_name,,1863-06-14,ISTAT SITUAS report 104
098017,Cavenago d'Adda,current_name,,2021-12-31,ISTAT geometry 2021
098018,Cervignano,historical_name,,1931-03-06,ISTAT SITUAS report 104
098018,Cervignano d'Adda,current_name,,2021-12-31,ISTAT geometry 2021
098019,Codogno,current_name,,2021-12-31,ISTAT geometry 2021
098020,Comazzo,current_name,,2021-12-31,ISTAT geometry 2021
098021,Cornegliano,historical_name,,1863-02-21,ISTAT SITUAS report 104
098021,Cornegliano Laudense,current_name,,2021-12-31,ISTAT geometry 2021
098022,Corno Giovine,current_name,,2021-12-31,ISTAT geometry 2021
098023,Cornovecchio,current_name,,2021-12-31,ISTAT geometry 2021
098024,Corte Palasio,current_name,,2021-12-31,ISTAT geometry 2021
098025,Crespiatica,current_name,,2021-12-31,ISTAT geometry 2021
098026,Fombio,current_name,,2021-12-31,ISTAT geometry 2021
098027,Galgagnano,current_name,,2021-12-31,ISTAT geometry 2021
098028,Graffignana,current_name,,2021-12-31,ISTAT geometry 2021
098029,Guardamiglio,current_name,,2021-12-31,ISTAT geometry 2021
098030,Livraga,current_name,,2021-12-31,ISTAT geometry 2021
098031,Chiosi d'Adda Vigadore,historical_name,,1870-09-01,ISTAT SITUAS report 100
098031,Chiosi Uniti con Bottedo,historical_name,,1874-01-01,ISTAT SITUAS report 98
098031,Lodi,current_name,,2021-12-31,ISTAT geometry 2021
098032,Lodi Vecchio,current_name,,2021-12-31,ISTAT geometry 2021
098033,Maccastorna,current_name,,2021-12-31,ISTAT geometry 2021
098034,Mairago,current_name,,2021-12-31,ISTAT geometry 2021
098035,Maleo,current_name,,2021-12-31,ISTAT geometry 2021
098036,Marudo,current_name,,2021-12-31,ISTAT geometry 2021
098037,Massalengo,current_name,,2021-12-31,ISTAT geometry 2021
098038,Meleti,current_name,,2021-12-31,ISTAT geometry 2021
098039,Merlino,current_name,,2021-12-31,ISTAT geometry 2021
098040,Montanaso,historical_name,,1864-04-01,ISTAT SITUAS report 104
098040,Montanaso Lombardo,current_name,,2021-12-31,ISTAT geometry 2021
098041,Mulazzano,current_name,,2021-12-31,ISTAT geometry 2021
098042,Orio,historical_name,,1863-02-21,ISTAT SITUAS report 104
098042,Orio Litta,current_name,,2021-12-31,ISTAT geometry 2021
098043,Ospedaletto,historical_name,,1863-02-21,ISTAT SITUAS report 104
098043,Ospedaletto Lodigiano,current_name,,2021-12-31,ISTAT geometry 2021
098044,Ossago Lodigiano,current_name,,2021-12-31,ISTAT geometry 2021
098045,Orgnaga,historical_name,,1879-08-01,ISTAT SITUAS report 104
098045,Pieve Fissiraga,current_name,,2021-12-31,ISTAT geometry 2021
098046,Salerano,historical_name,,1863-06-14,ISTAT SITUAS report 104
098046,Salerano sul Lambro,current_name,,2021-12-31,ISTAT geometry 2021
098047,San Fiorano,current_name,,2021-12-31,ISTAT geometry 2021
098048,San Martino in Strada,current_name,,2021-12-31,ISTAT geometry 2021
098048,Sesto,historical_name,,1863-02-21,ISTAT SITUAS report 104
098048,Sesto Pergola,historical_name,,1863-02-21,ISTAT SITUAS report 104
098049,Mezzana,historical_name,,1863-02-21,ISTAT SITUAS report 104
098049,Mezzana Casati,historical_name,,1863-02-21,ISTAT SITUAS report 104
098049,San Rocco al Porto,current_name,,2021-12-31,ISTAT geometry 2021
098050,Sant'Angelo,historical_name,,1864-03-11,ISTAT SITUAS report 104
098050,Sant'Angelo Lodigiano,current_name,,2021-12-31,ISTAT geometry 2021
098051,Santo Stefano,historical_name,,1863-06-14,ISTAT SITUAS report 104
098051,Santo Stefano al Corno,historical_name,,1863-06-14,ISTAT SITUAS report 104
098051,Santo Stefano Lodigiano,current_name,,2021-12-31,ISTAT geometry 2021
098052,Secugnago,current_name,,2021-12-31,ISTAT geometry 2021
098053,Mirabello,historical_name,,1863-02-21,ISTAT SITUAS report 104
098053,Mirabello San Bernardino,historical_name,,1863-02-21,ISTAT SITUAS report 104
098053,Senna,historical_name,,1863-02-21,ISTAT SITUAS report 104
098053,Senna Lodigiana,current_name,,2021-12-31,ISTAT geometry 2021
098054,Somaglia,current_name,,2021-12-31,ISTAT geometry 2021
098055,Sordio,current_name,,2021-12-31,ISTAT geometry 2021
098056,Modignano,historical_name,,1869-04-01,ISTAT SITUAS report 104
098056,Tavazzano con Villavesco,current_name,,2021-12-31,ISTAT geometry 2021
098056,Villaresco,historical_name,,1869-04-01,ISTAT SITUAS report 103
098056,VILLAVESCO,historical_name,1879-06-09,1963-11-23,ANPR historical archive
098057,Terranova,historical_name,,1863-02-21,ISTAT SITUAS report 104
098057,Terranova dei P,election_source_name,1948-04-18,1948-04-18,official election source label
098057,Terranova dei Passerini,current_name,,2021-12-31,ISTAT geometry 2021
098057,Terranuova dei Passerini,election_source_name,1946-06-02,1946-06-02,official election source label
098058,Robecco,historical_name,,1863-02-21,ISTAT SITUAS report 104
098058,Robecco Lodigiano,historical_name,,1863-02-21,ISTAT SITUAS report 104
098058,Turano,historical_name,,1869-03-22,ISTAT SITUAS report 103
098058,Turano Lodigiano,current_name,,2021-12-31,ISTAT geometry 2021
098059,Valera Fratta,current_name,,2021-12-31,ISTAT geometry 2021
098060,Mongiardino,historical_name,,1863-02-21,ISTAT SITUAS report 104
098060,Mongiardino Sillaro,historical_name,,1863-02-21,ISTAT SITUAS report 104
098060,Villanova,historical_name,,1863-02-21,ISTAT SITUAS report 104
098060,Villanova del Sillaro,current_name,,2021-12-31,ISTAT geometry 2021
098061,Zelo Buon Persico,current_name,,2021-12-31,ISTAT geometry 2021
098062,CAMAIRAGO,historical_name,1938-02-19,1992-04-15,ANPR historical archive
098062,Castelgerundo,current_name,,2021-12-31,ISTAT geometry 2021
098062,CAVACURTA,historical_name,1938-02-19,1992-04-15,ANPR historical archive
099001,Bellaria-Igea Marina,current_name,,2021-12-31,ISTAT geometry 2021
099002,Cattolica,current_name,,2021-12-31,ISTAT geometry 2021
099003,Coriano,current_name,,2021-12-31,ISTAT geometry 2021
099004,Gemmano,current_name,,2021-12-31,ISTAT geometry 2021
099005,Misano,historical_name,,1863-01-22,ISTAT SITUAS report 104
099005,Misano Adriatico,current_name,,2021-12-31,ISTAT geometry 2021
099005,Misano in Villa Vittoria,historical_name,,1863-01-22,ISTAT SITUAS report 104
099006,Mondaino,current_name,,2021-12-31,ISTAT geometry 2021
099008,Montefiore,historical_name,,1863-06-14,ISTAT SITUAS report 104
099008,Montefiore Conca,current_name,,2021-12-31,ISTAT geometry 2021
099008,Montefiorito,historical_name,,1863-06-14,ISTAT SITUAS report 104
099009,Montegridolfo,current_name,,2021-12-31,ISTAT geometry 2021
099011,Morciano,historical_name,,1865-04-02,ISTAT SITUAS report 104
099011,Morciano di Romagna,current_name,,2021-12-31,ISTAT geometry 2021
099013,Riccione,current_name,,2021-12-31,ISTAT geometry 2021
099014,Rimini,current_name,,2021-12-31,ISTAT geometry 2021
099015,Saludecio,current_name,,2021-12-31,ISTAT geometry 2021
099016,San Clemente,current_name,,2021-12-31,ISTAT geometry 2021
099017,Sam Giovanni in Marignano,election_source_name,1948-04-18,1948-04-18,official election source label
099017,San Giovanni in Marignano,current_name,,2021-12-31,ISTAT geometry 2021
099018,Sant'Arcangelo,historical_name,,1864-02-02,ISTAT SITUAS report 104
099018,Sant'Arcangelo di Romagna,historical_name,,1864-02-02,ISTAT SITUAS report 104
099018,Santarcangelo di Romagna,current_name,,2021-12-31,ISTAT geometry 2021
099020,Verucchio,current_name,,2021-12-31,ISTAT geometry 2021
099021,Casteldelci,current_name,,2021-12-31,ISTAT geometry 2021
099022,Maiolo,current_name,,2021-12-31,ISTAT geometry 2021
099023,Mercatino Marecchia,historical_name,,1907-04-20,ISTAT SITUAS report 100
099023,Novafeltria,current_name,,2021-12-31,ISTAT geometry 2021
099023,Talamello,historical_name,,1907-04-20,ISTAT SITUAS report 100
099024,Pennabilli,current_name,,2021-12-31,ISTAT geometry 2021
099025,San Leo,current_name,,2021-12-31,ISTAT geometry 2021
099026,Sant'Agata Feltria,current_name,,2021-12-31,ISTAT geometry 2021
099027,Talamello,current_name,,2021-12-31,ISTAT geometry 2021
099028,POGGIO BERNI,historical_name,1861-03-17,1992-04-15,ANPR historical archive
099028,Poggio Torriana,current_name,,2021-12-31,ISTAT geometry 2021
099028,Scorticata,historical_name,,1938-09-03,ISTAT SITUAS report 104
099028,TORRIANA,historical_name,1938-09-03,1978-12-20,ANPR historical archive
099029,MONTE COLOMBO,historical_name,1907-09-30,1992-04-15,ANPR historical archive
099029,MONTESCUDO,historical_name,1920-03-15,1992-04-15,ANPR historical archive
099029,Montescudo-Monte Colombo,current_name,,2021-12-31,ISTAT geometry 2021
099029,Montescudolo,historical_name,,1862-09-05,ISTAT SITUAS report 104
099030,Montecopiolo,current_name,,2021-12-31,ISTAT geometry 2021
099031,Sassofeltrio,current_name,,2021-12-31,ISTAT geometry 2021
100001,Cantagallo,current_name,,2021-12-31,ISTAT geometry 2021
100002,Carmignano,current_name,,2021-12-31,ISTAT geometry 2021
100003,Montemurlo,current_name,,2021-12-31,ISTAT geometry 2021
100004,Poggio a Caiano,current_name,,2021-12-31,ISTAT geometry 2021
100005,Prato,current_name,,2021-12-31,ISTAT geometry 2021
100005,Prato in Toscana,historical_name,,1863-06-14,ISTAT SITUAS report 104
100006,Vaiano,current_name,,2021-12-31,ISTAT geometry 2021
100007,Vernio,current_name,,2021-12-31,ISTAT geometry 2021
101001,Belvedere,historical_name,,1863-05-27,ISTAT SITUAS report 104
101001,Belvedere di Spinello,current_name,,2021-12-31,ISTAT geometry 2021
101001,Belvedere Spinello,election_source_name,1946-06-02,1946-06-02,official election source label
101002,Caccuri,current_name,,2021-12-31,ISTAT geometry 2021
101003,Carfizzi,current_name,,2021-12-31,ISTAT geometry 2021
101004,Casabona,current_name,,2021-12-31,ISTAT geometry 2021
101005,CASINO,historical_name,1861-03-17,1950-05-27,ANPR historical archive
101005,Castelsilano,current_name,,2021-12-31,ISTAT geometry 2021
101006,Cerenzia,current_name,,2021-12-31,ISTAT geometry 2021
101007,Cirò,current_name,,2021-12-31,ISTAT geometry 2021
101008,Cirò Marina,current_name,,2021-12-31,ISTAT geometry 2021
101009,Cotronei,current_name,,2021-12-31,ISTAT geometry 2021
101010,Cotrone,historical_name,,1929-03-12,ISTAT SITUAS report 104
101010,Crotone,current_name,,2021-12-31,ISTAT geometry 2021
101011,Crucoli,current_name,,2021-12-31,ISTAT geometry 2021
101012,Cutro,current_name,,2021-12-31,ISTAT geometry 2021
101013,Isola,historical_name,,1863-04-10,ISTAT SITUAS report 104
101013,Isola di Capo Rizzuto,current_name,,2021-12-31,ISTAT geometry 2021
101014,Melissa,current_name,,2021-12-31,ISTAT geometry 2021
101015,Mesoraca,current_name,,2021-12-31,ISTAT geometry 2021
101016,Pallagorio,current_name,,2021-12-31,ISTAT geometry 2021
101017,Petilia Policastro,current_name,,2021-12-31,ISTAT geometry 2021
101017,Policastro,historical_name,,1863-04-10,ISTAT SITUAS report 104
101018,Roccabernarda,current_name,,2021-12-31,ISTAT geometry 2021
101019,Rocca di Neto,current_name,,2021-12-31,ISTAT geometry 2021
101019,Rocca Ferdinandea,historical_name,,1863-06-21,ISTAT SITUAS report 104
101020,San Mauro,historical_name,,1863-09-27,ISTAT SITUAS report 104
101020,San Mauro Marchesato,current_name,,2021-12-31,ISTAT geometry 2021
101021,San Nicola,historical_name,,1863-09-27,ISTAT SITUAS report 104
101021,San Nicola dell'Alto,current_name,,2021-12-31,ISTAT geometry 2021
101022,Santa Severina,current_name,,2021-12-31,ISTAT geometry 2021
101023,Savelli,current_name,,2021-12-31,ISTAT geometry 2021
101024,Scandale,current_name,,2021-12-31,ISTAT geometry 2021
101025,Strongoli,current_name,,2021-12-31,ISTAT geometry 2021
101026,Umbriatico,current_name,,2021-12-31,ISTAT geometry 2021
101027,Verzino,current_name,,2021-12-31,ISTAT geometry 2021
102001,Acquaro,current_name,,2021-12-31,ISTAT geometry 2021
102002,Arena,current_name,,2021-12-31,ISTAT geometry 2021
102003,Briatico,current_name,,2021-12-31,ISTAT geometry 2021
102004,Brognaturo,current_name,,2021-12-31,ISTAT geometry 2021
102005,Capistrano,current_name,,2021-12-31,ISTAT geometry 2021
102006,Cessaniti,current_name,,2021-12-31,ISTAT geometry 2021
102007,Dasà,current_name,,2021-12-31,ISTAT geometry 2021
102008,Dinami,current_name,,2021-12-31,ISTAT geometry 2021
102009,Drapia,current_name,,2021-12-31,ISTAT geometry 2021
102010,Fabrizia,current_name,,2021-12-31,ISTAT geometry 2021
102011,Filadelfia,current_name,,2021-12-31,ISTAT geometry 2021
102012,Filandari,current_name,,2021-12-31,ISTAT geometry 2021
102013,Filogaso,current_name,,2021-12-31,ISTAT geometry 2021
102014,Francavilla,historical_name,,1863-05-27,ISTAT SITUAS report 104
102014,Francavilla Angitola,current_name,,2021-12-31,ISTAT geometry 2021
102015,Francica,current_name,,2021-12-31,ISTAT geometry 2021
102016,Gerocarne,current_name,,2021-12-31,ISTAT geometry 2021
102017,Jonadi,current_name,,2021-12-31,ISTAT geometry 2021
102018,Joppolo,current_name,,2021-12-31,ISTAT geometry 2021
102019,Limbadi,current_name,,2021-12-31,ISTAT geometry 2021
102020,Maierato,current_name,,2021-12-31,ISTAT geometry 2021
102021,Mileto,current_name,,2021-12-31,ISTAT geometry 2021
102022,Mongiana,current_name,,2021-12-31,ISTAT geometry 2021
102023,Monterosso,historical_name,,1863-04-10,ISTAT SITUAS report 104
102023,Monterosso Calabro,current_name,,2021-12-31,ISTAT geometry 2021
102024,Nardodipace,current_name,,2021-12-31,ISTAT geometry 2021
102025,Nicotera,current_name,,2021-12-31,ISTAT geometry 2021
102026,Parghelia,current_name,,2021-12-31,ISTAT geometry 2021
102027,Pizzo,current_name,,2021-12-31,ISTAT geometry 2021
102028,Pizzoni,current_name,,2021-12-31,ISTAT geometry 2021
102029,Polia,current_name,,2021-12-31,ISTAT geometry 2021
102030,Ricadi,current_name,,2021-12-31,ISTAT geometry 2021
102031,Rombiolo,current_name,,2021-12-31,ISTAT geometry 2021
102032,San Calogero,current_name,,2021-12-31,ISTAT geometry 2021
102033,San Costantino,historical_name,,1864-01-29,ISTAT SITUAS report 104
102033,San Costantino Calabro,current_name,,2021-12-31,ISTAT geometry 2021
102034,San Gregorio,historical_name,,1863-04-10,ISTAT SITUAS report 104
102034,San Gregorio d'Ippona,current_name,,2021-12-31,ISTAT geometry 2021
102035,San Nicola,historical_name,,1863-09-27,ISTAT SITUAS report 104
102035,San Nicola da Crissa,current_name,,2021-12-31,ISTAT geometry 2021
102036,Sant'Onofrio,current_name,,2021-12-31,ISTAT geometry 2021
102037,Serra,historical_name,,1863-04-10,ISTAT SITUAS report 104
102037,Serra San Bruno,current_name,,2021-12-31,ISTAT geometry 2021
102038,Simbario,current_name,,2021-12-31,ISTAT geometry 2021
102039,Sorianello,current_name,,2021-12-31,ISTAT geometry 2021
102040,Soriano,historical_name,,1877-12-04,ISTAT SITUAS report 104
102040,Soriano Calabro,current_name,,2021-12-31,ISTAT geometry 2021
102041,Spadola,current_name,,2021-12-31,ISTAT geometry 2021
102042,Spilinga,current_name,,2021-12-31,ISTAT geometry 2021
102043,Stefanaconi,current_name,,2021-12-31,ISTAT geometry 2021
102044,Tropea,current_name,,2021-12-31,ISTAT geometry 2021
102045,Vallelonga,current_name,,2021-12-31,ISTAT geometry 2021
102046,Vazzano,current_name,,2021-12-31,ISTAT geometry 2021
102047,Monteleone,historical_name,,1863-04-10,ISTAT SITUAS report 104
102047,Monteleone di Calabria,historical_name,,1863-04-10,ISTAT SITUAS report 104
102047,Vibo Valentia,current_name,,2021-12-31,ISTAT geometry 2021
102048,Zaccanopoli,current_name,,2021-12-31,ISTAT geometry 2021
102049,Zambrone,current_name,,2021-12-31,ISTAT geometry 2021
102050,Zungri,current_name,,2021-12-31,ISTAT geometry 2021
103001,Antrona Schieranco,current_name,,2021-12-31,ISTAT geometry 2021
103002,Anzola d'Ossola,current_name,,2021-12-31,ISTAT geometry 2021
103003,Arizzano,current_name,,2021-12-31,ISTAT geometry 2021
103003,Arizzano Superiore,historical_name,,1911-07-04,ISTAT SITUAS report 98
103004,Arola,current_name,,2021-12-31,ISTAT geometry 2021
103005,Aurano,current_name,,2021-12-31,ISTAT geometry 2021
103006,Baceno,current_name,,2021-12-31,ISTAT geometry 2021
103007,Bannio,historical_name,,1928-08-07,ISTAT SITUAS report 103
103007,Bannio Anzino,current_name,,2021-12-31,ISTAT geometry 2021
103008,Baveno,current_name,,2021-12-31,ISTAT geometry 2021
103009,Bee,current_name,,2021-12-31,ISTAT geometry 2021
103010,Belgirate,current_name,,2021-12-31,ISTAT geometry 2021
103011,Beura-Cardezza,current_name,,2021-12-31,ISTAT geometry 2021
103012,Bognanco,current_name,,2021-12-31,ISTAT geometry 2021
103013,Brovello-Carpugnino,current_name,,2021-12-31,ISTAT geometry 2021
103013,Graglia,historical_name,,1863-01-22,ISTAT SITUAS report 104
103013,Graglia Piana,historical_name,,1863-01-22,ISTAT SITUAS report 104
103014,Calasca,historical_name,,1928-09-06,ISTAT SITUAS report 104
103014,Calasca-Castiglione,current_name,,2021-12-31,ISTAT geometry 2021
103014,Castiglione,historical_name,,1863-01-22,ISTAT SITUAS report 104
103014,Castiglione d'Ossola,historical_name,,1863-01-22,ISTAT SITUAS report 104
103015,Cambiasca,current_name,,2021-12-31,ISTAT geometry 2021
103016,CANNERO,historical_name,1861-03-17,1947-06-30,ANPR historical archive
103016,Cannero Riviera,current_name,,2021-12-31,ISTAT geometry 2021
103017,Cannobio,current_name,,2021-12-31,ISTAT geometry 2021
103017,San Bartolomeo,historical_name,,1864-03-11,ISTAT SITUAS report 104
103017,San Bartolomeo Valmara,historical_name,,1864-03-11,ISTAT SITUAS report 104
103017,Sant'Agata,historical_name,,1863-01-22,ISTAT SITUAS report 104
103017,Sant'Agata sopra Cannobio,historical_name,,1863-01-22,ISTAT SITUAS report 104
103018,Caprezzo,current_name,,2021-12-31,ISTAT geometry 2021
103019,Buglio,historical_name,,1863-01-22,ISTAT SITUAS report 104
103019,Casale Corte Cerro,current_name,,2021-12-31,ISTAT geometry 2021
103019,Montebuglio,historical_name,,1863-01-22,ISTAT SITUAS report 104
103021,Borgone,historical_name,,1863-01-22,ISTAT SITUAS report 104
103021,Borgone d'Ossola,historical_name,,1863-01-22,ISTAT SITUAS report 104
103021,Ceppo Morelli,current_name,,2021-12-31,ISTAT geometry 2021
103022,Cesara,current_name,,2021-12-31,ISTAT geometry 2021
103023,Cossogno,current_name,,2021-12-31,ISTAT geometry 2021
103024,Craveggia,current_name,,2021-12-31,ISTAT geometry 2021
103025,Crevola,historical_name,,1863-01-22,ISTAT SITUAS report 104
103025,CREVOLA D'OSSOLA,historical_name,1928-03-07,1961-08-16,ANPR historical archive
103025,Crevoladossola,current_name,,2021-12-31,ISTAT geometry 2021
103026,Crodo,current_name,,2021-12-31,ISTAT geometry 2021
103028,Domodossola,current_name,,2021-12-31,ISTAT geometry 2021
103028,Vagna,historical_name,,1884-07-01,ISTAT SITUAS report 103
103029,Druogno,current_name,,2021-12-31,ISTAT geometry 2021
103031,Formazza,current_name,,2021-12-31,ISTAT geometry 2021
103032,Germagno,current_name,,2021-12-31,ISTAT geometry 2021
103033,Ghiffa,current_name,,2021-12-31,ISTAT geometry 2021
103033,San Maurizio,historical_name,,1863-01-22,ISTAT SITUAS report 104
103034,Gignese,current_name,,2021-12-31,ISTAT geometry 2021
103035,Gravellona Toce,current_name,,2021-12-31,ISTAT geometry 2021
103036,Gurro,current_name,,2021-12-31,ISTAT geometry 2021
103037,Intragna,current_name,,2021-12-31,ISTAT geometry 2021
103038,Loreglia,current_name,,2021-12-31,ISTAT geometry 2021
103039,Macugnaga,current_name,,2021-12-31,ISTAT geometry 2021
103040,Madonna del Sasso,current_name,,2021-12-31,ISTAT geometry 2021
103041,Malesco,current_name,,2021-12-31,ISTAT geometry 2021
103042,Masera,current_name,,2021-12-31,ISTAT geometry 2021
103043,Massiola,current_name,,2021-12-31,ISTAT geometry 2021
103044,Mergozzo,current_name,,2021-12-31,ISTAT geometry 2021
103045,Miazzina,current_name,,2021-12-31,ISTAT geometry 2021
103046,Montecrestese,current_name,,2021-12-31,ISTAT geometry 2021
103047,Montescheno,current_name,,2021-12-31,ISTAT geometry 2021
103048,Nonio,current_name,,2021-12-31,ISTAT geometry 2021
103049,Oggebbio,current_name,,2021-12-31,ISTAT geometry 2021
103050,Omegna,current_name,,2021-12-31,ISTAT geometry 2021
103051,Anzola,historical_name,,1864-03-11,ISTAT SITUAS report 104
103051,Anzola d'Ossola,historical_name,,1864-03-11,ISTAT SITUAS report 104
103051,Ornavasso,current_name,,2021-12-31,ISTAT geometry 2021
103052,Pallanzeno,current_name,,2021-12-31,ISTAT geometry 2021
103053,Piedimulera,current_name,,2021-12-31,ISTAT geometry 2021
103054,Pieve Vergonte,current_name,,2021-12-31,ISTAT geometry 2021
103055,Premeno,current_name,,2021-12-31,ISTAT geometry 2021
103056,Premia,current_name,,2021-12-31,ISTAT geometry 2021
103057,PREMOSELLO,historical_name,1928-07-28,1960-02-12,ANPR historical archive
103057,Premosello-Chiovenda,current_name,,2021-12-31,ISTAT geometry 2021
103058,Quarna Sopra,current_name,,2021-12-31,ISTAT geometry 2021
103059,Quarna Sotto,current_name,,2021-12-31,ISTAT geometry 2021
103060,Re,current_name,,2021-12-31,ISTAT geometry 2021
103061,Bieno,historical_name,,1875-03-01,ISTAT SITUAS report 103
103061,San Bernardino Ver,election_source_name,1948-04-18,1948-04-18,official election source label
103061,San Bernardino Verbano,current_name,,2021-12-31,ISTAT geometry 2021
103062,Santa Maria Maggiore,current_name,,2021-12-31,ISTAT geometry 2021
103064,Chignolo,historical_name,,1863-01-22,ISTAT SITUAS report 104
103064,Chignolo Verbano,historical_name,,1863-01-22,ISTAT SITUAS report 104
103064,Stresa,current_name,,2021-12-31,ISTAT geometry 2021
103064,STRESA BORROMEO,historical_name,1928-05-29,1946-10-26,ANPR historical archive
103065,Toceno,current_name,,2021-12-31,ISTAT geometry 2021
103066,Trarego,historical_name,,1928-09-09,ISTAT SITUAS report 103
103066,Trarego Viggiona,current_name,,2021-12-31,ISTAT geometry 2021
103067,Trasquera,current_name,,2021-12-31,ISTAT geometry 2021
103068,Trontano,current_name,,2021-12-31,ISTAT geometry 2021
103069,Campello,historical_name,,1863-01-22,ISTAT SITUAS report 104
103069,Campello Monti,historical_name,,1863-01-22,ISTAT SITUAS report 104
103069,Fornero,historical_name,,1884-10-01,ISTAT SITUAS report 103
103069,Massiola,historical_name,,1884-10-01,ISTAT SITUAS report 103
103069,Valstrona,current_name,,2021-12-31,ISTAT geometry 2021
103070,San Carlo,historical_name,,1863-01-22,ISTAT SITUAS report 104
103070,San Carlo d'Ossola,historical_name,,1863-01-22,ISTAT SITUAS report 104
103070,Vanzone,historical_name,,1875-06-09,ISTAT SITUAS report 104
103070,Vanzone con San Carlo,current_name,,2021-12-31,ISTAT geometry 2021
103071,Varzo,current_name,,2021-12-31,ISTAT geometry 2021
103072,Arizzano Inferiore,historical_name,,1911-07-04,ISTAT SITUAS report 98
103072,Intra,historical_name,,1927-12-04,ISTAT SITUAS report 98
103072,Pallanza,historical_name,,1875-03-01,ISTAT SITUAS report 103
103072,Verbania,current_name,,2021-12-31,ISTAT geometry 2021
103074,Vignone,current_name,,2021-12-31,ISTAT geometry 2021
103075,Villa,historical_name,,1863-01-22,ISTAT SITUAS report 104
103075,Villadossola,current_name,,2021-12-31,ISTAT geometry 2021
103076,Villette,current_name,,2021-12-31,ISTAT geometry 2021
103077,Vogogna,current_name,,2021-12-31,ISTAT geometry 2021
103078,Borgomezzavalle,current_name,,2021-12-31,ISTAT geometry 2021
103078,SEPPIANA,historical_name,1956-05-20,1992-05-22,ANPR historical archive
103078,VIGANELLA,historical_name,1956-05-20,1992-05-22,ANPR historical archive
103079,Cavaglio,historical_name,,1863-01-22,ISTAT SITUAS report 104
103079,Cavaglio San Donnino,historical_name,,1863-01-22,ISTAT SITUAS report 104
103079,CAVAGLIO-SPOCCIA,historical_name,1927-12-31,1992-05-22,ANPR historical archive
103079,CURSOLO-ORASSO,historical_name,1928-01-26,1992-05-22,ANPR historical archive
103079,FALMENTA,historical_name,1861-03-17,1992-05-22,ANPR historical archive
103079,Valle Cannobina,current_name,,2021-12-31,ISTAT geometry 2021
108001,Agrate,historical_name,,1863-01-22,ISTAT SITUAS report 104
108001,Agrate Brianza,current_name,,2021-12-31,ISTAT geometry 2021
108002,Aicurzio,current_name,,2021-12-31,ISTAT geometry 2021
108003,Albiate,current_name,,2021-12-31,ISTAT geometry 2021
108004,Arcore,current_name,,2021-12-31,ISTAT geometry 2021
108005,Barlassina,current_name,,2021-12-31,ISTAT geometry 2021
108006,Bellusco,current_name,,2021-12-31,ISTAT geometry 2021
108007,Bernareggio,current_name,,2021-12-31,ISTAT geometry 2021
108007,Ronco,historical_name,,1863-02-21,ISTAT SITUAS report 104
108007,Ronco Briantino,historical_name,,1863-02-21,ISTAT SITUAS report 104
108007,Villanova,historical_name,,1863-01-22,ISTAT SITUAS report 104
108007,Villanova Vimercate,historical_name,,1863-01-22,ISTAT SITUAS report 104
108008,Besana,historical_name,,1864-03-11,ISTAT SITUAS report 104
108008,Besana in Brianza,current_name,,2021-12-31,ISTAT geometry 2021
108008,Cazzano,historical_name,,1863-01-22,ISTAT SITUAS report 104
108008,Cazzano Befana,historical_name,,1863-01-22,ISTAT SITUAS report 104
108008,Cazzano Besana,historical_name,,1864-01-16,ISTAT SITUAS report 104
108008,Monte,historical_name,,1863-01-22,ISTAT SITUAS report 104
108008,Montesiro,historical_name,,1863-01-22,ISTAT SITUAS report 104
108008,Valle,historical_name,,1863-01-22,ISTAT SITUAS report 104
108008,Valle Guidino,historical_name,,1863-01-22,ISTAT SITUAS report 104
108009,Biassono,current_name,,2021-12-31,ISTAT geometry 2021
108010,BOVISIO,historical_name,1861-03-17,1947-08-07,ANPR historical archive
108010,Bovisio-Masciago,current_name,,2021-12-31,ISTAT geometry 2021
108010,Masciago,historical_name,,1862-08-22,ISTAT SITUAS report 104
108010,Masciago Milanese,historical_name,,1862-08-22,ISTAT SITUAS report 104
108011,Briosco,current_name,,2021-12-31,ISTAT geometry 2021
108011,Capriano,historical_name,,1863-02-21,ISTAT SITUAS report 104
108011,Capriano di Brianza,historical_name,,1863-02-21,ISTAT SITUAS report 104
108012,Brugherio,current_name,,2021-12-31,ISTAT geometry 2021
108012,San Damiano,historical_name,,1863-02-21,ISTAT SITUAS report 104
108012,San Damiano di Monza,historical_name,,1863-02-21,ISTAT SITUAS report 104
108013,Burago,historical_name,,1863-01-22,ISTAT SITUAS report 104
108013,Burago di Molgora,current_name,,2021-12-31,ISTAT geometry 2021
108014,Camparada,current_name,,2021-12-31,ISTAT geometry 2021
108015,Carate,historical_name,,1863-05-12,ISTAT SITUAS report 104
108015,Carate Brianza,current_name,,2021-12-31,ISTAT geometry 2021
108015,Costa al Lambro,historical_name,,1863-01-22,ISTAT SITUAS report 104
108015,Costa Lombarda,historical_name,,1863-01-22,ISTAT SITUAS report 104
108016,Carnate,current_name,,2021-12-31,ISTAT geometry 2021
108017,Cavenago,historical_name,,1863-06-14,ISTAT SITUAS report 104
108017,Cavenago di Brianza,current_name,,2021-12-31,ISTAT geometry 2021
108018,Ceriano,historical_name,,1864-03-11,ISTAT SITUAS report 104
108018,Ceriano Laghetto,current_name,,2021-12-31,ISTAT geometry 2021
108019,Cesano Maderno,current_name,,2021-12-31,ISTAT geometry 2021
108020,Cogliate,current_name,,2021-12-31,ISTAT geometry 2021
108021,Concorezzo,current_name,,2021-12-31,ISTAT geometry 2021
108022,Correzzana,current_name,,2021-12-31,ISTAT geometry 2021
108023,Desio,current_name,,2021-12-31,ISTAT geometry 2021
108024,Giussano,current_name,,2021-12-31,ISTAT geometry 2021
108025,Lazzate,current_name,,2021-12-31,ISTAT geometry 2021
108026,Lesmo,current_name,,2021-12-31,ISTAT geometry 2021
108027,Limbiate,current_name,,2021-12-31,ISTAT geometry 2021
108028,Lissone,current_name,,2021-12-31,ISTAT geometry 2021
108029,Macherio,current_name,,2021-12-31,ISTAT geometry 2021
108030,Meda,current_name,,2021-12-31,ISTAT geometry 2021
108031,Mezzago,current_name,,2021-12-31,ISTAT geometry 2021
108032,Misinto,current_name,,2021-12-31,ISTAT geometry 2021
108033,Monza,current_name,,2021-12-31,ISTAT geometry 2021
108034,Muggiò,current_name,,2021-12-31,ISTAT geometry 2021
108035,Nova,historical_name,,1928-08-16,ISTAT SITUAS report 104
108035,Nova Milanese,current_name,,2021-12-31,ISTAT geometry 2021
108036,Ornago,current_name,,2021-12-31,ISTAT geometry 2021
108037,Renate,current_name,,2021-12-31,ISTAT geometry 2021
108037,RENATE VEDUGGIO,historical_name,1929-04-11,1956-04-07,ANPR historical archive
108037,Veduggio con Colzano,historical_name,,1866-02-09,ISTAT SITUAS report 100
108038,Ronco Briantino,current_name,,2021-12-31,ISTAT geometry 2021
108039,Seregno,current_name,,2021-12-31,ISTAT geometry 2021
108040,Seveso,current_name,,2021-12-31,ISTAT geometry 2021
108041,Sovico,current_name,,2021-12-31,ISTAT geometry 2021
108042,Sulbiate,current_name,,2021-12-31,ISTAT geometry 2021
108043,Triuggio,current_name,,2021-12-31,ISTAT geometry 2021
108043,Truggio,election_source_name,2006-04-09,2006-04-09,official election source label
108044,Usmate Velate,current_name,,2021-12-31,ISTAT geometry 2021
108044,Velate,historical_name,,1863-01-22,ISTAT SITUAS report 104
108044,Velate Milanese,historical_name,,1863-01-22,ISTAT SITUAS report 104
108045,Varedo,current_name,,2021-12-31,ISTAT geometry 2021
108046,Vedano,historical_name,,1863-01-22,ISTAT SITUAS report 104
108046,Vedano al Lambro,current_name,,2021-12-31,ISTAT geometry 2021
108047,Veduggio con Colzano,current_name,,2021-12-31,ISTAT geometry 2021
108048,Verano,historical_name,,1928-03-09,ISTAT SITUAS report 104
108048,Verano Brianza,current_name,,2021-12-31,ISTAT geometry 2021
108049,Villa San Fiorano,historical_name,,1929-01-22,ISTAT SITUAS report 103
108049,Villa Sant Anselmo,election_source_name,1946-06-02,1946-06-02,official election source label
108049,Villasanta,current_name,,2021-12-31,ISTAT geometry 2021
108050,Vimercate,current_name,,2021-12-31,ISTAT geometry 2021
108051,Busnago,current_name,,2021-12-31,ISTAT geometry 2021
108052,Caponago,current_name,,2021-12-31,ISTAT geometry 2021
108053,Cornate,historical_name,,1924-03-15,ISTAT SITUAS report 104
108053,Cornate d'Adda,current_name,,2021-12-31,ISTAT geometry 2021
108054,Lentate,historical_name,,1863-01-22,ISTAT SITUAS report 104
108054,Lentate sul Seveso,current_name,,2021-12-31,ISTAT geometry 2021
108055,Roncello,current_name,,2021-12-31,ISTAT geometry 2021
109001,Altidona,current_name,,2021-12-31,ISTAT geometry 2021
109002,Amandola,current_name,,2021-12-31,ISTAT geometry 2021
109003,Belmonte,historical_name,,1863-02-21,ISTAT SITUAS report 104
109003,Belmonte Piceno,current_name,,2021-12-31,ISTAT geometry 2021
109004,Campofilone,current_name,,2021-12-31,ISTAT geometry 2021
109005,Falerone,current_name,,2021-12-31,ISTAT geometry 2021
109006,Fermo,current_name,,2021-12-31,ISTAT geometry 2021
109007,Francavilla,historical_name,,1863-02-21,ISTAT SITUAS report 104
109007,Francavilla d'Ete,current_name,,2021-12-31,ISTAT geometry 2021
109008,Grottazzolina,current_name,,2021-12-31,ISTAT geometry 2021
109009,Lapedona,current_name,,2021-12-31,ISTAT geometry 2021
109010,Magliano,historical_name,,1862-12-18,ISTAT SITUAS report 104
109010,Magliano di Tenna,current_name,,2021-12-31,ISTAT geometry 2021
109011,Massa,historical_name,,1862-12-18,ISTAT SITUAS report 104
109011,Massa Fermana,current_name,,2021-12-31,ISTAT geometry 2021
109012,Monsampietro Morico,current_name,,2021-12-31,ISTAT geometry 2021
109013,Montappone,current_name,,2021-12-31,ISTAT geometry 2021
109014,Montefalcone,historical_name,,1862-12-18,ISTAT SITUAS report 104
109014,Montefalcone Appennino,current_name,,2021-12-31,ISTAT geometry 2021
109015,Montefortino,current_name,,2021-12-31,ISTAT geometry 2021
109016,Monte Giberto,current_name,,2021-12-31,ISTAT geometry 2021
109017,Alteta,historical_name,,1869-06-01,ISTAT SITUAS report 103
109017,Montegiorgio,current_name,,2021-12-31,ISTAT geometry 2021
109018,Montegranaro,current_name,,2021-12-31,ISTAT geometry 2021
109019,Monteleone,historical_name,,1864-02-14,ISTAT SITUAS report 104
109019,Monteleone di Fermo,current_name,,2021-12-31,ISTAT geometry 2021
109020,Montelparo,current_name,,2021-12-31,ISTAT geometry 2021
109021,Monte Rinaldo,current_name,,2021-12-31,ISTAT geometry 2021
109022,Monterubbiano,current_name,,2021-12-31,ISTAT geometry 2021
109023,Monte San Pietrangeli,current_name,,2021-12-31,ISTAT geometry 2021
109024,Monte Urano,current_name,,2021-12-31,ISTAT geometry 2021
109025,Monte Vidon Combatte,current_name,,2021-12-31,ISTAT geometry 2021
109026,Monte Vidon Corrado,current_name,,2021-12-31,ISTAT geometry 2021
109027,Montottone,current_name,,2021-12-31,ISTAT geometry 2021
109028,Moresco,current_name,,2021-12-31,ISTAT geometry 2021
109029,Ortezzano,current_name,,2021-12-31,ISTAT geometry 2021
109030,Pedaso,current_name,,2021-12-31,ISTAT geometry 2021
109031,Petritoli,current_name,,2021-12-31,ISTAT geometry 2021
109032,Ponzano,historical_name,,1862-12-18,ISTAT SITUAS report 104
109032,Ponzano di Fermo,current_name,,2021-12-31,ISTAT geometry 2021
109033,Porto San Giorgio,current_name,,2021-12-31,ISTAT geometry 2021
109034,Porto Sant'Elpidio,current_name,,2021-12-31,ISTAT geometry 2021
109035,Rapagnano,current_name,,2021-12-31,ISTAT geometry 2021
109036,Santa Vittoria,historical_name,,1862-12-18,ISTAT SITUAS report 104
109036,Santa Vittoria in Matemano,election_source_name,2006-04-09,2006-04-09,official election source label
109036,Santa Vittoria in Matenano,current_name,,2021-12-31,ISTAT geometry 2021
109037,Sant'Elidio A Mare,election_source_name,1999-06-13,1999-06-13,official election source label
109037,Sant'Elpidio a Mare,current_name,,2021-12-31,ISTAT geometry 2021
109038,Castel Clementino,historical_name,,1863-02-21,ISTAT SITUAS report 104
109038,Servigliano,current_name,,2021-12-31,ISTAT geometry 2021
109039,Smerillo,current_name,,2021-12-31,ISTAT geometry 2021
109040,Torre San Patrizio,current_name,,2021-12-31,ISTAT geometry 2021
110001,Andria,current_name,,2021-12-31,ISTAT geometry 2021
110002,Barletta,current_name,,2021-12-31,ISTAT geometry 2021
110003,Bisceglie,current_name,,2021-12-31,ISTAT geometry 2021
110004,Canosa,historical_name,,1863-05-10,ISTAT SITUAS report 104
110004,Canosa di Puglia,current_name,,2021-12-31,ISTAT geometry 2021
110005,Margherita di Savoia,current_name,,2021-12-31,ISTAT geometry 2021
110005,Saline di Barletta,historical_name,,1879-02-25,ISTAT SITUAS report 104
110006,Minervino,historical_name,,1863-05-10,ISTAT SITUAS report 104
110006,Minervino Murge,current_name,,2021-12-31,ISTAT geometry 2021
110007,San Ferdinando,historical_name,,1863-05-10,ISTAT SITUAS report 104
110007,San Ferdinando di Puglia,current_name,,2021-12-31,ISTAT geometry 2021
110008,Spinazzola,current_name,,2021-12-31,ISTAT geometry 2021
110009,Trani,current_name,,2021-12-31,ISTAT geometry 2021
110010,Casaltrinità,historical_name,,1863-05-27,ISTAT SITUAS report 104
110010,Trinitapoli,current_name,,2021-12-31,ISTAT geometry 2021
111001,Abbasanta,historical_name,,1974-08-20,ISTAT SITUAS report 105
111001,Arbus,current_name,,2021-12-31,ISTAT geometry 2021
111002,Aidomaggiore,historical_name,,1974-08-20,ISTAT SITUAS report 105
111002,Armungia,current_name,,2021-12-31,ISTAT geometry 2021
111003,Allai,historical_name,,1974-08-20,ISTAT SITUAS report 105
111003,Ballao,current_name,,2021-12-31,ISTAT geometry 2021
111004,Arborea,historical_name,,1974-08-20,ISTAT SITUAS report 105
111004,Barrali,current_name,,2021-12-31,ISTAT geometry 2021
111005,Arbus,historical_name,,1974-08-20,ISTAT SITUAS report 105
111005,Barrumini,election_source_name,1948-04-18,1948-04-18,official election source label
111005,Barumini,current_name,,2021-12-31,ISTAT geometry 2021
111006,Ardauli,historical_name,,1974-08-20,ISTAT SITUAS report 105
111006,Buggerru,current_name,,2021-12-31,ISTAT geometry 2021
111007,Armungia,historical_name,,1974-08-20,ISTAT SITUAS report 105
111007,Burcei,current_name,,2021-12-31,ISTAT geometry 2021
111008,Assolo,historical_name,,1974-08-20,ISTAT SITUAS report 105
111008,Calasetta,current_name,,2021-12-31,ISTAT geometry 2021
111009,Ballao,historical_name,,1974-08-20,ISTAT SITUAS report 105
111009,Carbonia,current_name,,2021-12-31,ISTAT geometry 2021
111010,Baradili,historical_name,,1974-08-20,ISTAT SITUAS report 105
111010,Carloforte,current_name,,2021-12-31,ISTAT geometry 2021
111011,Castiadas,current_name,,2021-12-31,ISTAT geometry 2021
111011,Sant'Andrea Frius,historical_name,,1974-08-20,ISTAT SITUAS report 105
111012,Baratili San Pietro,historical_name,,1974-08-20,ISTAT SITUAS report 105
111012,Collinas,current_name,,2021-12-31,ISTAT geometry 2021
111012,Forru,historical_name,,1864-01-29,ISTAT SITUAS report 104
111013,Barrali,historical_name,,1974-08-20,ISTAT SITUAS report 105
111013,Decimoputzu,current_name,,2021-12-31,ISTAT geometry 2021
111014,Barumini,historical_name,,1974-08-20,ISTAT SITUAS report 105
111014,Dolianova,current_name,,2021-12-31,ISTAT geometry 2021
111014,Sicci,historical_name,,1868-02-14,ISTAT SITUAS report 104
111014,Sicci San Biagio,historical_name,,1868-02-14,ISTAT SITUAS report 104
111015,Bauladu,historical_name,,1974-08-20,ISTAT SITUAS report 105
111015,Domus de Maria,current_name,,2021-12-31,ISTAT geometry 2021
111015,Domusdemaria,election_source_name,1953-06-07,1953-06-07,official election source label
111016,Bidonì,historical_name,,1974-08-20,ISTAT SITUAS report 105
111016,Domusnovas,current_name,,2021-12-31,ISTAT geometry 2021
111017,Bonarcado,historical_name,,1974-08-20,ISTAT SITUAS report 105
111017,Donori,current_name,,2021-12-31,ISTAT geometry 2021
111018,Escalaplano,current_name,,2021-12-31,ISTAT geometry 2021
111018,San Vero Milis,historical_name,,1974-08-20,ISTAT SITUAS report 105
111019,Escola,election_source_name,1948-04-18,1948-04-18,official election source label
111019,Escolca,current_name,,2021-12-31,ISTAT geometry 2021
111019,San Vito,historical_name,,1974-08-20,ISTAT SITUAS report 105
111020,Esterzili,current_name,,2021-12-31,ISTAT geometry 2021
111020,Sardara,historical_name,,1974-08-20,ISTAT SITUAS report 105
111021,Boroneddu,historical_name,,1974-08-20,ISTAT SITUAS report 105
111021,Fluminimaggiore,current_name,,2021-12-31,ISTAT geometry 2021
111022,Buggerru,historical_name,,1974-08-20,ISTAT SITUAS report 105
111022,Furtei,current_name,,2021-12-31,ISTAT geometry 2021
111023,Genoni,current_name,,2021-12-31,ISTAT geometry 2021
111024,Burcei,historical_name,,1974-08-20,ISTAT SITUAS report 105
111024,Genuri,current_name,,2021-12-31,ISTAT geometry 2021
111025,Gergei,current_name,,2021-12-31,ISTAT geometry 2021
111025,Sarroch,historical_name,,1974-08-20,ISTAT SITUAS report 105
111026,Busachi,historical_name,,1974-08-20,ISTAT SITUAS report 105
111026,Gesico,current_name,,2021-12-31,ISTAT geometry 2021
111027,Cabras,historical_name,,1974-08-20,ISTAT SITUAS report 105
111027,Gesturi,current_name,,2021-12-31,ISTAT geometry 2021
111028,Cagliari,historical_name,,1974-08-20,ISTAT SITUAS report 105
111028,Giba,current_name,,2021-12-31,ISTAT geometry 2021
111028,Villarios,historical_name,,1866-06-10,ISTAT SITUAS report 104
111028,Villarios Masainas,historical_name,,1866-06-10,ISTAT SITUAS report 104
111029,Calasetta,historical_name,,1974-08-20,ISTAT SITUAS report 105
111029,Goni,current_name,,2021-12-31,ISTAT geometry 2021
111030,Capoterra,historical_name,,1974-08-20,ISTAT SITUAS report 105
111030,Gonnesa,current_name,,2021-12-31,ISTAT geometry 2021
111031,Carbonia,historical_name,,1974-08-20,ISTAT SITUAS report 105
111031,Gonnasfanadiga,election_source_name,2006-04-09,2006-04-09,official election source label
111031,Gonnosfanadiga,current_name,,2021-12-31,ISTAT geometry 2021
111032,Carloforte,historical_name,,1974-08-20,ISTAT SITUAS report 105
111032,Guamaggiore,current_name,,2021-12-31,ISTAT geometry 2021
111033,Collinas,historical_name,,1974-08-20,ISTAT SITUAS report 105
111033,Guasila,current_name,,2021-12-31,ISTAT geometry 2021
111034,Decimomannu,historical_name,,1974-08-20,ISTAT SITUAS report 105
111034,Gusini,election_source_name,1999-06-13,1999-06-13,official election source label
111034,Guspini,current_name,,2021-12-31,ISTAT geometry 2021
111035,Decimoputzu,historical_name,,1974-08-20,ISTAT SITUAS report 105
111035,Iglesias,current_name,,2021-12-31,ISTAT geometry 2021
111036,Isili,current_name,,2021-12-31,ISTAT geometry 2021
111036,Sedilo,historical_name,,1974-08-20,ISTAT SITUAS report 105
111037,Dolianova,historical_name,,1974-08-20,ISTAT SITUAS report 105
111037,Las Plassas,current_name,,2021-12-31,ISTAT geometry 2021
111037,Lasplassas,election_source_name,1953-06-07,1953-06-07,official election source label
111038,Domus de Maria,historical_name,,1974-08-20,ISTAT SITUAS report 105
111038,Lunamatrona,current_name,,2021-12-31,ISTAT geometry 2021
111039,Domusnovas,historical_name,,1974-08-20,ISTAT SITUAS report 105
111039,Mandas,current_name,,2021-12-31,ISTAT geometry 2021
111040,Masainas,current_name,,2021-12-31,ISTAT geometry 2021
111041,Gonnosnò,historical_name,,1974-08-20,ISTAT SITUAS report 105
111041,Monastir,current_name,,2021-12-31,ISTAT geometry 2021
111042,Fluminimaggiore,historical_name,,1974-08-20,ISTAT SITUAS report 105
111042,Muravera,current_name,,2021-12-31,ISTAT geometry 2021
111043,Fordongianus,historical_name,,1974-08-20,ISTAT SITUAS report 105
111043,Musei,current_name,,2021-12-31,ISTAT geometry 2021
111044,Furtei,historical_name,,1974-08-20,ISTAT SITUAS report 105
111044,Narcao,current_name,,2021-12-31,ISTAT geometry 2021
111045,Nuragus,current_name,,2021-12-31,ISTAT geometry 2021
111045,Segariu,historical_name,,1974-08-20,ISTAT SITUAS report 105
111046,Nurallao,current_name,,2021-12-31,ISTAT geometry 2021
111046,Selargius,historical_name,,1974-08-20,ISTAT SITUAS report 105
111047,Genuri,historical_name,,1974-08-20,ISTAT SITUAS report 105
111047,Nuraminis,current_name,,2021-12-31,ISTAT geometry 2021
111048,Nurri,current_name,,2021-12-31,ISTAT geometry 2021
111048,Selegas,historical_name,,1974-08-20,ISTAT SITUAS report 105
111049,Gesico,historical_name,,1974-08-20,ISTAT SITUAS report 105
111049,Nuxis,current_name,,2021-12-31,ISTAT geometry 2021
111050,Orroli,current_name,,2021-12-31,ISTAT geometry 2021
111050,Seneghe,historical_name,,1974-08-20,ISTAT SITUAS report 105
111051,Gesturi,historical_name,,1974-08-20,ISTAT SITUAS report 105
111051,Ortacesus,current_name,,2021-12-31,ISTAT geometry 2021
111052,Ghilarza,historical_name,,1974-08-20,ISTAT SITUAS report 105
111052,Pabillonis,current_name,,2021-12-31,ISTAT geometry 2021
111053,Giba,historical_name,,1974-08-20,ISTAT SITUAS report 105
111053,Pauli Arbarei,current_name,,2021-12-31,ISTAT geometry 2021
111054,Goni,historical_name,,1974-08-20,ISTAT SITUAS report 105
111054,Perdaxius,current_name,,2021-12-31,ISTAT geometry 2021
111055,Gonnesa,historical_name,,1974-08-20,ISTAT SITUAS report 105
111055,Pimentel,current_name,,2021-12-31,ISTAT geometry 2021
111056,Piscinas,current_name,,2021-12-31,ISTAT geometry 2021
111056,Sant'Antioco,historical_name,,1974-08-20,ISTAT SITUAS report 105
111057,Gonnoscodina,historical_name,,1974-08-20,ISTAT SITUAS report 105
111057,Portoscuso,current_name,,2021-12-31,ISTAT geometry 2021
111058,Sadali,current_name,,2021-12-31,ISTAT geometry 2021
111058,Senis,historical_name,,1974-08-20,ISTAT SITUAS report 105
111059,Guamaggiore,historical_name,,1974-08-20,ISTAT SITUAS report 105
111059,Samassi,current_name,,2021-12-31,ISTAT geometry 2021
111060,Guasila,historical_name,,1974-08-20,ISTAT SITUAS report 105
111060,Samatzai,current_name,,2021-12-31,ISTAT geometry 2021
111061,Guspini,historical_name,,1974-08-20,ISTAT SITUAS report 105
111061,San Basilio,current_name,,2021-12-31,ISTAT geometry 2021
111062,Iglesias,historical_name,,1974-08-20,ISTAT SITUAS report 105
111062,San Gavino,historical_name,,1864-01-29,ISTAT SITUAS report 104
111062,San Gavino Monreale,current_name,,2021-12-31,ISTAT geometry 2021
111062,San Giovino Monreale,election_source_name,1953-06-07,1953-06-07,official election source label
111063,Las Plassas,historical_name,,1974-08-20,ISTAT SITUAS report 105
111063,Palmas,historical_name,,1862-10-15,ISTAT SITUAS report 104
111063,PALMAS SUERGIU,historical_name,1862-09-29,1950-06-10,ANPR historical archive
111063,San Giovanni Suergiu,current_name,,2021-12-31,ISTAT geometry 2021
111064,Mandas,historical_name,,1974-08-20,ISTAT SITUAS report 105
111064,Pauli Gerrei,historical_name,,1864-01-29,ISTAT SITUAS report 104
111064,San Nicolò Gerrei,current_name,,2021-12-31,ISTAT geometry 2021
111065,Maracalagonis,historical_name,,1974-08-20,ISTAT SITUAS report 105
111065,San Serate,election_source_name,1999-06-13,1999-06-13,official election source label
111065,San Sperate,current_name,,2021-12-31,ISTAT geometry 2021
111066,Mogoro,historical_name,,1974-08-20,ISTAT SITUAS report 105
111066,San Vito,current_name,,2021-12-31,ISTAT geometry 2021
111067,Lunamatrona,historical_name,,1974-08-20,ISTAT SITUAS report 105
111067,Sanluri,current_name,,2021-12-31,ISTAT geometry 2021
111068,Marrubiu,historical_name,,1974-08-20,ISTAT SITUAS report 105
111068,Santadi,current_name,,2021-12-31,ISTAT geometry 2021
111069,Masullas,historical_name,,1974-08-20,ISTAT SITUAS report 105
111069,Sant'Andrea Frius,current_name,,2021-12-31,ISTAT geometry 2021
111070,Milis,historical_name,,1974-08-20,ISTAT SITUAS report 105
111070,Sant'Anna Arresi,current_name,,2021-12-31,ISTAT geometry 2021
111071,Mogorella,historical_name,,1974-08-20,ISTAT SITUAS report 105
111071,Sant'Antioco,current_name,,2021-12-31,ISTAT geometry 2021
111072,Monastir,historical_name,,1974-08-20,ISTAT SITUAS report 105
111072,Sardara,current_name,,2021-12-31,ISTAT geometry 2021
111073,Muravera,historical_name,,1974-08-20,ISTAT SITUAS report 105
111073,Segariu,current_name,,2021-12-31,ISTAT geometry 2021
111074,Narbolia,historical_name,,1974-08-20,ISTAT SITUAS report 105
111074,Selegas,current_name,,2021-12-31,ISTAT geometry 2021
111075,Narcao,historical_name,,1974-08-20,ISTAT SITUAS report 105
111075,Senorbì,current_name,,2021-12-31,ISTAT geometry 2021
111076,Neoneli,historical_name,,1974-08-20,ISTAT SITUAS report 105
111076,Serdiana,current_name,,2021-12-31,ISTAT geometry 2021
111077,Norbello,historical_name,,1974-08-20,ISTAT SITUAS report 105
111077,Serramanna,current_name,,2021-12-31,ISTAT geometry 2021
111078,Nughedu Santa Vittoria,historical_name,,1974-08-20,ISTAT SITUAS report 105
111078,Serrenti,current_name,,2021-12-31,ISTAT geometry 2021
111079,Senorbì,historical_name,,1974-08-20,ISTAT SITUAS report 105
111079,Serri,current_name,,2021-12-31,ISTAT geometry 2021
111080,Nureci,historical_name,,1974-08-20,ISTAT SITUAS report 105
111080,Setzu,current_name,,2021-12-31,ISTAT geometry 2021
111081,Seui,current_name,,2021-12-31,ISTAT geometry 2021
111082,Serdiana,historical_name,,1974-08-20,ISTAT SITUAS report 105
111082,Seulo,current_name,,2021-12-31,ISTAT geometry 2021
111083,Nuxis,historical_name,,1974-08-20,ISTAT SITUAS report 105
111083,Siddi,current_name,,2021-12-31,ISTAT geometry 2021
111084,Albagiara,historical_name,,1974-08-20,ISTAT SITUAS report 105
111084,Siliqua,current_name,,2021-12-31,ISTAT geometry 2021
111085,Ollastra Simaxis,historical_name,,1974-08-20,ISTAT SITUAS report 105
111085,Silius,current_name,,2021-12-31,ISTAT geometry 2021
111086,Donigala,historical_name,,1862-10-15,ISTAT SITUAS report 104
111086,Donigala Siurgus,historical_name,,1862-10-15,ISTAT SITUAS report 104
111086,Ortacesus,historical_name,,1974-08-20,ISTAT SITUAS report 105
111086,Siurgus Donigala,current_name,,2021-12-31,ISTAT geometry 2021
111087,Pabillonis,historical_name,,1974-08-20,ISTAT SITUAS report 105
111087,Soleminis,current_name,,2021-12-31,ISTAT geometry 2021
111088,Palmas Arborea,historical_name,,1974-08-20,ISTAT SITUAS report 105
111088,Suelli,current_name,,2021-12-31,ISTAT geometry 2021
111089,Pau,historical_name,,1974-08-20,ISTAT SITUAS report 105
111089,Teulada,current_name,,2021-12-31,ISTAT geometry 2021
111090,Pauli Arbarei,historical_name,,1974-08-20,ISTAT SITUAS report 105
111090,Tratalias,current_name,,2021-12-31,ISTAT geometry 2021
111091,Paulilatino,historical_name,,1974-08-20,ISTAT SITUAS report 105
111091,Tuili,current_name,,2021-12-31,ISTAT geometry 2021
111092,Perdaxius,historical_name,,1974-08-20,ISTAT SITUAS report 105
111092,Turri,current_name,,2021-12-31,ISTAT geometry 2021
111093,Pimentel,historical_name,,1974-08-20,ISTAT SITUAS report 105
111093,Ussana,current_name,,2021-12-31,ISTAT geometry 2021
111094,Portoscuso,historical_name,,1974-08-20,ISTAT SITUAS report 105
111094,Ussaramanna,current_name,,2021-12-31,ISTAT geometry 2021
111095,Quartu Sant'Elena,historical_name,,1974-08-20,ISTAT SITUAS report 105
111095,Vallermosa,current_name,,2021-12-31,ISTAT geometry 2021
111096,Riola Sardo,historical_name,,1974-08-20,ISTAT SITUAS report 105
111096,Villacidro,current_name,,2021-12-31,ISTAT geometry 2021
111097,Ruinas,historical_name,,1974-08-20,ISTAT SITUAS report 105
111097,Villamar,current_name,,2021-12-31,ISTAT geometry 2021
111098,Samassi,historical_name,,1974-08-20,ISTAT SITUAS report 105
111098,Villamassargia,current_name,,2021-12-31,ISTAT geometry 2021
111099,Serramanna,historical_name,,1974-08-20,ISTAT SITUAS report 105
111099,Villanova Tulo,current_name,,2021-12-31,ISTAT geometry 2021
111100,Samatzai,historical_name,,1974-08-20,ISTAT SITUAS report 105
111100,Villanovaforru,current_name,,2021-12-31,ISTAT geometry 2021
111101,Samugheo,historical_name,,1974-08-20,ISTAT SITUAS report 105
111101,Villanovafranca,current_name,,2021-12-31,ISTAT geometry 2021
111102,Santadi,historical_name,,1974-08-20,ISTAT SITUAS report 105
111102,Villaperuccio,current_name,,2021-12-31,ISTAT geometry 2021
111103,San Basilio,historical_name,,1974-08-20,ISTAT SITUAS report 105
111103,Villaputzu,current_name,,2021-12-31,ISTAT geometry 2021
111103,Villautzu,election_source_name,1999-06-13,1999-06-13,official election source label
111104,San Gavino Monreale,historical_name,,1974-08-20,ISTAT SITUAS report 105
111104,Villasalto,current_name,,2021-12-31,ISTAT geometry 2021
111105,Carbonara,historical_name,,1862-10-15,ISTAT SITUAS report 104
111105,Sanluri,historical_name,,1974-08-20,ISTAT SITUAS report 105
111105,Villasimius,current_name,,2021-12-31,ISTAT geometry 2021
111106,San Nicolò d'Arcidano,historical_name,,1974-08-20,ISTAT SITUAS report 105
111106,Villasor,current_name,,2021-12-31,ISTAT geometry 2021
111107,San Nicolò Gerrei,historical_name,,1974-08-20,ISTAT SITUAS report 105
111107,Villaspeciosa,current_name,,2021-12-31,ISTAT geometry 2021
